Order ID,Order Date,Customer ID,Customer Name,City,State,Product,Category,Quantity,Unit Price,Discount,Sales Amount,Payment Method,Order Status,Delivery Days,Original Sales Amount
ORD101038,2025-08-17,CUST1067,Customer 214,Bengaluru,Karnataka,Office Chair,Furniture,2,9000,0.05,17100.0,UPI,Returned,,17100.0
ORD102393,2025-01-25,CUST1488,Customer 88,Ahmedabad,Gujarat,Office Chair,Furniture,1,9000,0.0,9000.0,Net Banking,Cancelled,,9000.0
ORD101310,2025-06-07,CUST1395,Customer 96,Hyderabad,Telangana,T-Shirt,Fashion,2,900,0.1,1620.0,Credit Card,Delivered,3.0,1620.0
ORD101148,2025-05-07,CUST1496,Customer 425,Chennai,Tamil Nadu,Laptop,Electronics,1,55000,0.1,49500.0,Net Banking,Delivered,2.0,49500.0
ORD101353,2025-01-27,CUST1157,Customer 487,Delhi,Delhi,Laptop,Electronics,1,55000,0.0,55000.0,Credit Card,Returned,,55000.0
ORD102637,2025-03-27,CUST1341,Customer 108,Pune,Maharashtra,Laptop,Electronics,1,55000,0.2,44000.0,UPI,Returned,,44000.0
ORD102919,2025-05-05,CUST1112,Customer 212,Pune,Maharashtra,T-Shirt,Fashion,1,900,0.1,810.0,UPI,Delivered,4.0,810.0
ORD102522,2025-02-17,CUST1003,Customer 243,Pune,Maharashtra,T-Shirt,Fashion,1,900,0.0,900.0,Net Banking,Returned,,900.0
ORD101082,2025-08-19,CUST1336,Customer 63,Delhi,Delhi,Laptop,Electronics,2,55000,0.05,104500.0,UPI,Delivered,4.0,104500.0
ORD100894,2025-11-08,CUST1289,Customer 462,Bengaluru,Karnataka,Office Chair,Furniture,1,9000,0.0,9000.0,UPI,Delivered,5.0,9000.0
ORD100384,2025-01-20,CUST1149,Customer 599,Bengaluru,Karnataka,Backpack,Accessories,2,1800,0.0,3600.0,Cash on Delivery,Returned,,3600.0
ORD100101,2025-05-16,CUST1142,Customer 86,Ahmedabad,Gujarat,Office Chair,Furniture,1,9000,0.1,8100.0,Net Banking,Cancelled,,8100.0
ORD100412,2025-09-21,CUST1522,Customer 80,Hyderabad,Telangana,Coffee Maker,Home Appliances,1,5200,0.0,5200.0,Debit Card,Cancelled,,5200.0
ORD103793,2025-02-15,CUST1257,Customer 494,Mumbai,Maharashtra,Coffee Maker,Home Appliances,1,5200,0.0,5200.0,UPI,Returned,,5200.0
ORD100117,2025-03-03,CUST1542,Customer 596,Kolkata,West Bengal,T-Shirt,Fashion,1,900,0.0,900.0,Net Banking,Delivered,1.0,900.0
ORD100011,2025-11-27,CUST1325,Customer 522,Bengaluru,Karnataka,Running Shoes,Fashion,1,4500,0.1,4050.0,UPI,Delivered,1.0,4050.0
ORD102475,2025-07-02,CUST1057,Customer 400,Pune,Maharashtra,Smartphone,Electronics,2,28000,0.15,47600.0,Debit Card,Delivered,3.0,47600.0
ORD101412,2025-03-02,CUST1526,Customer 468,Bengaluru,Karnataka,Smartwatch,Electronics,1,6500,0.0,6500.0,Credit Card,Delivered,3.0,6500.0
ORD101658,2025-01-23,CUST1378,Customer 412,Pune,Maharashtra,Office Chair,Furniture,1,9000,0.2,7200.0,Debit Card,Delivered,2.0,7200.0
ORD103663,2025-07-10,CUST1623,Customer 221,Delhi,Delhi,Smartwatch,Electronics,2,6500,0.2,10400.0,Credit Card,Delivered,2.0,10400.0
ORD100262,2025-04-22,CUST1016,Customer 258,Kolkata,West Bengal,Laptop,Electronics,1,55000,0.1,49500.0,Net Banking,Cancelled,,49500.0
ORD102988,2025-08-08,CUST1525,Customer 25,Jaipur,Rajasthan,Desk,Furniture,1,12000,0.1,10800.0,Cash on Delivery,Cancelled,,10800.0
ORD100287,2025-08-15,CUST1046,Customer 95,Pune,Maharashtra,Headphones,Electronics,1,2500,0.1,2250.0,Credit Card,Delivered,5.0,2250.0
ORD103378,2025-10-17,CUST1493,Customer 316,Mumbai,Maharashtra,Desk,Furniture,1,12000,0.1,10800.0,Cash on Delivery,Cancelled,,10800.0
ORD101473,2025-01-14,CUST1225,Customer 186,Chennai,Tamil Nadu,Office Chair,Furniture,1,9000,0.0,9000.0,Credit Card,Delivered,1.0,9000.0
ORD100058,2025-09-21,CUST1152,Customer 476,Chennai,Tamil Nadu,Running Shoes,Fashion,1,4500,0.0,4500.0,Credit Card,Delivered,1.0,4500.0
ORD101880,2025-08-26,CUST1100,Customer 479,Ahmedabad,Gujarat,Coffee Maker,Home Appliances,1,5200,0.0,5200.0,Cash on Delivery,Delivered,4.0,5200.0
ORD103098,2025-09-08,CUST1479,Customer 603,Ahmedabad,Gujarat,Backpack,Accessories,1,1800,0.05,1710.0,Net Banking,Returned,,1710.0
ORD103442,2025-06-11,CUST1580,Customer 66,Mumbai,Maharashtra,Office Chair,Furniture,1,9000,0.2,7200.0,Credit Card,Cancelled,,7200.0
ORD101219,2025-07-30,CUST1370,Customer 220,Chennai,Tamil Nadu,Laptop,Electronics,1,55000,0.1,49500.0,Credit Card,Returned,,49500.0
ORD103452,2025-12-07,CUST1584,Customer 103,Chennai,Tamil Nadu,Mixer Grinder,Home Appliances,1,3800,0.05,3610.0,UPI,Cancelled,,3610.0
ORD103838,2025-09-01,CUST1306,Customer 427,Chennai,Tamil Nadu,T-Shirt,Fashion,1,900,0.05,855.0,Net Banking,Delivered,3.0,855.0
ORD103187,2025-06-23,CUST1541,Customer 568,Delhi,Delhi,Mixer Grinder,Home Appliances,2,3800,0.05,7220.0,Credit Card,Delivered,4.0,7220.0
ORD100766,2025-02-08,CUST1478,Customer 255,Hyderabad,Telangana,Backpack,Accessories,2,1800,0.05,3420.0,Debit Card,Delivered,3.0,3420.0
ORD100982,2025-11-22,CUST1074,Customer 511,Delhi,Delhi,Smartphone,Electronics,2,28000,0.0,56000.0,UPI,Delivered,5.0,56000.0
ORD103915,2025-08-14,CUST1054,Customer 616,Jaipur,Rajasthan,Running Shoes,Fashion,1,4500,0.0,4500.0,Credit Card,Delivered,2.0,4500.0
ORD103879,2025-08-21,CUST1608,Customer 543,Kolkata,West Bengal,Keyboard,Accessories,2,2200,0.0,4400.0,Net Banking,Delivered,4.0,4400.0
ORD103379,2025-06-05,CUST1318,Customer 410,Jaipur,Rajasthan,Laptop,Electronics,2,55000,0.0,110000.0,Debit Card,Delivered,1.0,110000.0
ORD101122,2025-05-28,CUST1052,Customer 574,Chennai,Tamil Nadu,Laptop,Electronics,1,55000,0.0,55000.0,Cash on Delivery,Delivered,5.0,55000.0
ORD102808,2025-02-18,CUST1296,Customer 341,Mumbai,Maharashtra,Smartwatch,Electronics,3,6500,0.0,19500.0,Net Banking,Returned,,19500.0
ORD102011,2025-01-01,CUST1479,Customer 201,Ahmedabad,Gujarat,Keyboard,Accessories,2,2200,0.1,3960.0,Credit Card,Delivered,5.0,3960.0
ORD103284,2025-08-28,CUST1088,Customer 629,Mumbai,Maharashtra,T-Shirt,Fashion,1,900,0.1,810.0,Net Banking,Delivered,2.0,810.0
ORD100528,2025-09-21,CUST1069,Customer 345,Pune,Maharashtra,Headphones,Electronics,1,2500,0.0,2500.0,Credit Card,Delivered,1.0,2500.0
ORD101702,2025-07-12,CUST1477,Customer 103,Kochi,Kerala,Laptop,Electronics,1,55000,0.0,55000.0,Cash on Delivery,Returned,,55000.0
ORD101213,2025-02-18,CUST1101,Customer 31,Jaipur,Rajasthan,Running Shoes,Fashion,2,4500,0.0,9000.0,Cash on Delivery,Delivered,2.0,9000.0
ORD102708,2025-07-05,CUST1602,Customer 312,Chennai,Tamil Nadu,Laptop,Electronics,1,55000,0.1,49500.0,Net Banking,Returned,,49500.0
ORD101119,2025-10-26,CUST1226,Customer 308,Ahmedabad,Gujarat,Smartwatch,Electronics,1,6500,0.0,6500.0,Net Banking,Returned,,6500.0
ORD102736,2025-07-05,CUST1645,Customer 499,Pune,Maharashtra,Laptop,Electronics,1,55000,0.0,55000.0,Cash on Delivery,Delivered,5.0,55000.0
ORD104133,2025-06-28,CUST1586,Customer 452,Chennai,Tamil Nadu,Office Chair,Furniture,1,9000,0.1,8100.0,UPI,Delivered,2.0,8100.0
ORD100364,2025-12-08,CUST1581,Customer 31,Hyderabad,Telangana,Office Chair,Furniture,1,9000,0.1,8100.0,Debit Card,Returned,,8100.0
ORD103472,2025-09-07,CUST1612,Customer 438,Hyderabad,Telangana,Headphones,Electronics,1,2500,0.2,2000.0,Net Banking,Delivered,4.0,2000.0
ORD101661,2025-06-07,CUST1354,Customer 71,Kolkata,West Bengal,Laptop,Electronics,2,55000,0.2,88000.0,Debit Card,Returned,,88000.0
ORD103209,2025-12-08,CUST1443,Customer 218,Kolkata,West Bengal,T-Shirt,Fashion,1,900,0.05,855.0,Debit Card,Cancelled,,855.0
ORD100888,2025-03-19,CUST1435,Customer 43,Pune,Maharashtra,Desk,Furniture,1,12000,0.15,10200.0,UPI,Delivered,2.0,10200.0
ORD100915,2025-01-25,CUST1269,Customer 637,Mumbai,Maharashtra,Smartwatch,Electronics,2,6500,0.1,11700.0,Net Banking,Delivered,5.0,11700.0
ORD101605,2025-11-24,CUST1452,Customer 506,Chennai,Tamil Nadu,Smartwatch,Electronics,1,6500,0.05,6175.0,Cash on Delivery,Delivered,3.0,6175.0
ORD100718,2025-08-30,CUST1596,Customer 134,Kochi,Kerala,Running Shoes,Fashion,1,4500,0.1,4050.0,Cash on Delivery,Delivered,2.0,4050.0
ORD103312,2025-05-23,CUST1439,Customer 543,Jaipur,Rajasthan,Smartwatch,Electronics,1,6500,0.0,6500.0,UPI,Delivered,4.0,6500.0
ORD102183,2025-03-15,CUST1221,Customer 157,Bengaluru,Karnataka,Mixer Grinder,Home Appliances,1,3800,0.0,3800.0,Cash on Delivery,Delivered,5.0,3800.0
ORD101862,2025-07-27,CUST1344,Customer 424,Bengaluru,Karnataka,Smartwatch,Electronics,1,6500,0.15,5525.0,UPI,Returned,,5525.0
ORD103188,2025-02-16,CUST1423,Customer 462,Chennai,Tamil Nadu,Smartwatch,Electronics,1,6500,0.0,6500.0,Net Banking,Delivered,5.0,6500.0
ORD102154,2025-07-22,CUST1022,Customer 305,Chennai,Tamil Nadu,Desk,Furniture,1,12000,0.05,11400.0,Net Banking,Cancelled,,11400.0
ORD103665,2025-07-24,CUST1124,Customer 619,Delhi,Delhi,Office Chair,Furniture,1,9000,0.05,8550.0,Cash on Delivery,Delivered,3.0,8550.0
ORD102756,2025-07-11,CUST1378,Customer 373,Ahmedabad,Gujarat,Desk,Furniture,2,12000,0.0,24000.0,Net Banking,Cancelled,,24000.0
ORD100183,2025-05-17,CUST1627,Customer 39,Kochi,Kerala,Headphones,Electronics,1,2500,0.05,2375.0,Credit Card,Returned,,2375.0
ORD100225,2025-05-03,CUST1540,Customer 154,Hyderabad,Telangana,Smartwatch,Electronics,1,6500,0.0,6500.0,Net Banking,Cancelled,,6500.0
ORD102856,2025-03-25,CUST1180,Customer 415,Mumbai,Maharashtra,Office Chair,Furniture,2,9000,0.0,18000.0,Net Banking,Delivered,1.0,18000.0
ORD103599,2025-09-17,CUST1084,Customer 263,Ahmedabad,Gujarat,Smartphone,Electronics,1,28000,0.0,28000.0,Net Banking,Delivered,1.0,28000.0
ORD103072,2025-01-01,CUST1308,Customer 330,Pune,Maharashtra,Running Shoes,Fashion,1,4500,0.0,4500.0,UPI,Delivered,2.0,4500.0
ORD103672,2025-09-05,CUST1061,Customer 209,Kolkata,West Bengal,Office Chair,Furniture,2,9000,0.0,18000.0,Credit Card,Cancelled,,18000.0
ORD103686,2025-10-21,CUST1389,Customer 12,Chennai,Tamil Nadu,T-Shirt,Fashion,1,900,0.1,810.0,Debit Card,Delivered,1.0,810.0
ORD101711,2025-07-23,CUST1145,Customer 315,Hyderabad,Telangana,Laptop,Electronics,1,55000,0.1,49500.0,UPI,Delivered,5.0,49500.0
ORD103309,2025-08-13,CUST1556,Customer 321,Kochi,Kerala,T-Shirt,Fashion,2,900,0.0,1800.0,UPI,Delivered,4.0,1800.0
ORD102602,2025-01-10,CUST1485,Customer 383,Delhi,Delhi,Backpack,Accessories,1,1800,0.0,1800.0,Net Banking,Delivered,5.0,1800.0
ORD103740,2025-01-28,CUST1583,Customer 422,Hyderabad,Telangana,Keyboard,Accessories,1,2200,0.05,2090.0,Credit Card,Returned,,2090.0
ORD100025,2025-11-10,CUST1114,Customer 397,Kolkata,West Bengal,T-Shirt,Fashion,2,900,0.05,1710.0,Credit Card,Delivered,1.0,1710.0
ORD103383,2025-11-17,CUST1075,Customer 138,Delhi,Delhi,T-Shirt,Fashion,2,900,0.15,1530.0,UPI,Delivered,3.0,1530.0
ORD100495,2025-09-14,CUST1460,Customer 347,Chennai,Tamil Nadu,Coffee Maker,Home Appliances,1,5200,0.1,4680.0,Cash on Delivery,Delivered,5.0,4680.0
ORD100158,2025-10-11,CUST1008,Customer 189,Pune,Maharashtra,Keyboard,Accessories,1,2200,0.1,1980.0,UPI,Cancelled,,1980.0
ORD102135,2025-05-13,CUST1203,Customer 402,Kolkata,West Bengal,Desk,Furniture,1,12000,0.0,12000.0,Net Banking,Cancelled,,12000.0
ORD103096,2025-08-13,CUST1556,Customer 297,Hyderabad,Telangana,Smartwatch,Electronics,1,6500,0.05,6175.0,Net Banking,Delivered,3.0,6175.0
ORD101233,2025-04-23,CUST1465,Customer 87,Kolkata,West Bengal,Office Chair,Furniture,1,9000,0.05,8550.0,UPI,Cancelled,,8550.0
ORD102876,2025-11-10,CUST1225,Customer 242,Delhi,Delhi,Keyboard,Accessories,1,2200,0.0,2200.0,Cash on Delivery,Delivered,1.0,2200.0
ORD102164,2025-01-27,CUST1536,Customer 49,Mumbai,Maharashtra,Backpack,Accessories,1,1800,0.05,1710.0,Net Banking,Returned,,1710.0
ORD100053,2025-09-22,CUST1593,Customer 289,Ahmedabad,Gujarat,Backpack,Accessories,1,1800,0.1,1620.0,Credit Card,Cancelled,,1620.0
ORD102315,2025-04-16,CUST1539,Customer 649,Bengaluru,Karnataka,Smartwatch,Electronics,1,6500,0.0,6500.0,Net Banking,Returned,,6500.0
ORD103171,2025-05-29,CUST1535,Customer 642,Kolkata,West Bengal,Backpack,Accessories,1,1800,0.0,1800.0,Credit Card,Delivered,4.0,1800.0
ORD101371,2025-07-12,CUST1031,Customer 534,Kochi,Kerala,Smartphone,Electronics,1,28000,0.1,25200.0,UPI,Delivered,4.0,25200.0
ORD100489,2025-10-17,CUST1511,Customer 561,Kochi,Kerala,Running Shoes,Fashion,1,4500,0.0,4500.0,Credit Card,Cancelled,,4500.0
ORD100895,2025-01-07,CUST1140,Customer 278,Delhi,Delhi,Mixer Grinder,Home Appliances,1,3800,0.05,3610.0,Credit Card,Delivered,4.0,3610.0
ORD103827,2025-07-06,CUST1087,Customer 228,Ahmedabad,Gujarat,Smartphone,Electronics,1,28000,0.1,25200.0,Net Banking,Delivered,4.0,25200.0
ORD103396,2025-04-26,CUST1009,Customer 631,Chennai,Tamil Nadu,Running Shoes,Fashion,1,4500,0.05,4275.0,Credit Card,Cancelled,,4275.0
ORD100490,2025-06-29,CUST1638,Customer 475,Chennai,Tamil Nadu,T-Shirt,Fashion,1,900,0.05,855.0,Cash on Delivery,Cancelled,,855.0
ORD101926,2025-12-01,CUST1301,Customer 388,Ahmedabad,Gujarat,Smartwatch,Electronics,1,6500,0.15,5525.0,Net Banking,Delivered,1.0,5525.0
ORD101196,2025-06-26,CUST1577,Customer 289,Jaipur,Rajasthan,Desk,Furniture,1,12000,0.15,10200.0,Credit Card,Delivered,4.0,10200.0
ORD102651,2025-03-29,CUST1583,Customer 338,Pune,Maharashtra,Running Shoes,Fashion,0,4500,0.1,0.0,Credit Card,Delivered,4.0,8100.0
ORD104098,2025-10-07,CUST1572,Customer 266,Hyderabad,Telangana,Office Chair,Furniture,1,9000,0.1,8100.0,Cash on Delivery,Delivered,5.0,8100.0
ORD101910,2025-01-24,CUST1463,Customer 350,Jaipur,Rajasthan,Smartphone,Electronics,1,28000,0.15,23800.0,UPI,Delivered,2.0,23800.0
ORD103606,2025-06-22,CUST1541,Customer 381,Jaipur,Rajasthan,Backpack,Accessories,2,1800,0.0,3600.0,Net Banking,Delivered,3.0,3600.0
ORD100422,2025-02-16,CUST1378,Customer 446,Chennai,Tamil Nadu,Coffee Maker,Home Appliances,1,5200,0.0,5200.0,Debit Card,Delivered,1.0,5200.0
ORD101087,2025-09-11,CUST1440,Customer 257,Bengaluru,Karnataka,Keyboard,Accessories,1,2200,0.05,2090.0,Cash on Delivery,Delivered,4.0,2090.0
ORD100624,2025-08-05,CUST1584,Customer 570,Kolkata,West Bengal,T-Shirt,Fashion,1,900,0.0,900.0,Net Banking,Delivered,3.0,900.0
ORD101071,2025-04-14,CUST1164,Customer 361,Pune,Maharashtra,Smartwatch,Electronics,1,6500,0.0,6500.0,UPI,Delivered,5.0,6500.0
ORD104178,2025-04-12,CUST1374,Customer 564,Ahmedabad,Gujarat,Keyboard,Accessories,1,2200,0.1,1980.0,Debit Card,Returned,,1980.0
ORD100994,2025-05-22,CUST1141,Customer 607,Kolkata,West Bengal,Running Shoes,Fashion,1,4500,0.2,3600.0,Cash on Delivery,Delivered,2.0,3600.0
ORD104128,2025-04-13,CUST1389,Customer 469,Hyderabad,Telangana,Smartphone,Electronics,1,28000,0.0,28000.0,Debit Card,Delivered,2.0,28000.0
ORD101591,2025-05-03,CUST1169,Customer 343,Delhi,Delhi,Coffee Maker,Home Appliances,1,5200,0.05,4940.0,Net Banking,Cancelled,,4940.0
ORD100403,2025-02-27,CUST1259,Customer 335,Bengaluru,Karnataka,Mixer Grinder,Home Appliances,1,3800,0.1,3420.0,Unknown,Cancelled,,3420.0
ORD101469,2025-03-23,CUST1140,Customer 115,Kochi,Kerala,Smartphone,Electronics,2,28000,0.0,56000.0,UPI,Delivered,2.0,56000.0
ORD101895,2025-11-08,CUST1545,Customer 62,Kolkata,West Bengal,Smartphone,Electronics,1,28000,0.0,28000.0,UPI,Cancelled,,28000.0
ORD103834,2025-06-02,CUST1436,Customer 645,Jaipur,Rajasthan,Keyboard,Accessories,1,2200,0.1,1980.0,Debit Card,Delivered,2.0,1980.0
ORD102789,2025-03-02,CUST1476,Customer 560,Kochi,Kerala,Keyboard,Accessories,1,2200,0.0,2200.0,Cash on Delivery,Delivered,5.0,2200.0
ORD102995,2025-09-17,CUST1452,Customer 565,Bengaluru,Karnataka,Keyboard,Accessories,1,2200,0.05,2090.0,Debit Card,Delivered,1.0,2090.0
ORD102089,2025-03-14,CUST1312,Customer 80,Mumbai,Maharashtra,Backpack,Accessories,1,1800,0.1,1620.0,UPI,Delivered,4.0,1620.0
ORD102767,2025-04-23,CUST1624,Customer 142,Delhi,Delhi,Coffee Maker,Home Appliances,2,5200,0.0,10400.0,Cash on Delivery,Delivered,1.0,10400.0
ORD101461,2025-12-01,CUST1217,Customer 42,Delhi,Delhi,Laptop,Electronics,1,55000,0.1,49500.0,Credit Card,Returned,,49500.0
ORD102161,2025-10-17,CUST1165,Customer 218,Bengaluru,Karnataka,T-Shirt,Fashion,1,900,0.0,900.0,UPI,Delivered,4.0,900.0
ORD102510,2025-08-09,CUST1131,Customer 521,Pune,Maharashtra,Keyboard,Accessories,1,2200,0.0,2200.0,Net Banking,Cancelled,,2200.0
ORD102465,2025-07-10,CUST1315,Customer 285,Mumbai,Maharashtra,T-Shirt,Fashion,2,900,0.1,1620.0,Credit Card,Delivered,5.0,1620.0
ORD100522,2025-09-10,CUST1330,Customer 120,Bengaluru,Karnataka,Office Chair,Furniture,1,9000,0.1,8100.0,Debit Card,Delivered,2.0,8100.0
ORD101115,2025-04-25,CUST1168,Customer 145,Chennai,Tamil Nadu,Laptop,Electronics,1,55000,0.0,55000.0,Credit Card,Delivered,1.0,55000.0
ORD102031,2025-10-12,CUST1599,Customer 253,Bengaluru,Karnataka,Laptop,Electronics,1,55000,0.0,55000.0,Debit Card,Delivered,4.0,55000.0
ORD100038,2025-12-30,CUST1204,Customer 520,Delhi,Delhi,Coffee Maker,Home Appliances,1,5200,0.0,5200.0,Credit Card,Cancelled,,5200.0
ORD103846,2025-08-16,CUST1188,Customer 151,Jaipur,Rajasthan,Keyboard,Accessories,2,2200,0.2,3520.0,UPI,Delivered,3.0,3520.0
ORD100436,2025-04-02,CUST1149,Customer 390,Kochi,Kerala,Coffee Maker,Home Appliances,2,5200,0.0,10400.0,Net Banking,Returned,,10400.0
ORD102220,2025-01-19,CUST1090,Customer 505,Ahmedabad,Gujarat,Laptop,Electronics,1,55000,0.1,49500.0,Cash on Delivery,Delivered,2.0,49500.0
ORD101237,2025-11-15,CUST1405,Customer 96,Ahmedabad,Gujarat,Coffee Maker,Home Appliances,1,5200,0.05,4940.0,Debit Card,Delivered,2.0,4940.0
ORD101140,2025-04-14,CUST1169,Customer 642,Pune,Maharashtra,T-Shirt,Fashion,1,900,0.05,855.0,Debit Card,Cancelled,,855.0
ORD103590,2025-09-14,CUST1424,Customer 252,Kochi,Kerala,Coffee Maker,Home Appliances,1,5200,0.05,4940.0,Credit Card,Delivered,5.0,4940.0
ORD101040,2025-11-12,CUST1075,Customer 535,Delhi,Delhi,Mixer Grinder,Home Appliances,1,3800,0.1,3420.0,UPI,Delivered,1.0,3420.0
ORD102400,2025-09-27,CUST1077,Customer 209,Chennai,Tamil Nadu,Headphones,Electronics,1,2500,0.05,2375.0,Cash on Delivery,Delivered,1.0,2375.0
ORD102431,2025-10-14,CUST1576,Customer 70,Hyderabad,Telangana,Backpack,Accessories,2,1800,0.0,3600.0,Credit Card,Delivered,5.0,3600.0
ORD101440,2025-05-29,CUST1308,Customer 367,Bengaluru,Karnataka,Keyboard,Accessories,1,2200,0.2,1760.0,UPI,Delivered,2.0,1760.0
ORD102000,2025-11-08,CUST1278,Customer 516,Hyderabad,Telangana,Running Shoes,Fashion,2,4500,0.0,9000.0,Net Banking,Delivered,4.0,9000.0
ORD100966,2025-11-18,CUST1401,Customer 571,Kolkata,West Bengal,Laptop,Electronics,1,55000,0.15,46750.0,Credit Card,Delivered,3.0,46750.0
ORD103582,2025-02-06,CUST1148,Customer 207,Kochi,Kerala,Running Shoes,Fashion,1,4500,0.05,4275.0,Debit Card,Delivered,3.0,4275.0
ORD102571,2025-08-08,CUST1256,Customer 88,Kochi,Kerala,Desk,Furniture,3,12000,0.05,34200.0,UPI,Returned,,34200.0
ORD102694,2025-11-10,CUST1434,Customer 63,Pune,Maharashtra,Smartwatch,Electronics,1,6500,0.0,6500.0,Cash on Delivery,Delivered,5.0,6500.0
ORD104051,2025-06-03,CUST1018,Customer 408,Kolkata,West Bengal,Coffee Maker,Home Appliances,1,5200,0.15,4420.0,Debit Card,Delivered,1.0,4420.0
ORD102030,2025-11-02,CUST1233,Customer 30,Kolkata,West Bengal,Coffee Maker,Home Appliances,1,5200,0.05,4940.0,Credit Card,Delivered,4.0,4940.0
ORD103390,2025-05-06,CUST1388,Customer 396,Mumbai,Maharashtra,Coffee Maker,Home Appliances,1,5200,0.05,4940.0,Net Banking,Delivered,1.0,4940.0
ORD102692,2025-08-22,CUST1389,Customer 288,Delhi,Delhi,Office Chair,Furniture,1,9000,0.0,9000.0,Debit Card,Delivered,3.0,9000.0
ORD100795,2025-10-13,CUST1078,Customer 472,Jaipur,Rajasthan,Smartwatch,Electronics,1,6500,0.05,6175.0,Net Banking,Delivered,5.0,6175.0
ORD103010,2025-09-17,CUST1380,Customer 421,Chennai,Tamil Nadu,Mixer Grinder,Home Appliances,1,3800,0.0,3800.0,Net Banking,Delivered,3.0,3800.0
ORD101594,2025-07-14,CUST1232,Customer 616,Bengaluru,Karnataka,Coffee Maker,Home Appliances,1,5200,0.0,5200.0,Debit Card,Delivered,2.0,5200.0
ORD104192,2025-01-01,CUST1201,Customer 254,Jaipur,Rajasthan,Office Chair,Furniture,1,9000,0.1,8100.0,Cash on Delivery,Delivered,5.0,8100.0
ORD103695,2025-06-05,CUST1094,Customer 551,Delhi,Delhi,Keyboard,Accessories,2,2200,0.1,3960.0,Net Banking,Delivered,5.0,3960.0
ORD102913,2025-04-22,CUST1221,Customer 560,Mumbai,Maharashtra,Backpack,Accessories,2,1800,0.15,3060.0,Debit Card,Delivered,4.0,3060.0
ORD103408,2025-06-03,CUST1263,Customer 143,Kochi,Kerala,Coffee Maker,Home Appliances,2,5200,0.15,8840.0,Debit Card,Delivered,2.0,8840.0
ORD104084,2025-12-28,CUST1473,Customer 247,Pune,Maharashtra,Smartphone,Electronics,1,28000,0.0,28000.0,Debit Card,Cancelled,,28000.0
ORD102243,2025-03-19,CUST1005,Customer 648,Kochi,Kerala,Mixer Grinder,Home Appliances,1,3800,0.2,3040.0,Net Banking,Delivered,4.0,3040.0
ORD102748,2025-07-30,CUST1140,Customer 477,Kochi,Kerala,Smartphone,Electronics,1,28000,0.1,25200.0,UPI,Delivered,3.0,25200.0
ORD102823,2025-11-22,CUST1048,Customer 95,Ahmedabad,Gujarat,Desk,Furniture,1,12000,0.15,10200.0,Cash on Delivery,Delivered,1.0,10200.0
ORD102316,2025-06-07,CUST1504,Customer 151,Kolkata,West Bengal,Desk,Furniture,1,12000,0.05,11400.0,Credit Card,Delivered,1.0,11400.0
ORD101173,2025-04-27,CUST1081,Customer 87,Delhi,Delhi,Backpack,Accessories,1,1800,0.0,1800.0,Credit Card,Delivered,1.0,1800.0
ORD103785,2025-04-28,CUST1647,Customer 371,Pune,Maharashtra,Smartphone,Electronics,1,28000,0.0,28000.0,Debit Card,Returned,,28000.0
ORD102419,2025-01-31,CUST1560,Customer 76,Bengaluru,Karnataka,Headphones,Electronics,1,2500,0.05,2375.0,Net Banking,Delivered,4.0,2375.0
ORD103301,2025-11-20,CUST1576,Customer 350,Pune,Maharashtra,Desk,Furniture,1,12000,0.0,12000.0,UPI,Delivered,4.0,12000.0
ORD101999,2025-02-13,CUST1586,Customer 167,Kolkata,West Bengal,Laptop,Electronics,1,55000,0.0,55000.0,Net Banking,Delivered,3.0,55000.0
ORD103659,2025-02-22,CUST1485,Customer 436,Kochi,Kerala,Keyboard,Accessories,3,2200,0.05,6270.0,Net Banking,Returned,,6270.0
ORD102973,2025-02-16,CUST1408,Customer 401,Mumbai,Maharashtra,Backpack,Accessories,1,1800,0.0,1800.0,Credit Card,Delivered,2.0,1800.0
ORD102174,2025-01-02,CUST1573,Customer 634,Kolkata,West Bengal,Keyboard,Accessories,1,2200,0.05,2090.0,Credit Card,Cancelled,,2090.0
ORD100617,2025-12-05,CUST1308,Customer 546,Delhi,Delhi,Headphones,Electronics,1,2500,0.0,2500.0,Debit Card,Delivered,3.0,2500.0
ORD101731,2025-10-15,CUST1189,Customer 583,Jaipur,Rajasthan,Smartphone,Electronics,1,28000,0.05,26600.0,Credit Card,Returned,,26600.0
ORD101907,2025-12-16,CUST1107,Customer 560,Kolkata,West Bengal,Backpack,Accessories,1,1800,0.0,1800.0,Credit Card,Delivered,5.0,1800.0
ORD102252,2025-11-19,CUST1105,Customer 466,Kolkata,West Bengal,Office Chair,Furniture,1,9000,0.1,8100.0,Net Banking,Cancelled,,8100.0
ORD103700,2025-05-27,CUST1025,Customer 25,Chennai,Tamil Nadu,Running Shoes,Fashion,1,4500,0.15,3825.0,Net Banking,Delivered,2.0,3825.0
ORD103722,2025-01-13,CUST1305,Customer 284,Kochi,Kerala,Backpack,Accessories,1,1800,0.1,1620.0,UPI,Cancelled,,1620.0
ORD100439,2025-08-17,CUST1136,Customer 464,Hyderabad,Telangana,Smartwatch,Electronics,1,6500,0.05,6175.0,Debit Card,Delivered,1.0,6175.0
ORD104130,2025-11-13,CUST1008,Customer 549,Hyderabad,Telangana,Laptop,Electronics,2,55000,0.0,110000.0,Net Banking,Delivered,1.0,110000.0
ORD103389,2025-07-21,CUST1138,Customer 650,Ahmedabad,Gujarat,Desk,Furniture,1,12000,0.15,10200.0,Credit Card,Delivered,4.0,10200.0
ORD101767,2025-01-27,CUST1102,Customer 626,Ahmedabad,Gujarat,T-Shirt,Fashion,1,900,0.15,765.0,Net Banking,Delivered,4.0,765.0
ORD100936,2025-06-29,CUST1242,Customer 491,Jaipur,Rajasthan,Desk,Furniture,1,12000,0.05,11400.0,UPI,Delivered,4.0,11400.0
ORD100034,2025-09-28,CUST1475,Customer 612,Hyderabad,Telangana,Keyboard,Accessories,1,2200,0.0,2200.0,UPI,Delivered,1.0,2200.0
ORD100200,2025-10-22,CUST1348,Customer 240,Chennai,Tamil Nadu,Desk,Furniture,1,12000,0.1,10800.0,Credit Card,Returned,,10800.0
ORD100857,2025-08-06,CUST1602,Customer 345,Jaipur,Rajasthan,Backpack,Accessories,2,1800,0.05,3420.0,Credit Card,Cancelled,,3420.0
ORD102838,2025-12-08,CUST1126,Customer 359,Kolkata,West Bengal,Keyboard,Accessories,1,2200,0.0,2200.0,UPI,Returned,,2200.0
ORD103113,2025-10-08,CUST1010,Customer 531,Mumbai,Maharashtra,Mixer Grinder,Home Appliances,1,3800,0.05,3610.0,UPI,Delivered,2.0,3610.0
ORD103341,2025-11-07,CUST1133,Customer 264,Kochi,Kerala,Desk,Furniture,1,12000,0.0,12000.0,Cash on Delivery,Delivered,1.0,12000.0
ORD102049,2025-06-06,CUST1156,Customer 336,Jaipur,Rajasthan,Laptop,Electronics,1,55000,0.2,44000.0,Credit Card,Delivered,1.0,44000.0
ORD102981,2025-12-02,CUST1327,Customer 476,Jaipur,Rajasthan,Office Chair,Furniture,1,9000,0.0,9000.0,Debit Card,Cancelled,,9000.0
ORD102742,2025-03-23,CUST1576,Customer 307,Pune,Maharashtra,Headphones,Electronics,1,2500,0.1,2250.0,Net Banking,Delivered,4.0,2250.0
ORD101051,2025-08-25,CUST1421,Customer 553,Delhi,Delhi,Keyboard,Accessories,1,2200,0.15,1870.0,UPI,Delivered,4.0,1870.0
ORD103927,2025-07-21,CUST1530,Customer 221,Pune,Maharashtra,Coffee Maker,Home Appliances,1,5200,0.0,5200.0,Debit Card,Cancelled,,5200.0
ORD104025,2025-03-30,CUST1411,Customer 190,Mumbai,Maharashtra,T-Shirt,Fashion,1,900,0.15,765.0,Credit Card,Delivered,1.0,765.0
ORD103045,2025-06-29,CUST1115,Customer 377,Kochi,Kerala,Desk,Furniture,1,12000,0.15,10200.0,UPI,Cancelled,,10200.0
ORD100357,2025-02-27,CUST1086,Customer 51,Delhi,Delhi,Headphones,Electronics,1,2500,0.05,2375.0,Credit Card,Returned,,2375.0
ORD103392,2025-10-21,CUST1624,Customer 498,Bengaluru,Karnataka,Keyboard,Accessories,1,2200,0.15,1870.0,Credit Card,Delivered,3.0,1870.0
ORD103288,2025-09-07,CUST1400,Customer 399,Chennai,Tamil Nadu,Smartwatch,Electronics,1,6500,0.0,6500.0,Cash on Delivery,Delivered,3.0,6500.0
ORD100362,2025-04-24,CUST1421,Customer 385,Bengaluru,Karnataka,Backpack,Accessories,2,1800,0.05,3420.0,Net Banking,Delivered,4.0,3420.0
ORD101548,2025-03-13,CUST1253,Customer 201,Bengaluru,Karnataka,Office Chair,Furniture,1,9000,0.05,8550.0,Net Banking,Delivered,5.0,8550.0
ORD101407,2025-07-20,CUST1340,Customer 448,Mumbai,Maharashtra,Smartphone,Electronics,1,28000,0.15,23800.0,UPI,Returned,,23800.0
ORD100749,2025-02-22,CUST1351,Customer 599,Chennai,Tamil Nadu,Office Chair,Furniture,1,9000,0.0,9000.0,UPI,Delivered,4.0,9000.0
ORD103845,2025-05-15,CUST1550,Customer 56,Delhi,Delhi,T-Shirt,Fashion,2,900,0.1,1620.0,Cash on Delivery,Delivered,3.0,1620.0
ORD103626,2025-10-22,CUST1184,Unknown Customer,Kochi,Kerala,T-Shirt,Fashion,2,900,0.1,1620.0,UPI,Cancelled,,1620.0
ORD100409,2025-09-28,CUST1032,Customer 87,Delhi,Delhi,Laptop,Electronics,1,55000,0.1,49500.0,UPI,Delivered,5.0,49500.0
ORD102901,2025-03-27,CUST1279,Customer 397,Mumbai,Maharashtra,Smartwatch,Electronics,1,6500,0.15,5525.0,Cash on Delivery,Delivered,5.0,5525.0
ORD102686,2025-08-19,CUST1571,Customer 529,Ahmedabad,Gujarat,Headphones,Electronics,1,2500,0.1,2250.0,Debit Card,Delivered,4.0,2250.0
ORD103361,2025-12-20,CUST1594,Customer 442,Chennai,Tamil Nadu,Running Shoes,Fashion,1,4500,0.1,4050.0,Debit Card,Delivered,1.0,4050.0
ORD101712,2025-06-13,CUST1077,Customer 539,Ahmedabad,Gujarat,Office Chair,Furniture,2,9000,0.15,15300.0,Debit Card,Cancelled,,15300.0
ORD101438,2025-12-05,CUST1608,Customer 203,Pune,Maharashtra,Mixer Grinder,Home Appliances,1,3800,0.0,3800.0,Credit Card,Delivered,1.0,3800.0
ORD103784,2025-02-18,CUST1438,Customer 266,Kolkata,West Bengal,Backpack,Accessories,1,1800,0.1,1620.0,Credit Card,Delivered,1.0,1620.0
ORD102190,2025-02-05,CUST1412,Customer 250,Delhi,Delhi,Running Shoes,Fashion,1,4500,0.1,4050.0,UPI,Returned,,4050.0
ORD102223,2025-06-16,CUST1559,Customer 434,Bengaluru,Karnataka,Office Chair,Furniture,1,9000,0.0,9000.0,Net Banking,Delivered,3.0,9000.0
ORD101139,2025-04-21,CUST1145,Customer 10,Kolkata,West Bengal,Desk,Furniture,1,12000,0.05,11400.0,Net Banking,Delivered,3.0,11400.0
ORD100927,2025-04-21,CUST1214,Customer 307,Ahmedabad,Gujarat,Headphones,Electronics,2,2500,0.0,5000.0,Net Banking,Delivered,4.0,5000.0
ORD100797,2025-12-13,CUST1206,Customer 234,Pune,Maharashtra,Office Chair,Furniture,1,9000,0.0,9000.0,Credit Card,Delivered,2.0,9000.0
ORD102378,2025-06-07,CUST1412,Customer 246,Chennai,Tamil Nadu,Desk,Furniture,3,12000,0.1,32400.0,Debit Card,Delivered,4.0,32400.0
ORD103773,2025-05-29,CUST1416,Customer 24,Bengaluru,Karnataka,Coffee Maker,Home Appliances,1,5200,0.05,4940.0,Cash on Delivery,Delivered,3.0,4940.0
ORD100820,2025-08-23,CUST1223,Customer 468,Ahmedabad,Gujarat,Keyboard,Accessories,1,2200,0.1,1980.0,UPI,Delivered,2.0,1980.0
ORD104172,2025-11-20,CUST1594,Customer 152,Jaipur,Rajasthan,Coffee Maker,Home Appliances,1,5200,0.0,5200.0,Cash on Delivery,Delivered,4.0,5200.0
ORD101713,2025-09-08,CUST1359,Customer 277,Ahmedabad,Gujarat,Desk,Furniture,1,12000,0.1,10800.0,Debit Card,Delivered,1.0,10800.0
ORD100280,2025-06-10,CUST1564,Customer 529,Chennai,Tamil Nadu,Mixer Grinder,Home Appliances,2,3800,0.05,7220.0,Cash on Delivery,Delivered,5.0,7220.0
ORD102126,2025-03-26,CUST1035,Customer 157,Kochi,Kerala,Running Shoes,Fashion,1,4500,0.0,4500.0,UPI,Delivered,4.0,4500.0
ORD103372,2025-02-17,CUST1430,Customer 468,Mumbai,Maharashtra,Coffee Maker,Home Appliances,1,5200,0.0,5200.0,UPI,Delivered,1.0,5200.0
ORD101270,2025-03-19,CUST1221,Customer 567,Hyderabad,Telangana,Keyboard,Accessories,2,2200,0.1,3960.0,Debit Card,Delivered,4.0,3960.0
ORD102324,2025-01-30,CUST1475,Customer 618,Bengaluru,Karnataka,Headphones,Electronics,1,2500,0.0,2500.0,Net Banking,Cancelled,,2500.0
ORD101147,2025-11-24,CUST1270,Customer 508,Kochi,Kerala,Laptop,Electronics,2,55000,0.0,110000.0,Net Banking,Delivered,4.0,110000.0
ORD104003,2025-06-19,CUST1101,Customer 647,Chennai,Tamil Nadu,Mixer Grinder,Home Appliances,2,3800,0.1,6840.0,Credit Card,Delivered,5.0,6840.0
ORD102422,2025-05-26,CUST1530,Customer 550,Hyderabad,Telangana,Keyboard,Accessories,1,2200,0.0,2200.0,Cash on Delivery,Returned,,2200.0
ORD103263,2025-10-04,CUST1517,Customer 316,Kochi,Kerala,Office Chair,Furniture,1,9000,0.1,8100.0,Net Banking,Cancelled,,8100.0
ORD103691,2025-09-21,CUST1134,Customer 178,Delhi,Delhi,Mixer Grinder,Home Appliances,2,3800,0.15,6460.0,Net Banking,Returned,,6460.0
ORD104132,2025-01-03,CUST1560,Customer 179,Jaipur,Rajasthan,Desk,Furniture,1,12000,0.15,10200.0,Net Banking,Returned,,10200.0
ORD101752,2025-11-16,CUST1248,Customer 241,Jaipur,Rajasthan,Smartwatch,Electronics,1,6500,0.1,5850.0,Credit Card,Returned,,5850.0
ORD101627,2025-12-13,CUST1541,Customer 358,Mumbai,Maharashtra,Headphones,Electronics,1,2500,0.1,2250.0,Debit Card,Delivered,5.0,2250.0
ORD101298,2025-09-18,CUST1607,Customer 25,Mumbai,Maharashtra,Backpack,Accessories,1,1800,0.0,1800.0,UPI,Delivered,2.0,1800.0
ORD101065,2025-05-23,CUST1403,Customer 205,Delhi,Delhi,Mixer Grinder,Home Appliances,1,3800,0.0,3800.0,Debit Card,Delivered,4.0,3800.0
ORD103102,2025-02-15,CUST1463,Customer 244,Hyderabad,Telangana,Backpack,Accessories,1,1800,0.0,1800.0,Net Banking,Delivered,2.0,1800.0
ORD103860,2025-06-06,CUST1347,Customer 349,Kolkata,West Bengal,Laptop,Electronics,1,55000,0.05,52250.0,Net Banking,Delivered,1.0,52250.0
ORD102041,2025-10-28,CUST1577,Customer 521,Delhi,Delhi,Smartwatch,Electronics,2,6500,0.15,11050.0,Cash on Delivery,Delivered,4.0,11050.0
ORD100132,2025-12-25,CUST1396,Customer 334,Mumbai,Maharashtra,T-Shirt,Fashion,2,900,0.1,1620.0,Credit Card,Cancelled,,1620.0
ORD100923,2025-04-19,CUST1223,Customer 636,Kochi,Kerala,T-Shirt,Fashion,1,900,0.05,855.0,Cash on Delivery,Delivered,5.0,855.0
ORD100337,2025-08-21,CUST1034,Customer 145,Pune,Maharashtra,Running Shoes,Fashion,1,4500,0.05,4275.0,UPI,Cancelled,,4275.0
ORD102386,2025-03-07,CUST1347,Customer 594,Chennai,Tamil Nadu,Smartphone,Electronics,1,28000,0.1,25200.0,Cash on Delivery,Returned,,25200.0
ORD102421,2025-01-20,CUST1598,Customer 477,Pune,Maharashtra,T-Shirt,Fashion,1,900,0.0,900.0,Debit Card,Delivered,4.0,900.0
ORD103652,2025-01-10,CUST1122,Customer 326,Chennai,Tamil Nadu,Mixer Grinder,Home Appliances,1,3800,0.0,3800.0,Debit Card,Delivered,5.0,3800.0
ORD100671,2025-05-27,CUST1146,Customer 404,Bengaluru,Karnataka,Running Shoes,Fashion,0,4500,0.2,0.0,Credit Card,Cancelled,,3600.0
ORD103430,2025-07-20,CUST1415,Customer 105,Delhi,Delhi,Laptop,Electronics,1,55000,0.0,55000.0,Cash on Delivery,Delivered,2.0,55000.0
ORD101203,2025-12-03,CUST1454,Customer 166,Chennai,Tamil Nadu,Smartphone,Electronics,1,28000,0.0,28000.0,Net Banking,Returned,,28000.0
ORD102987,2025-02-09,CUST1405,Customer 36,Kochi,Kerala,Backpack,Accessories,1,1800,0.1,1620.0,Net Banking,Cancelled,,1620.0
ORD102176,2025-05-12,CUST1594,Customer 358,Kochi,Kerala,Backpack,Accessories,1,1800,0.05,1710.0,Net Banking,Delivered,2.0,1710.0
ORD100170,2025-11-27,CUST1579,Customer 558,Kolkata,West Bengal,Desk,Furniture,1,12000,0.0,12000.0,UPI,Delivered,5.0,12000.0
ORD103328,2025-03-25,CUST1086,Customer 58,Bengaluru,Karnataka,Smartwatch,Electronics,2,6500,0.15,11050.0,UPI,Returned,,11050.0
ORD101965,2025-03-07,CUST1357,Customer 455,Ahmedabad,Gujarat,Running Shoes,Fashion,1,4500,0.0,4500.0,UPI,Cancelled,,4500.0
ORD101382,2025-04-23,CUST1597,Customer 306,Kolkata,West Bengal,Running Shoes,Fashion,1,4500,0.1,4050.0,Net Banking,Delivered,1.0,4050.0
ORD101111,2025-11-28,CUST1593,Customer 305,Mumbai,Maharashtra,Coffee Maker,Home Appliances,1,5200,0.15,4420.0,Debit Card,Returned,,4420.0
ORD103656,2025-06-09,CUST1625,Customer 137,Chennai,Tamil Nadu,T-Shirt,Fashion,1,900,0.1,810.0,Cash on Delivery,Cancelled,,810.0
ORD103447,2025-02-11,CUST1609,Customer 579,Mumbai,Maharashtra,Smartphone,Electronics,1,28000,0.1,25200.0,Debit Card,Delivered,1.0,25200.0
ORD101356,2025-05-14,CUST1648,Customer 198,Kochi,Kerala,T-Shirt,Fashion,2,900,0.0,1800.0,Debit Card,Delivered,4.0,1800.0
ORD102284,2025-06-09,CUST1049,Customer 206,Chennai,Tamil Nadu,Coffee Maker,Home Appliances,2,5200,0.1,9360.0,Credit Card,Cancelled,,9360.0
ORD102450,2025-09-17,CUST1311,Customer 528,Kochi,Kerala,Coffee Maker,Home Appliances,1,5200,0.0,5200.0,UPI,Cancelled,,5200.0
ORD100197,2025-11-14,CUST1045,Customer 321,Jaipur,Rajasthan,Backpack,Accessories,1,1800,0.0,1800.0,Debit Card,Delivered,4.0,1800.0
ORD100086,2025-02-22,CUST1416,Customer 163,Bengaluru,Karnataka,Office Chair,Furniture,1,9000,0.1,8100.0,Debit Card,Delivered,1.0,8100.0
ORD101600,2025-01-25,CUST1367,Customer 548,Delhi,Delhi,Backpack,Accessories,1,1800,0.1,1620.0,Net Banking,Delivered,2.0,1620.0
ORD100656,2025-02-27,CUST1328,Customer 98,Jaipur,Rajasthan,Office Chair,Furniture,1,9000,0.0,9000.0,UPI,Delivered,4.0,9000.0
ORD101525,2025-06-02,CUST1491,Customer 438,Ahmedabad,Gujarat,Headphones,Electronics,1,2500,0.05,2375.0,Net Banking,Delivered,1.0,2375.0
ORD103833,2025-08-12,CUST1039,Customer 348,Kolkata,West Bengal,Coffee Maker,Home Appliances,2,5200,0.1,9360.0,Credit Card,Delivered,5.0,9360.0
ORD103897,2025-02-21,CUST1602,Customer 580,Ahmedabad,Gujarat,Laptop,Electronics,1,55000,0.0,55000.0,UPI,Delivered,5.0,55000.0
ORD102291,2025-10-27,CUST1629,Customer 527,Jaipur,Rajasthan,Running Shoes,Fashion,1,4500,0.05,4275.0,Debit Card,Delivered,5.0,4275.0
ORD103992,2025-04-03,CUST1194,Customer 66,Pune,Maharashtra,Coffee Maker,Home Appliances,1,5200,0.05,4940.0,Debit Card,Cancelled,,4940.0
ORD101597,2025-06-19,CUST1305,Customer 177,Mumbai,Maharashtra,Smartphone,Electronics,1,28000,0.0,28000.0,Debit Card,Cancelled,,28000.0
ORD103835,2025-02-02,CUST1029,Customer 496,Ahmedabad,Gujarat,Mixer Grinder,Home Appliances,1,3800,0.2,3040.0,Credit Card,Returned,,3040.0
ORD103316,2025-04-15,CUST1155,Customer 123,Mumbai,Maharashtra,Office Chair,Furniture,1,9000,0.0,9000.0,Credit Card,Cancelled,,9000.0
ORD103416,2025-05-05,CUST1593,Customer 186,Kochi,Kerala,Headphones,Electronics,1,2500,0.05,2375.0,Net Banking,Delivered,1.0,2375.0
ORD101849,2025-02-10,CUST1072,Customer 318,Delhi,Delhi,Backpack,Accessories,1,1800,0.0,1800.0,Debit Card,Delivered,3.0,1800.0
ORD101201,2025-06-05,CUST1340,Customer 441,Hyderabad,Telangana,Smartphone,Electronics,1,28000,0.2,22400.0,UPI,Cancelled,,22400.0
ORD103248,2025-12-07,CUST1009,Customer 380,Kolkata,West Bengal,Backpack,Accessories,1,1800,0.2,1440.0,Net Banking,Delivered,1.0,1440.0
ORD102209,2025-06-19,CUST1619,Customer 284,Mumbai,Maharashtra,Smartphone,Electronics,1,28000,0.05,26600.0,Credit Card,Delivered,3.0,26600.0
ORD100849,2025-01-01,CUST1572,Customer 545,Mumbai,Maharashtra,Keyboard,Accessories,2,2200,0.2,3520.0,Cash on Delivery,Delivered,5.0,3520.0
ORD103783,2025-11-09,CUST1059,Customer 48,Chennai,Tamil Nadu,Mixer Grinder,Home Appliances,2,3800,0.1,6840.0,Net Banking,Delivered,5.0,6840.0
ORD102114,2025-11-12,CUST1124,Customer 360,Jaipur,Rajasthan,Keyboard,Accessories,1,2200,0.1,1980.0,UPI,Returned,,1980.0
ORD102058,2025-04-29,CUST1647,Customer 339,Ahmedabad,Gujarat,Backpack,Accessories,2,1800,0.0,3600.0,Cash on Delivery,Returned,,3600.0
ORD102298,2025-06-21,CUST1070,Customer 447,Hyderabad,Telangana,Smartwatch,Electronics,1,6500,0.05,6175.0,Cash on Delivery,Delivered,1.0,6175.0
ORD101714,2025-08-15,CUST1128,Customer 200,Kolkata,West Bengal,Running Shoes,Fashion,1,4500,0.1,4050.0,UPI,Delivered,4.0,4050.0
ORD100664,2025-03-21,CUST1062,Customer 23,Jaipur,Rajasthan,Desk,Furniture,1,12000,0.05,11400.0,Net Banking,Delivered,4.0,11400.0
ORD100685,2025-09-29,CUST1392,Customer 232,Mumbai,Maharashtra,Smartphone,Electronics,1,28000,0.1,25200.0,Cash on Delivery,Returned,,25200.0
ORD100379,2025-01-13,CUST1114,Customer 302,Kochi,Kerala,Desk,Furniture,2,12000,0.1,21600.0,Net Banking,Returned,,21600.0
ORD101875,2025-10-28,CUST1594,Customer 406,Hyderabad,Telangana,Office Chair,Furniture,2,9000,0.1,16200.0,Net Banking,Returned,,16200.0
ORD103009,2025-06-11,CUST1346,Customer 519,Delhi,Delhi,Desk,Furniture,1,12000,0.0,12000.0,Cash on Delivery,Cancelled,,12000.0
ORD103161,2025-07-02,CUST1106,Customer 216,Kolkata,West Bengal,Backpack,Accessories,1,1800,0.0,1800.0,UPI,Cancelled,,1800.0
ORD103156,2025-04-20,CUST1599,Customer 449,Kochi,Kerala,Smartphone,Electronics,1,28000,0.0,28000.0,Net Banking,Cancelled,,28000.0
ORD103989,2025-03-29,CUST1142,Customer 280,Jaipur,Rajasthan,Headphones,Electronics,1,2500,0.15,2125.0,UPI,Delivered,4.0,2125.0
ORD100601,2025-03-17,CUST1288,Customer 95,Pune,Maharashtra,Keyboard,Accessories,2,2200,0.0,4400.0,Cash on Delivery,Delivered,1.0,4400.0
ORD100591,2025-08-11,CUST1078,Customer 336,Kochi,Kerala,Desk,Furniture,1,12000,0.05,11400.0,Credit Card,Delivered,5.0,11400.0
ORD101192,2025-06-29,CUST1219,Customer 319,Ahmedabad,Gujarat,Headphones,Electronics,1,2500,0.05,2375.0,UPI,Delivered,5.0,2375.0
ORD103848,2025-11-03,CUST1590,Customer 18,Ahmedabad,Gujarat,Running Shoes,Fashion,1,4500,0.05,4275.0,Net Banking,Delivered,2.0,4275.0
ORD102765,2025-11-15,CUST1419,Customer 273,Hyderabad,Telangana,Backpack,Accessories,1,1800,0.15,1530.0,Debit Card,Delivered,1.0,1530.0
ORD103183,2025-10-28,CUST1088,Customer 463,Pune,Maharashtra,Backpack,Accessories,1,1800,0.1,1620.0,Debit Card,Returned,,1620.0
ORD104146,2025-01-25,CUST1392,Customer 109,Pune,Maharashtra,Coffee Maker,Home Appliances,1,5200,0.1,4680.0,UPI,Delivered,2.0,4680.0
ORD101317,2025-04-25,CUST1122,Customer 417,Ahmedabad,Gujarat,Backpack,Accessories,3,1800,0.1,4860.0,Debit Card,Cancelled,,4860.0
ORD101347,2025-06-02,CUST1077,Customer 490,Delhi,Delhi,T-Shirt,Fashion,1,900,0.1,810.0,UPI,Delivered,5.0,810.0
ORD102468,2025-01-07,CUST1442,Customer 549,Chennai,Tamil Nadu,Keyboard,Accessories,2,2200,0.05,4180.0,Cash on Delivery,Delivered,3.0,4180.0
ORD101657,2025-01-31,CUST1052,Customer 593,Bengaluru,Karnataka,Headphones,Electronics,1,2500,0.0,2500.0,Net Banking,Returned,,2500.0
ORD103119,2025-05-30,CUST1531,Customer 16,Hyderabad,Telangana,Running Shoes,Fashion,1,4500,0.15,3825.0,Cash on Delivery,Delivered,5.0,3825.0
ORD100339,2025-10-07,CUST1219,Customer 625,Chennai,Tamil Nadu,Mixer Grinder,Home Appliances,1,3800,0.0,3800.0,Cash on Delivery,Delivered,4.0,3800.0
ORD103797,2025-10-07,CUST1448,Customer 52,Jaipur,Rajasthan,Laptop,Electronics,1,55000,0.1,49500.0,Cash on Delivery,Returned,,49500.0
ORD101078,2025-01-15,CUST1463,Customer 527,Kochi,Kerala,Smartphone,Electronics,3,28000,0.05,79800.0,Cash on Delivery,Delivered,4.0,79800.0
ORD100270,2025-01-09,CUST1281,Customer 59,Chennai,Tamil Nadu,Backpack,Accessories,1,1800,0.05,1710.0,Cash on Delivery,Returned,,1710.0
ORD104135,2025-10-30,CUST1090,Customer 516,Delhi,Delhi,Mixer Grinder,Home Appliances,1,3800,0.05,3610.0,Net Banking,Delivered,1.0,3610.0
ORD101654,2025-02-14,CUST1496,Customer 635,Delhi,Delhi,Mixer Grinder,Home Appliances,1,3800,0.0,3800.0,Cash on Delivery,Cancelled,,3800.0
ORD102445,2025-07-09,CUST1148,Customer 150,Bengaluru,Karnataka,Headphones,Electronics,1,2500,0.05,2375.0,Credit Card,Cancelled,,2375.0
ORD103810,2025-06-20,CUST1181,Customer 152,Hyderabad,Telangana,Keyboard,Accessories,1,2200,0.0,2200.0,UPI,Delivered,4.0,2200.0
ORD100734,2025-12-08,CUST1065,Customer 318,Delhi,Delhi,Laptop,Electronics,1,55000,0.0,55000.0,Credit Card,Delivered,3.0,55000.0
ORD100758,2025-06-22,CUST1414,Customer 73,Kolkata,West Bengal,Smartwatch,Electronics,1,6500,0.05,6175.0,Cash on Delivery,Returned,,6175.0
ORD103138,2025-09-22,CUST1540,Customer 595,Jaipur,Rajasthan,Running Shoes,Fashion,1,4500,0.15,3825.0,UPI,Cancelled,,3825.0
ORD102253,2025-02-11,CUST1358,Customer 203,Hyderabad,Telangana,Laptop,Electronics,1,55000,0.0,55000.0,Net Banking,Cancelled,,55000.0
ORD100232,2025-08-28,CUST1649,Customer 191,Hyderabad,Telangana,Running Shoes,Fashion,1,4500,0.05,4275.0,Cash on Delivery,Cancelled,,4275.0
ORD102861,2025-07-15,CUST1570,Customer 584,Jaipur,Rajasthan,Headphones,Electronics,2,2500,0.1,4500.0,UPI,Cancelled,,4500.0
ORD100793,2025-04-08,CUST1605,Customer 133,Pune,Maharashtra,Office Chair,Furniture,1,9000,0.1,8100.0,Debit Card,Delivered,5.0,8100.0
ORD101248,2025-10-15,CUST1577,Customer 637,Kolkata,West Bengal,Backpack,Accessories,1,1800,0.05,1710.0,Credit Card,Delivered,4.0,1710.0
ORD102619,2025-08-10,CUST1258,Customer 532,Mumbai,Maharashtra,Smartwatch,Electronics,1,6500,0.1,5850.0,UPI,Cancelled,,5850.0
ORD103373,2025-06-09,CUST1210,Customer 139,Bengaluru,Karnataka,Coffee Maker,Home Appliances,1,5200,0.0,5200.0,Cash on Delivery,Delivered,2.0,5200.0
ORD104092,2025-04-22,CUST1554,Customer 244,Delhi,Delhi,Headphones,Electronics,2,2500,0.05,4750.0,UPI,Delivered,3.0,4750.0
ORD103417,2025-09-02,CUST1066,Customer 246,Bengaluru,Karnataka,Smartphone,Electronics,1,28000,0.0,28000.0,Credit Card,Delivered,2.0,28000.0
ORD100571,2025-03-17,CUST1048,Customer 317,Jaipur,Rajasthan,T-Shirt,Fashion,1,900,0.0,900.0,UPI,Returned,,900.0
ORD101563,2025-09-18,CUST1469,Customer 155,Hyderabad,Telangana,Running Shoes,Fashion,1,4500,0.2,3600.0,Debit Card,Delivered,3.0,3600.0
ORD100172,2025-12-14,CUST1424,Customer 476,Jaipur,Rajasthan,Smartwatch,Electronics,1,6500,0.1,5850.0,Debit Card,Cancelled,,5850.0
ORD103413,2025-11-02,CUST1330,Customer 64,Hyderabad,Telangana,Mixer Grinder,Home Appliances,1,3800,0.0,3800.0,Debit Card,Delivered,1.0,3800.0
ORD102717,2025-08-18,CUST1621,Customer 647,Bengaluru,Karnataka,Headphones,Electronics,1,2500,0.1,2250.0,Net Banking,Cancelled,,2250.0
ORD101435,2025-11-14,CUST1441,Customer 542,Kolkata,West Bengal,Laptop,Electronics,1,55000,0.0,55000.0,Credit Card,Returned,,55000.0
ORD102934,2025-01-20,CUST1119,Customer 147,Delhi,Delhi,Headphones,Electronics,1,2500,0.1,2250.0,Net Banking,Delivered,1.0,2250.0
ORD102898,2025-01-28,CUST1271,Customer 216,Ahmedabad,Gujarat,Backpack,Accessories,1,1800,0.05,1710.0,UPI,Cancelled,,1710.0
ORD102356,2025-11-27,CUST1426,Customer 424,Mumbai,Maharashtra,Running Shoes,Fashion,2,4500,0.15,7650.0,Credit Card,Delivered,5.0,7650.0
ORD101409,2025-01-17,CUST1466,Customer 466,Mumbai,Maharashtra,T-Shirt,Fashion,2,900,0.05,1710.0,UPI,Delivered,2.0,1710.0
ORD100402,2025-11-10,CUST1401,Customer 109,Ahmedabad,Gujarat,Desk,Furniture,1,12000,0.1,10800.0,Debit Card,Delivered,1.0,10800.0
ORD101869,2025-12-28,CUST1395,Customer 590,Delhi,Delhi,Mixer Grinder,Home Appliances,2,3800,0.05,7220.0,Debit Card,Delivered,2.0,7220.0
ORD100020,2025-12-10,CUST1360,Customer 486,Hyderabad,Telangana,Coffee Maker,Home Appliances,1,5200,0.0,5200.0,Net Banking,Delivered,5.0,5200.0
ORD101743,2025-12-23,CUST1200,Customer 335,Jaipur,Rajasthan,Smartphone,Electronics,1,28000,0.05,26600.0,Cash on Delivery,Delivered,5.0,26600.0
ORD100452,2025-04-28,CUST1098,Customer 290,Mumbai,Maharashtra,Smartphone,Electronics,2,28000,0.2,44800.0,Net Banking,Delivered,3.0,44800.0
ORD102449,2025-04-07,CUST1300,Customer 640,Delhi,Delhi,T-Shirt,Fashion,1,900,0.1,810.0,Credit Card,Delivered,5.0,810.0
ORD102307,2025-05-30,CUST1051,Customer 254,Bengaluru,Karnataka,Headphones,Electronics,1,2500,0.15,2125.0,Net Banking,Delivered,1.0,2125.0
ORD101383,2025-07-06,CUST1183,Customer 645,Chennai,Tamil Nadu,Laptop,Electronics,2,55000,0.05,104500.0,Net Banking,Returned,,104500.0
ORD103940,2025-11-27,CUST1324,Customer 524,Mumbai,Maharashtra,Backpack,Accessories,1,1800,0.1,1620.0,Debit Card,Delivered,3.0,1620.0
ORD102533,2025-10-17,CUST1524,Customer 139,Kochi,Kerala,Mixer Grinder,Home Appliances,1,3800,0.05,3610.0,Debit Card,Delivered,1.0,3610.0
ORD103901,2025-02-26,CUST1226,Customer 125,Kolkata,West Bengal,Backpack,Accessories,1,1800,0.1,1620.0,Cash on Delivery,Delivered,4.0,1620.0
ORD102227,2025-06-13,CUST1153,Customer 291,Ahmedabad,Gujarat,Laptop,Electronics,1,55000,0.0,55000.0,Credit Card,Delivered,4.0,55000.0
ORD103714,2025-08-06,CUST1411,Customer 581,Ahmedabad,Gujarat,Backpack,Accessories,1,1800,0.0,1800.0,UPI,Cancelled,,1800.0
ORD100737,2025-06-26,CUST1199,Customer 488,Hyderabad,Telangana,Coffee Maker,Home Appliances,1,5200,0.1,4680.0,Credit Card,Cancelled,,4680.0
ORD103454,2025-10-27,CUST1650,Customer 11,Chennai,Tamil Nadu,Mixer Grinder,Home Appliances,1,3800,0.05,3610.0,Debit Card,Delivered,4.0,3610.0
ORD101188,2025-06-28,CUST1618,Customer 224,Mumbai,Maharashtra,Keyboard,Accessories,1,2200,0.1,1980.0,Debit Card,Cancelled,,1980.0
ORD100858,2025-10-28,CUST1571,Customer 195,Jaipur,Rajasthan,Smartwatch,Electronics,1,6500,0.15,5525.0,Debit Card,Delivered,2.0,5525.0
ORD102818,2025-10-22,CUST1379,Customer 461,Kolkata,West Bengal,T-Shirt,Fashion,1,900,0.15,765.0,UPI,Cancelled,,765.0
ORD102666,2025-10-08,CUST1095,Customer 490,Chennai,Tamil Nadu,Smartphone,Electronics,1,28000,0.1,25200.0,Credit Card,Delivered,1.0,25200.0
ORD100575,2025-08-11,CUST1049,Customer 637,Kochi,Kerala,T-Shirt,Fashion,1,900,0.0,900.0,Cash on Delivery,Delivered,1.0,900.0
ORD103225,2025-10-10,CUST1014,Customer 640,Hyderabad,Telangana,Backpack,Accessories,1,1800,0.05,1710.0,Cash on Delivery,Cancelled,,1710.0
ORD103855,2025-08-02,CUST1485,Customer 585,Pune,Maharashtra,Office Chair,Furniture,1,9000,0.15,7650.0,Credit Card,Delivered,3.0,7650.0
ORD104100,2025-02-09,CUST1351,Customer 570,Hyderabad,Telangana,Headphones,Electronics,1,2500,0.05,2375.0,Debit Card,Cancelled,,2375.0
ORD101692,2025-02-06,CUST1394,Customer 593,Jaipur,Rajasthan,Laptop,Electronics,1,55000,0.0,55000.0,Debit Card,Delivered,2.0,55000.0
ORD100653,2025-11-08,CUST1136,Customer 277,Pune,Maharashtra,T-Shirt,Fashion,1,900,0.0,900.0,Cash on Delivery,Delivered,3.0,900.0
ORD100346,2025-04-26,CUST1370,Customer 353,Kochi,Kerala,Desk,Furniture,1,12000,0.05,11400.0,Debit Card,Delivered,2.0,11400.0
ORD101874,2025-01-25,CUST1129,Customer 414,Ahmedabad,Gujarat,Headphones,Electronics,1,2500,0.05,2375.0,Net Banking,Delivered,1.0,2375.0
ORD100634,2025-04-01,CUST1285,Customer 392,Bengaluru,Karnataka,T-Shirt,Fashion,2,900,0.05,1710.0,Credit Card,Delivered,1.0,1710.0
ORD100767,2025-06-03,CUST1063,Customer 297,Jaipur,Rajasthan,Mixer Grinder,Home Appliances,2,3800,0.05,7220.0,Cash on Delivery,Delivered,1.0,7220.0
ORD102681,2025-11-16,CUST1626,Customer 484,Kochi,Kerala,Running Shoes,Fashion,1,4500,0.0,4500.0,UPI,Delivered,2.0,4500.0
ORD101342,2025-12-22,CUST1133,Customer 52,Chennai,Tamil Nadu,T-Shirt,Fashion,1,900,0.05,855.0,Cash on Delivery,Delivered,5.0,855.0
ORD100219,2025-06-09,CUST1522,Customer 214,Kochi,Kerala,Smartphone,Electronics,2,28000,0.1,50400.0,UPI,Delivered,3.0,50400.0
ORD103227,2025-12-28,CUST1160,Customer 432,Delhi,Delhi,Running Shoes,Fashion,1,4500,0.05,4275.0,Net Banking,Returned,,4275.0
ORD101204,2025-03-25,CUST1396,Customer 507,Kochi,Kerala,T-Shirt,Fashion,2,900,0.0,1800.0,UPI,Cancelled,,1800.0
ORD103603,2025-03-13,CUST1543,Customer 51,Hyderabad,Telangana,Office Chair,Furniture,1,9000,0.15,7650.0,Debit Card,Returned,,7650.0
ORD102266,2025-06-16,CUST1512,Customer 52,Pune,Maharashtra,Desk,Furniture,1,12000,0.0,12000.0,Credit Card,Delivered,5.0,12000.0
ORD101538,2025-12-10,CUST1169,Customer 269,Pune,Maharashtra,T-Shirt,Fashion,1,900,0.1,810.0,Net Banking,Delivered,4.0,810.0
ORD100485,2025-01-10,CUST1295,Customer 435,Ahmedabad,Gujarat,Keyboard,Accessories,3,2200,0.1,5940.0,Debit Card,Delivered,4.0,5940.0
ORD102302,2025-10-18,CUST1089,Customer 202,Kolkata,West Bengal,Keyboard,Accessories,1,2200,0.1,1980.0,Net Banking,Cancelled,,1980.0
ORD100629,2025-09-09,CUST1602,Customer 322,Hyderabad,Telangana,Smartwatch,Electronics,1,6500,0.15,5525.0,Debit Card,Delivered,3.0,5525.0
ORD102397,2025-10-16,CUST1309,Customer 570,Kochi,Kerala,Desk,Furniture,1,12000,0.0,12000.0,Net Banking,Delivered,2.0,12000.0
ORD100693,2025-05-16,CUST1407,Customer 334,Ahmedabad,Gujarat,Smartwatch,Electronics,1,6500,0.0,6500.0,Net Banking,Delivered,5.0,6500.0
ORD102834,2025-02-05,CUST1115,Customer 222,Jaipur,Rajasthan,Desk,Furniture,1,12000,0.0,12000.0,Cash on Delivery,Delivered,3.0,12000.0
ORD103687,2025-07-28,CUST1449,Customer 106,Hyderabad,Telangana,Headphones,Electronics,1,2500,0.0,2500.0,Debit Card,Returned,,2500.0
ORD101544,2025-07-18,CUST1462,Customer 462,Jaipur,Rajasthan,Laptop,Electronics,1,55000,0.2,44000.0,UPI,Returned,,44000.0
ORD101992,2025-05-01,CUST1345,Customer 1,Hyderabad,Telangana,Running Shoes,Fashion,1,4500,0.0,4500.0,Credit Card,Delivered,3.0,4500.0
ORD101871,2025-01-12,CUST1157,Customer 26,Delhi,Delhi,Coffee Maker,Home Appliances,2,5200,0.15,8840.0,Cash on Delivery,Delivered,4.0,8840.0
ORD103080,2025-10-21,CUST1606,Customer 459,Hyderabad,Telangana,Smartwatch,Electronics,1,6500,0.0,6500.0,Net Banking,Cancelled,,6500.0
ORD100732,2025-03-04,CUST1112,Customer 175,Chennai,Tamil Nadu,Backpack,Accessories,1,1800,0.05,1710.0,Net Banking,Cancelled,,1710.0
ORD100322,2025-10-11,CUST1470,Customer 534,Bengaluru,Karnataka,T-Shirt,Fashion,1,900,0.1,810.0,Debit Card,Delivered,3.0,810.0
ORD101278,2025-01-07,CUST1538,Customer 225,Mumbai,Maharashtra,Coffee Maker,Home Appliances,1,5200,0.05,4940.0,Cash on Delivery,Delivered,2.0,4940.0
ORD103918,2025-03-02,CUST1542,Customer 107,Pune,Maharashtra,Office Chair,Furniture,2,9000,0.1,16200.0,Cash on Delivery,Returned,,16200.0
ORD100354,2025-10-08,CUST1287,Customer 391,Kolkata,West Bengal,Smartwatch,Electronics,1,6500,0.0,6500.0,UPI,Returned,,6500.0
ORD101042,2025-10-18,CUST1265,Customer 581,Pune,Maharashtra,Headphones,Electronics,1,2500,0.05,2375.0,Cash on Delivery,Delivered,3.0,2375.0
ORD101311,2025-04-30,CUST1488,Customer 515,Pune,Maharashtra,Desk,Furniture,1,12000,0.0,12000.0,Credit Card,Delivered,5.0,12000.0
ORD100164,2025-10-11,CUST1310,Customer 518,Mumbai,Maharashtra,T-Shirt,Fashion,2,900,0.15,1530.0,Net Banking,Cancelled,,1530.0
ORD102923,2025-12-10,CUST1500,Customer 537,Hyderabad,Telangana,T-Shirt,Fashion,1,900,0.05,855.0,UPI,Delivered,4.0,855.0
ORD103090,2025-12-21,CUST1528,Customer 557,Mumbai,Maharashtra,Office Chair,Furniture,1,9000,0.05,8550.0,Debit Card,Delivered,5.0,8550.0
ORD101236,2025-06-15,CUST1159,Customer 487,Bengaluru,Karnataka,Headphones,Electronics,1,2500,0.0,2500.0,Credit Card,Delivered,1.0,2500.0
ORD103153,2025-01-02,CUST1334,Customer 555,Pune,Maharashtra,Laptop,Electronics,1,55000,0.0,55000.0,Cash on Delivery,Returned,,55000.0
ORD103781,2025-08-15,CUST1621,Customer 159,Jaipur,Rajasthan,Keyboard,Accessories,2,2200,0.15,3740.0,Unknown,Delivered,3.0,3740.0
ORD100130,2025-08-06,CUST1459,Customer 344,Kolkata,West Bengal,Running Shoes,Fashion,1,4500,0.0,4500.0,Credit Card,Delivered,1.0,4500.0
ORD100841,2025-02-20,CUST1256,Customer 403,Jaipur,Rajasthan,Desk,Furniture,1,12000,0.05,11400.0,Credit Card,Delivered,3.0,11400.0
ORD101127,2025-02-07,CUST1009,Customer 456,Kolkata,West Bengal,Laptop,Electronics,2,55000,0.0,110000.0,Debit Card,Delivered,5.0,110000.0
ORD103662,2025-01-30,CUST1550,Customer 376,Kochi,Kerala,Smartwatch,Electronics,1,6500,0.2,5200.0,UPI,Delivered,4.0,5200.0
ORD104080,2025-02-09,CUST1188,Customer 501,Kolkata,West Bengal,Desk,Furniture,1,12000,0.0,12000.0,Credit Card,Delivered,4.0,12000.0
ORD103791,2025-02-22,CUST1359,Customer 553,Mumbai,Maharashtra,Coffee Maker,Home Appliances,1,5200,0.2,4160.0,Credit Card,Delivered,1.0,4160.0
ORD102168,2025-10-18,CUST1611,Customer 53,Kochi,Kerala,Desk,Furniture,1,12000,0.0,12000.0,Cash on Delivery,Delivered,4.0,12000.0
ORD100597,2025-08-23,CUST1020,Customer 405,Delhi,Delhi,Office Chair,Furniture,1,9000,0.0,9000.0,Debit Card,Cancelled,,9000.0
ORD100582,2025-02-22,CUST1440,Customer 342,Kolkata,West Bengal,T-Shirt,Fashion,3,900,0.15,2295.0,Debit Card,Delivered,2.0,2295.0
ORD102836,2025-12-30,CUST1252,Customer 604,Kolkata,West Bengal,Desk,Furniture,1,12000,0.05,11400.0,Net Banking,Cancelled,,11400.0
ORD100983,2025-04-28,CUST1241,Customer 410,Kochi,Kerala,Desk,Furniture,1,12000,0.05,11400.0,Net Banking,Delivered,3.0,11400.0
ORD100644,2025-05-06,CUST1543,Customer 293,Ahmedabad,Gujarat,Smartphone,Electronics,1,28000,0.0,28000.0,Debit Card,Delivered,4.0,28000.0
ORD101751,2025-06-12,CUST1477,Customer 383,Pune,Maharashtra,Keyboard,Accessories,2,2200,0.1,3960.0,Net Banking,Returned,,3960.0
ORD103000,2025-01-12,CUST1597,Customer 48,Delhi,Delhi,Running Shoes,Fashion,1,4500,0.1,4050.0,Debit Card,Delivered,5.0,4050.0
ORD102282,2025-01-05,CUST1232,Customer 649,Kolkata,West Bengal,Keyboard,Accessories,1,2200,0.0,2200.0,UPI,Returned,,2200.0
ORD102982,2025-12-31,CUST1333,Customer 157,Mumbai,Maharashtra,Keyboard,Accessories,2,2200,0.0,4400.0,Debit Card,Delivered,5.0,4400.0
ORD100701,2025-08-16,CUST1225,Customer 580,Bengaluru,Karnataka,Desk,Furniture,1,12000,0.0,12000.0,Cash on Delivery,Cancelled,,12000.0
ORD100093,2025-01-15,CUST1497,Customer 206,Delhi,Delhi,Running Shoes,Fashion,1,4500,0.0,4500.0,Credit Card,Delivered,5.0,4500.0
ORD103758,2025-11-06,CUST1560,Customer 163,Mumbai,Maharashtra,Office Chair,Furniture,2,9000,0.05,17100.0,Net Banking,Delivered,5.0,17100.0
ORD103865,2025-05-04,CUST1635,Customer 147,Pune,Maharashtra,Backpack,Accessories,2,1800,0.1,3240.0,Net Banking,Delivered,4.0,3240.0
ORD100973,2025-04-04,CUST1389,Customer 416,Pune,Maharashtra,Desk,Furniture,2,12000,0.1,21600.0,UPI,Returned,,21600.0
ORD100772,2025-11-02,CUST1458,Customer 614,Ahmedabad,Gujarat,Desk,Furniture,1,12000,0.0,12000.0,Credit Card,Delivered,5.0,12000.0
ORD103122,2025-10-02,CUST1028,Customer 259,Chennai,Tamil Nadu,Smartwatch,Electronics,1,6500,0.05,6175.0,Cash on Delivery,Delivered,2.0,6175.0
ORD100948,2025-04-22,CUST1008,Customer 318,Hyderabad,Telangana,Keyboard,Accessories,1,2200,0.05,2090.0,Debit Card,Delivered,1.0,2090.0
ORD102917,2025-04-08,CUST1542,Customer 115,Pune,Maharashtra,Coffee Maker,Home Appliances,1,5200,0.1,4680.0,UPI,Delivered,1.0,4680.0
ORD103561,2025-06-01,CUST1601,Customer 264,Chennai,Tamil Nadu,Headphones,Electronics,1,2500,0.05,2375.0,Net Banking,Delivered,2.0,2375.0
ORD102392,2025-09-23,CUST1604,Customer 582,Kolkata,West Bengal,Smartwatch,Electronics,1,6500,0.05,6175.0,Net Banking,Cancelled,,6175.0
ORD101861,2025-03-25,CUST1335,Customer 184,Pune,Maharashtra,Headphones,Electronics,2,2500,0.05,4750.0,Debit Card,Delivered,5.0,4750.0
ORD102970,2025-03-26,CUST1446,Customer 94,Kolkata,West Bengal,Mixer Grinder,Home Appliances,1,3800,0.0,3800.0,Credit Card,Returned,,3800.0
ORD103962,2025-01-19,CUST1051,Customer 133,Mumbai,Maharashtra,Mixer Grinder,Home Appliances,1,3800,0.0,3800.0,UPI,Delivered,5.0,3800.0
ORD103197,2025-11-03,CUST1345,Customer 576,Kochi,Kerala,Desk,Furniture,1,12000,0.0,12000.0,Debit Card,Returned,,12000.0
ORD103928,2025-10-29,CUST1535,Customer 394,Delhi,Delhi,Backpack,Accessories,1,1800,0.2,1440.0,Debit Card,Delivered,4.0,1440.0
ORD103025,2025-08-15,CUST1353,Customer 101,Hyderabad,Telangana,Running Shoes,Fashion,2,4500,0.1,8100.0,UPI,Delivered,5.0,8100.0
ORD102438,2025-09-10,CUST1359,Customer 235,Mumbai,Maharashtra,Office Chair,Furniture,1,9000,0.0,9000.0,Cash on Delivery,Delivered,5.0,9000.0
ORD101107,2025-09-18,CUST1143,Customer 282,Mumbai,Maharashtra,Headphones,Electronics,1,2500,0.0,2500.0,Debit Card,Delivered,3.0,2500.0
ORD102443,2025-11-25,CUST1373,Customer 649,Ahmedabad,Gujarat,Office Chair,Furniture,1,9000,0.0,9000.0,Debit Card,Cancelled,,9000.0
ORD103305,2025-05-27,CUST1254,Customer 404,Pune,Maharashtra,Mixer Grinder,Home Appliances,1,3800,0.15,3230.0,Credit Card,Returned,,3230.0
ORD100201,2025-04-23,CUST1409,Customer 77,Mumbai,Maharashtra,Backpack,Accessories,3,1800,0.05,5130.0,UPI,Delivered,1.0,5130.0
ORD100273,2025-05-27,CUST1412,Customer 217,Delhi,Delhi,Backpack,Accessories,2,1800,0.2,2880.0,Net Banking,Delivered,2.0,2880.0
ORD104189,2025-09-28,CUST1180,Customer 637,Bengaluru,Karnataka,Headphones,Electronics,1,2500,0.0,2500.0,Debit Card,Cancelled,,2500.0
ORD103374,2025-11-09,CUST1130,Customer 645,Bengaluru,Karnataka,Office Chair,Furniture,1,9000,0.1,8100.0,Debit Card,Cancelled,,8100.0
ORD103757,2025-06-15,CUST1221,Customer 145,Kochi,Kerala,T-Shirt,Fashion,1,900,0.0,900.0,Credit Card,Delivered,5.0,900.0
ORD102783,2025-05-04,CUST1271,Customer 140,Kolkata,West Bengal,Smartphone,Electronics,2,28000,0.0,56000.0,Credit Card,Delivered,2.0,56000.0
ORD103762,2025-06-22,CUST1098,Customer 377,Ahmedabad,Gujarat,Laptop,Electronics,2,55000,0.15,93500.0,Net Banking,Delivered,4.0,93500.0
ORD104155,2025-08-01,CUST1039,Customer 646,Ahmedabad,Gujarat,Coffee Maker,Home Appliances,1,5200,0.0,5200.0,Net Banking,Delivered,2.0,5200.0
ORD102409,2025-01-25,CUST1385,Customer 586,Jaipur,Rajasthan,Laptop,Electronics,1,55000,0.05,52250.0,Credit Card,Returned,,52250.0
ORD103336,2025-09-15,CUST1605,Customer 387,Ahmedabad,Gujarat,Smartwatch,Electronics,2,6500,0.15,11050.0,Cash on Delivery,Delivered,3.0,11050.0
ORD102497,2025-09-13,CUST1312,Customer 159,Chennai,Tamil Nadu,Smartwatch,Electronics,1,6500,0.1,5850.0,Cash on Delivery,Delivered,2.0,5850.0
ORD101830,2025-06-03,CUST1474,Customer 381,Hyderabad,Telangana,Headphones,Electronics,1,2500,0.05,2375.0,Cash on Delivery,Cancelled,,2375.0
ORD101940,2025-12-21,CUST1596,Customer 253,Chennai,Tamil Nadu,Running Shoes,Fashion,1,4500,0.2,3600.0,Credit Card,Delivered,3.0,3600.0
ORD101975,2025-04-28,CUST1601,Customer 540,Mumbai,Maharashtra,Laptop,Electronics,1,55000,0.0,55000.0,Net Banking,Delivered,4.0,55000.0
ORD100801,2025-12-01,CUST1535,Customer 378,Delhi,Delhi,T-Shirt,Fashion,1,900,0.0,900.0,Cash on Delivery,Delivered,2.0,900.0
ORD103674,2025-05-07,CUST1362,Customer 413,Ahmedabad,Gujarat,T-Shirt,Fashion,1,900,0.15,765.0,Net Banking,Delivered,5.0,765.0
ORD100458,2025-07-11,CUST1257,Customer 168,Kolkata,West Bengal,Keyboard,Accessories,1,2200,0.05,2090.0,UPI,Returned,,2090.0
ORD103247,2025-10-22,CUST1250,Customer 142,Hyderabad,Telangana,Keyboard,Accessories,1,2200,0.0,2200.0,Unknown,Delivered,1.0,2200.0
ORD101081,2025-10-16,CUST1282,Customer 259,Mumbai,Maharashtra,Smartwatch,Electronics,1,6500,0.0,6500.0,Net Banking,Delivered,5.0,6500.0
ORD100800,2025-06-15,CUST1130,Customer 81,Kolkata,West Bengal,Smartphone,Electronics,1,28000,0.0,28000.0,Credit Card,Delivered,3.0,28000.0
ORD103029,2025-07-30,CUST1614,Customer 360,Mumbai,Maharashtra,Running Shoes,Fashion,1,4500,0.0,4500.0,Debit Card,Cancelled,,4500.0
ORD100028,2025-08-24,CUST1396,Customer 278,Hyderabad,Telangana,Keyboard,Accessories,1,2200,0.1,1980.0,UPI,Delivered,3.0,1980.0
ORD101239,2025-09-21,CUST1549,Customer 82,Pune,Maharashtra,Smartwatch,Electronics,3,6500,0.05,18525.0,Net Banking,Delivered,4.0,18525.0
ORD104076,2025-07-18,CUST1476,Customer 384,Kochi,Kerala,Laptop,Electronics,1,55000,0.15,46750.0,Credit Card,Cancelled,,46750.0
ORD103531,2025-11-24,CUST1350,Customer 645,Mumbai,Maharashtra,T-Shirt,Fashion,2,900,0.0,1800.0,Debit Card,Delivered,4.0,1800.0
ORD100350,2025-09-13,CUST1577,Customer 342,Chennai,Tamil Nadu,Coffee Maker,Home Appliances,1,5200,0.05,4940.0,Credit Card,Returned,,4940.0
ORD102004,2025-09-08,CUST1536,Customer 75,Delhi,Delhi,Office Chair,Furniture,1,9000,0.1,8100.0,Cash on Delivery,Returned,,8100.0
ORD102312,2025-10-30,CUST1362,Customer 224,Chennai,Tamil Nadu,Desk,Furniture,2,12000,0.1,21600.0,Cash on Delivery,Cancelled,,21600.0
ORD101250,2025-12-15,CUST1057,Customer 456,Pune,Maharashtra,Running Shoes,Fashion,1,4500,0.05,4275.0,Debit Card,Delivered,4.0,4275.0
ORD100866,2025-02-25,CUST1625,Customer 535,Bengaluru,Karnataka,Smartphone,Electronics,1,28000,0.0,28000.0,Cash on Delivery,Delivered,1.0,28000.0
ORD100404,2025-12-08,CUST1262,Customer 631,Jaipur,Rajasthan,T-Shirt,Fashion,1,900,0.15,765.0,UPI,Delivered,5.0,765.0
ORD103977,2025-09-04,CUST1236,Customer 93,Kochi,Kerala,Laptop,Electronics,1,55000,0.0,55000.0,Credit Card,Cancelled,,55000.0
ORD100530,2025-03-31,CUST1047,Customer 342,Chennai,Tamil Nadu,Office Chair,Furniture,1,9000,0.0,9000.0,Credit Card,Delivered,2.0,9000.0
ORD100317,2025-01-27,CUST1331,Customer 642,Jaipur,Rajasthan,Smartphone,Electronics,1,28000,0.0,28000.0,Debit Card,Delivered,3.0,28000.0
ORD100995,2025-11-16,CUST1319,Customer 199,Mumbai,Maharashtra,Keyboard,Accessories,1,2200,0.15,1870.0,Net Banking,Returned,,1870.0
ORD103494,2025-09-03,CUST1154,Customer 494,Pune,Maharashtra,Backpack,Accessories,1,1800,0.1,1620.0,Cash on Delivery,Delivered,5.0,1620.0
ORD103627,2025-08-03,CUST1417,Customer 607,Ahmedabad,Gujarat,Headphones,Electronics,2,2500,0.05,4750.0,Credit Card,Cancelled,,4750.0
ORD103300,2025-05-26,CUST1496,Customer 521,Delhi,Delhi,Smartwatch,Electronics,1,6500,0.15,5525.0,UPI,Delivered,3.0,5525.0
ORD100710,2025-09-10,CUST1517,Customer 221,Ahmedabad,Gujarat,Backpack,Accessories,1,1800,0.0,1800.0,UPI,Cancelled,,1800.0
ORD101952,2025-02-10,CUST1472,Customer 645,Mumbai,Maharashtra,Laptop,Electronics,1,55000,0.2,44000.0,Net Banking,Delivered,5.0,44000.0
ORD100757,2025-02-20,CUST1648,Customer 469,Kolkata,West Bengal,Laptop,Electronics,1,55000,0.15,46750.0,UPI,Cancelled,,46750.0
ORD100105,2025-06-12,CUST1378,Customer 600,Chennai,Tamil Nadu,Keyboard,Accessories,1,2200,0.1,1980.0,UPI,Returned,,1980.0
ORD100318,2025-08-14,CUST1331,Customer 543,Delhi,Delhi,Running Shoes,Fashion,1,4500,0.15,3825.0,Net Banking,Delivered,4.0,3825.0
ORD102787,2025-03-31,CUST1231,Customer 582,Jaipur,Rajasthan,Laptop,Electronics,1,55000,0.0,55000.0,Cash on Delivery,Delivered,2.0,55000.0
ORD102536,2025-07-19,CUST1313,Customer 55,Chennai,Tamil Nadu,T-Shirt,Fashion,1,900,0.0,900.0,Debit Card,Delivered,5.0,900.0
ORD100751,2025-07-21,CUST1388,Customer 292,Delhi,Delhi,Laptop,Electronics,1,55000,0.0,55000.0,UPI,Delivered,2.0,55000.0
ORD100968,2025-03-16,CUST1637,Customer 163,Delhi,Delhi,Smartwatch,Electronics,1,6500,0.1,5850.0,Net Banking,Returned,,5850.0
ORD101906,2025-11-01,CUST1317,Customer 563,Ahmedabad,Gujarat,Office Chair,Furniture,2,9000,0.0,18000.0,Credit Card,Cancelled,,18000.0
ORD103745,2025-09-13,CUST1611,Customer 490,Delhi,Delhi,Smartphone,Electronics,1,28000,0.1,25200.0,Cash on Delivery,Delivered,5.0,25200.0
ORD100790,2025-08-14,CUST1438,Customer 423,Kochi,Kerala,Desk,Furniture,3,12000,0.05,34200.0,UPI,Delivered,1.0,34200.0
ORD100115,2025-02-02,CUST1348,Customer 50,Bengaluru,Karnataka,Backpack,Accessories,1,1800,0.1,1620.0,Net Banking,Cancelled,,1620.0
ORD100129,2025-01-05,CUST1530,Customer 83,Kolkata,West Bengal,Office Chair,Furniture,1,9000,0.1,8100.0,Credit Card,Delivered,4.0,8100.0
ORD102729,2025-01-04,CUST1603,Customer 428,Pune,Maharashtra,Desk,Furniture,1,12000,0.0,12000.0,Net Banking,Delivered,1.0,12000.0
ORD100918,2025-07-31,CUST1550,Customer 116,Kochi,Kerala,Smartwatch,Electronics,2,6500,0.1,11700.0,Credit Card,Returned,,11700.0
ORD103327,2025-09-16,CUST1370,Customer 90,Pune,Maharashtra,T-Shirt,Fashion,1,900,0.0,900.0,Debit Card,Delivered,1.0,900.0
ORD100944,2025-05-30,CUST1535,Customer 37,Kochi,Kerala,Coffee Maker,Home Appliances,1,5200,0.0,5200.0,Debit Card,Delivered,1.0,5200.0
ORD101919,2025-04-06,CUST1614,Customer 426,Jaipur,Rajasthan,Backpack,Accessories,1,1800,0.1,1620.0,Credit Card,Returned,,1620.0
ORD103240,2025-02-18,CUST1343,Customer 325,Kolkata,West Bengal,Desk,Furniture,2,12000,0.05,22800.0,Cash on Delivery,Delivered,2.0,22800.0
ORD101898,2025-05-11,CUST1262,Customer 518,Delhi,Delhi,Laptop,Electronics,1,55000,0.15,46750.0,Cash on Delivery,Delivered,1.0,46750.0
ORD104029,2025-11-19,CUST1268,Customer 485,Bengaluru,Karnataka,Desk,Furniture,1,12000,0.15,10200.0,Cash on Delivery,Cancelled,,10200.0
ORD101541,2025-11-29,CUST1076,Customer 466,Jaipur,Rajasthan,T-Shirt,Fashion,2,900,0.05,1710.0,Cash on Delivery,Delivered,2.0,1710.0
ORD102617,2025-05-02,CUST1617,Customer 469,Ahmedabad,Gujarat,Smartwatch,Electronics,1,6500,0.0,6500.0,Cash on Delivery,Delivered,2.0,6500.0
ORD101844,2025-01-09,CUST1263,Customer 406,Hyderabad,Telangana,Desk,Furniture,1,12000,0.0,12000.0,Net Banking,Delivered,5.0,12000.0
ORD103463,2025-05-19,CUST1649,Customer 171,Pune,Maharashtra,Smartphone,Electronics,1,28000,0.0,28000.0,Cash on Delivery,Delivered,1.0,28000.0
ORD101536,2025-11-15,CUST1202,Customer 289,Pune,Maharashtra,T-Shirt,Fashion,1,900,0.05,855.0,Credit Card,Returned,,855.0
ORD100073,2025-07-21,CUST1094,Customer 618,Jaipur,Rajasthan,Keyboard,Accessories,1,2200,0.1,1980.0,Cash on Delivery,Delivered,2.0,1980.0
ORD104047,2025-11-20,CUST1439,Customer 195,Bengaluru,Karnataka,Smartphone,Electronics,3,28000,0.05,79800.0,UPI,Delivered,3.0,79800.0
ORD100729,2025-09-24,CUST1418,Customer 242,Kochi,Kerala,Office Chair,Furniture,1,9000,0.0,9000.0,Debit Card,Returned,,9000.0
ORD103349,2025-10-06,CUST1130,Customer 248,Bengaluru,Karnataka,Mixer Grinder,Home Appliances,1,3800,0.0,3800.0,Net Banking,Cancelled,,3800.0
ORD100142,2025-08-29,CUST1249,Customer 111,Delhi,Delhi,Running Shoes,Fashion,1,4500,0.05,4275.0,Credit Card,Delivered,3.0,4275.0
ORD101781,2025-08-24,CUST1523,Customer 337,Chennai,Tamil Nadu,Laptop,Electronics,1,55000,0.1,49500.0,UPI,Delivered,3.0,49500.0
ORD103367,2025-02-10,CUST1089,Customer 345,Delhi,Delhi,Headphones,Electronics,1,2500,0.0,2500.0,Debit Card,Returned,,2500.0
ORD100428,2025-05-04,CUST1105,Customer 221,Mumbai,Maharashtra,Backpack,Accessories,2,1800,0.1,3240.0,Credit Card,Cancelled,,3240.0
ORD101363,2025-06-22,CUST1209,Customer 158,Pune,Maharashtra,Desk,Furniture,2,12000,0.1,21600.0,UPI,Returned,,21600.0
ORD104064,2025-08-09,CUST1583,Customer 621,Kochi,Kerala,Office Chair,Furniture,2,9000,0.1,16200.0,Net Banking,Returned,,16200.0
ORD101516,2025-12-06,CUST1029,Customer 494,Hyderabad,Telangana,Backpack,Accessories,1,1800,0.0,1800.0,Net Banking,Delivered,2.0,1800.0
ORD101624,2025-02-09,CUST1219,Customer 518,Mumbai,Maharashtra,Smartphone,Electronics,1,28000,0.0,28000.0,Credit Card,Delivered,5.0,28000.0
ORD100542,2025-07-11,CUST1473,Customer 115,Bengaluru,Karnataka,Keyboard,Accessories,1,2200,0.15,1870.0,Net Banking,Delivered,5.0,1870.0
ORD103974,2025-10-26,CUST1519,Customer 383,Chennai,Tamil Nadu,Smartphone,Electronics,1,28000,0.0,28000.0,UPI,Delivered,1.0,28000.0
ORD100881,2025-07-26,CUST1089,Customer 209,Ahmedabad,Gujarat,Headphones,Electronics,1,2500,0.1,2250.0,Cash on Delivery,Delivered,5.0,2250.0
ORD101958,2025-03-25,CUST1430,Customer 189,Mumbai,Maharashtra,Backpack,Accessories,1,1800,0.05,1710.0,Net Banking,Delivered,3.0,1710.0
ORD102806,2025-12-15,CUST1291,Customer 618,Kolkata,West Bengal,Backpack,Accessories,1,1800,0.15,1530.0,Debit Card,Delivered,2.0,1530.0
ORD102110,2025-03-06,CUST1124,Customer 203,Delhi,Delhi,Mixer Grinder,Home Appliances,1,3800,0.0,3800.0,Cash on Delivery,Delivered,4.0,3800.0
ORD101460,2025-09-27,CUST1178,Customer 528,Kolkata,West Bengal,Laptop,Electronics,1,55000,0.0,55000.0,Net Banking,Cancelled,,55000.0
ORD100837,2025-04-03,CUST1112,Customer 273,Bengaluru,Karnataka,Mixer Grinder,Home Appliances,1,3800,0.1,3420.0,UPI,Delivered,2.0,3420.0
ORD104134,2025-12-08,CUST1199,Customer 361,Chennai,Tamil Nadu,Running Shoes,Fashion,1,4500,0.05,4275.0,Credit Card,Delivered,2.0,4275.0
ORD102596,2025-06-09,CUST1453,Customer 549,Kolkata,West Bengal,Smartphone,Electronics,1,28000,0.05,26600.0,UPI,Delivered,2.0,26600.0
ORD100283,2025-04-23,CUST1437,Customer 531,Mumbai,Maharashtra,Smartwatch,Electronics,1,6500,0.0,6500.0,Cash on Delivery,Delivered,5.0,6500.0
ORD102734,2025-08-17,CUST1272,Customer 431,Bengaluru,Karnataka,Smartphone,Electronics,1,28000,0.15,23800.0,Credit Card,Delivered,5.0,23800.0
ORD100563,2025-03-25,CUST1097,Customer 147,Kolkata,West Bengal,T-Shirt,Fashion,1,900,0.15,765.0,UPI,Delivered,2.0,765.0
ORD100051,2025-01-14,CUST1181,Customer 526,Jaipur,Rajasthan,Backpack,Accessories,1,1800,0.1,1620.0,Net Banking,Delivered,1.0,1620.0
ORD101217,2025-05-21,CUST1374,Customer 235,Bengaluru,Karnataka,Headphones,Electronics,1,2500,0.0,2500.0,Debit Card,Delivered,5.0,2500.0
ORD103509,2025-03-11,CUST1189,Customer 127,Mumbai,Maharashtra,Smartphone,Electronics,0,28000,0.0,0.0,Net Banking,Cancelled,,56000.0
ORD100540,2025-06-13,CUST1513,Customer 441,Chennai,Tamil Nadu,Laptop,Electronics,1,55000,0.0,55000.0,UPI,Delivered,2.0,55000.0
ORD101008,2025-01-13,CUST1273,Customer 52,Bengaluru,Karnataka,T-Shirt,Fashion,1,900,0.05,855.0,Cash on Delivery,Delivered,2.0,855.0
ORD103170,2025-09-12,CUST1557,Customer 72,Kolkata,West Bengal,Keyboard,Accessories,2,2200,0.15,3740.0,Net Banking,Cancelled,,3740.0
ORD104077,2025-10-30,CUST1398,Customer 507,Jaipur,Rajasthan,Coffee Maker,Home Appliances,2,5200,0.0,10400.0,UPI,Delivered,2.0,10400.0
ORD102269,2025-08-20,CUST1309,Customer 612,Ahmedabad,Gujarat,Smartwatch,Electronics,1,6500,0.0,6500.0,UPI,Cancelled,,6500.0
ORD103744,2025-05-26,CUST1644,Customer 329,Jaipur,Rajasthan,Smartwatch,Electronics,1,6500,0.15,5525.0,Cash on Delivery,Delivered,3.0,5525.0
ORD101629,2025-10-16,CUST1084,Customer 377,Kochi,Kerala,Mixer Grinder,Home Appliances,2,3800,0.0,7600.0,UPI,Delivered,5.0,7600.0
ORD103802,2025-06-12,CUST1429,Customer 148,Hyderabad,Telangana,Mixer Grinder,Home Appliances,1,3800,0.1,3420.0,Cash on Delivery,Delivered,2.0,3420.0
ORD101395,2025-10-16,CUST1470,Customer 470,Ahmedabad,Gujarat,Running Shoes,Fashion,1,4500,0.15,3825.0,UPI,Delivered,5.0,3825.0
ORD100799,2025-09-06,CUST1086,Customer 558,Mumbai,Maharashtra,Running Shoes,Fashion,1,4500,0.0,4500.0,Credit Card,Delivered,2.0,4500.0
ORD100432,2025-05-25,CUST1163,Customer 242,Chennai,Tamil Nadu,Running Shoes,Fashion,1,4500,0.0,4500.0,Net Banking,Cancelled,,4500.0
ORD100064,2025-01-02,CUST1048,Customer 82,Ahmedabad,Gujarat,Running Shoes,Fashion,1,4500,0.05,4275.0,UPI,Cancelled,,4275.0
ORD104017,2025-08-16,CUST1203,Customer 492,Ahmedabad,Gujarat,Smartphone,Electronics,1,28000,0.0,28000.0,UPI,Cancelled,,28000.0
ORD100174,2025-07-09,CUST1489,Customer 28,Hyderabad,Telangana,Backpack,Accessories,1,1800,0.1,1620.0,Credit Card,Returned,,1620.0
ORD103501,2025-01-17,CUST1444,Customer 403,Chennai,Tamil Nadu,Headphones,Electronics,1,2500,0.05,2375.0,Net Banking,Delivered,4.0,2375.0
ORD103837,2025-01-07,CUST1562,Customer 230,Ahmedabad,Gujarat,Desk,Furniture,1,12000,0.05,11400.0,Credit Card,Delivered,1.0,11400.0
ORD102525,2025-01-10,CUST1024,Customer 110,Jaipur,Rajasthan,Headphones,Electronics,1,2500,0.0,2500.0,Net Banking,Delivered,3.0,2500.0
ORD103105,2025-04-10,CUST1338,Customer 542,Jaipur,Rajasthan,Coffee Maker,Home Appliances,1,5200,0.05,4940.0,UPI,Cancelled,,4940.0
ORD101872,2025-03-28,CUST1588,Customer 470,Delhi,Delhi,Smartwatch,Electronics,2,6500,0.05,12350.0,Credit Card,Delivered,3.0,12350.0
ORD100153,2025-06-09,CUST1465,Customer 456,Bengaluru,Karnataka,Keyboard,Accessories,1,2200,0.15,1870.0,Debit Card,Delivered,2.0,1870.0
ORD100593,2025-05-13,CUST1119,Customer 350,Delhi,Delhi,Laptop,Electronics,2,55000,0.0,110000.0,Cash on Delivery,Cancelled,,110000.0
ORD104124,2025-12-23,CUST1501,Customer 135,Hyderabad,Telangana,Backpack,Accessories,2,1800,0.0,3600.0,Debit Card,Delivered,4.0,3600.0
ORD100727,2025-08-27,CUST1633,Customer 346,Jaipur,Rajasthan,Laptop,Electronics,1,55000,0.15,46750.0,Net Banking,Returned,,46750.0
ORD100750,2025-06-14,CUST1401,Customer 50,Jaipur,Rajasthan,Desk,Furniture,1,12000,0.0,12000.0,UPI,Delivered,2.0,12000.0
ORD102611,2025-10-05,CUST1462,Customer 30,Pune,Maharashtra,Backpack,Accessories,1,1800,0.0,1800.0,Cash on Delivery,Delivered,5.0,1800.0
ORD100508,2025-02-02,CUST1155,Customer 486,Kochi,Kerala,Smartphone,Electronics,1,28000,0.1,25200.0,Debit Card,Cancelled,,25200.0
ORD100161,2025-02-14,CUST1290,Customer 378,Pune,Maharashtra,Smartwatch,Electronics,2,6500,0.05,12350.0,Cash on Delivery,Delivered,2.0,12350.0
ORD103667,2025-09-21,CUST1476,Customer 584,Kochi,Kerala,Keyboard,Accessories,1,2200,0.05,2090.0,Cash on Delivery,Delivered,5.0,2090.0
ORD102410,2025-03-20,CUST1339,Customer 305,Pune,Maharashtra,Laptop,Electronics,1,55000,0.15,46750.0,Cash on Delivery,Delivered,2.0,46750.0
ORD103216,2025-03-28,CUST1245,Customer 20,Kolkata,West Bengal,Office Chair,Furniture,1,9000,0.0,9000.0,Credit Card,Delivered,2.0,9000.0
ORD101790,2025-03-13,CUST1105,Customer 18,Ahmedabad,Gujarat,Headphones,Electronics,1,2500,0.0,2500.0,Cash on Delivery,Returned,,2500.0
ORD104019,2025-09-05,CUST1585,Customer 35,Bengaluru,Karnataka,T-Shirt,Fashion,1,900,0.2,720.0,UPI,Delivered,4.0,720.0
ORD103005,2025-04-19,CUST1560,Customer 199,Bengaluru,Karnataka,Backpack,Accessories,1,1800,0.05,1710.0,Net Banking,Returned,,1710.0
ORD102777,2025-05-28,CUST1426,Customer 250,Hyderabad,Telangana,T-Shirt,Fashion,1,900,0.1,810.0,Debit Card,Cancelled,,810.0
ORD104197,2025-09-08,CUST1192,Customer 522,Pune,Maharashtra,T-Shirt,Fashion,1,900,0.0,900.0,UPI,Delivered,5.0,900.0
ORD103134,2025-04-30,CUST1363,Customer 296,Pune,Maharashtra,Desk,Furniture,1,12000,0.1,10800.0,Net Banking,Delivered,4.0,10800.0
ORD101093,2025-05-03,CUST1530,Customer 241,Bengaluru,Karnataka,Backpack,Accessories,1,1800,0.0,1800.0,Net Banking,Delivered,1.0,1800.0
ORD102131,2025-08-09,CUST1436,Customer 293,Kolkata,West Bengal,Mixer Grinder,Home Appliances,1,3800,0.15,3230.0,UPI,Delivered,4.0,3230.0
ORD102436,2025-09-24,CUST1016,Customer 409,Ahmedabad,Gujarat,Smartwatch,Electronics,1,6500,0.0,6500.0,Net Banking,Delivered,5.0,6500.0
ORD103032,2025-12-30,CUST1547,Customer 491,Jaipur,Rajasthan,Running Shoes,Fashion,2,4500,0.05,8550.0,Credit Card,Delivered,3.0,8550.0
ORD100031,2025-02-28,CUST1582,Customer 115,Bengaluru,Karnataka,Desk,Furniture,1,12000,0.0,12000.0,Credit Card,Delivered,1.0,12000.0
ORD101028,2025-02-04,CUST1390,Customer 536,Kochi,Kerala,Headphones,Electronics,1,2500,0.0,2500.0,Cash on Delivery,Cancelled,,2500.0
ORD102801,2025-02-20,CUST1389,Customer 640,Delhi,Delhi,T-Shirt,Fashion,1,900,0.05,855.0,Cash on Delivery,Cancelled,,855.0
ORD101174,2025-06-03,CUST1515,Customer 443,Kolkata,West Bengal,Headphones,Electronics,1,2500,0.1,2250.0,Credit Card,Cancelled,,2250.0
ORD103668,2025-01-12,CUST1173,Customer 62,Kolkata,West Bengal,Backpack,Accessories,2,1800,0.15,3060.0,Cash on Delivery,Cancelled,,3060.0
ORD101041,2025-10-13,CUST1610,Customer 436,Ahmedabad,Gujarat,Coffee Maker,Home Appliances,1,5200,0.05,4940.0,UPI,Delivered,2.0,4940.0
ORD102707,2025-04-11,CUST1516,Customer 402,Pune,Maharashtra,Desk,Furniture,1,12000,0.0,12000.0,Net Banking,Delivered,4.0,12000.0
ORD100552,2025-02-06,CUST1192,Customer 202,Pune,Maharashtra,T-Shirt,Fashion,1,900,0.0,900.0,UPI,Delivered,3.0,900.0
ORD102079,2025-03-31,CUST1329,Customer 480,Bengaluru,Karnataka,Headphones,Electronics,1,2500,0.2,2000.0,UPI,Cancelled,,2000.0
ORD102785,2025-12-25,CUST1501,Customer 522,Jaipur,Rajasthan,Smartphone,Electronics,3,28000,0.1,75600.0,Net Banking,Delivered,5.0,75600.0
ORD101303,2025-02-22,CUST1555,Customer 388,Kolkata,West Bengal,Keyboard,Accessories,1,2200,0.0,2200.0,Net Banking,Cancelled,,2200.0
ORD103666,2025-02-28,CUST1530,Customer 419,Delhi,Delhi,Headphones,Electronics,1,2500,0.15,2125.0,Credit Card,Returned,,2125.0
ORD100097,2025-11-23,CUST1013,Customer 3,Chennai,Tamil Nadu,Backpack,Accessories,1,1800,0.15,1530.0,Credit Card,Delivered,2.0,1530.0
ORD103799,2025-12-03,CUST1639,Customer 493,Delhi,Delhi,Running Shoes,Fashion,1,4500,0.1,4050.0,Credit Card,Delivered,2.0,4050.0
ORD102210,2025-03-13,CUST1297,Customer 323,Chennai,Tamil Nadu,Mixer Grinder,Home Appliances,1,3800,0.1,3420.0,Credit Card,Delivered,1.0,3420.0
ORD101207,2025-05-28,CUST1380,Customer 214,Pune,Maharashtra,Backpack,Accessories,1,1800,0.1,1620.0,Credit Card,Delivered,4.0,1620.0
ORD101244,2025-09-23,CUST1017,Customer 585,Delhi,Delhi,Desk,Furniture,2,12000,0.05,22800.0,Net Banking,Delivered,3.0,22800.0
ORD100116,2025-02-17,CUST1273,Customer 649,Bengaluru,Karnataka,Mixer Grinder,Home Appliances,1,3800,0.1,3420.0,Net Banking,Delivered,5.0,3420.0
ORD101857,2025-11-14,CUST1046,Customer 55,Kolkata,West Bengal,Desk,Furniture,2,12000,0.0,24000.0,Debit Card,Delivered,4.0,24000.0
ORD101377,2025-05-29,CUST1003,Customer 571,Jaipur,Rajasthan,Backpack,Accessories,1,1800,0.15,1530.0,Net Banking,Delivered,3.0,1530.0
ORD103998,2025-04-11,CUST1333,Customer 641,Kochi,Kerala,Backpack,Accessories,2,1800,0.15,3060.0,Debit Card,Delivered,5.0,3060.0
ORD103621,2025-11-18,CUST1026,Customer 277,Pune,Maharashtra,Desk,Furniture,1,12000,0.1,10800.0,Net Banking,Delivered,2.0,10800.0
ORD100374,2025-06-19,CUST1405,Customer 1,Chennai,Tamil Nadu,Smartwatch,Electronics,1,6500,0.15,5525.0,UPI,Returned,,5525.0
ORD101415,2025-01-25,CUST1252,Customer 135,Chennai,Tamil Nadu,T-Shirt,Fashion,1,900,0.1,810.0,Debit Card,Delivered,3.0,810.0
ORD103245,2025-12-19,CUST1174,Customer 290,Bengaluru,Karnataka,Smartphone,Electronics,1,28000,0.0,28000.0,Credit Card,Cancelled,,28000.0
ORD102171,2025-04-16,CUST1486,Customer 367,Mumbai,Maharashtra,Running Shoes,Fashion,1,4500,0.0,4500.0,Debit Card,Delivered,5.0,4500.0
ORD101684,2025-11-22,CUST1588,Customer 515,Kolkata,West Bengal,Headphones,Electronics,1,2500,0.05,2375.0,UPI,Delivered,1.0,2375.0
ORD104065,2025-03-09,CUST1372,Customer 393,Delhi,Delhi,Keyboard,Accessories,1,2200,0.05,2090.0,UPI,Cancelled,,2090.0
ORD100434,2025-11-15,CUST1241,Customer 30,Delhi,Delhi,T-Shirt,Fashion,2,900,0.1,1620.0,Cash on Delivery,Delivered,1.0,1620.0
ORD103157,2025-03-27,CUST1187,Customer 525,Mumbai,Maharashtra,Backpack,Accessories,1,1800,0.05,1710.0,UPI,Returned,,1710.0
ORD102271,2025-12-19,CUST1093,Customer 201,Bengaluru,Karnataka,T-Shirt,Fashion,1,900,0.0,900.0,Debit Card,Delivered,3.0,900.0
ORD101138,2025-07-29,CUST1089,Customer 333,Chennai,Tamil Nadu,Coffee Maker,Home Appliances,2,5200,0.05,9880.0,Net Banking,Cancelled,,9880.0
ORD101057,2025-04-14,CUST1265,Customer 382,Delhi,Delhi,Keyboard,Accessories,1,2200,0.15,1870.0,Cash on Delivery,Delivered,5.0,1870.0
ORD100015,2025-06-01,CUST1084,Customer 156,Mumbai,Maharashtra,T-Shirt,Fashion,1,900,0.05,855.0,Debit Card,Delivered,2.0,855.0
ORD103449,2025-04-19,CUST1233,Customer 575,Mumbai,Maharashtra,Office Chair,Furniture,1,9000,0.1,8100.0,Credit Card,Delivered,3.0,8100.0
ORD102270,2025-08-17,CUST1268,Customer 32,Kochi,Kerala,Running Shoes,Fashion,1,4500,0.2,3600.0,Debit Card,Delivered,4.0,3600.0
ORD100503,2025-06-09,CUST1581,Customer 607,Pune,Maharashtra,Desk,Furniture,1,12000,0.15,10200.0,Debit Card,Delivered,5.0,10200.0
ORD103721,2025-08-23,CUST1374,Customer 132,Delhi,Delhi,Keyboard,Accessories,1,2200,0.0,2200.0,UPI,Returned,,2200.0
ORD100263,2025-03-01,CUST1287,Customer 169,Delhi,Delhi,Smartwatch,Electronics,2,6500,0.05,12350.0,Net Banking,Delivered,3.0,12350.0
ORD101545,2025-02-21,CUST1499,Customer 475,Mumbai,Maharashtra,Mixer Grinder,Home Appliances,1,3800,0.05,3610.0,Cash on Delivery,Delivered,4.0,3610.0
ORD102238,2025-10-20,CUST1554,Customer 605,Kochi,Kerala,Office Chair,Furniture,1,9000,0.0,9000.0,Net Banking,Delivered,1.0,9000.0
ORD104074,2025-04-19,CUST1006,Customer 47,Ahmedabad,Gujarat,Running Shoes,Fashion,1,4500,0.05,4275.0,Debit Card,Returned,,4275.0
ORD103525,2025-08-27,CUST1007,Customer 455,Jaipur,Rajasthan,Smartphone,Electronics,1,28000,0.05,26600.0,Credit Card,Delivered,3.0,26600.0
ORD100050,2025-11-12,CUST1006,Customer 279,Hyderabad,Telangana,Mixer Grinder,Home Appliances,1,3800,0.1,3420.0,Net Banking,Returned,,3420.0
ORD104046,2025-03-23,CUST1437,Customer 10,Ahmedabad,Gujarat,T-Shirt,Fashion,1,900,0.1,810.0,Debit Card,Returned,,810.0
ORD102693,2025-03-31,CUST1412,Customer 324,Chennai,Tamil Nadu,Office Chair,Furniture,2,9000,0.05,17100.0,Credit Card,Delivered,2.0,17100.0
ORD101557,2025-11-09,CUST1129,Customer 176,Kochi,Kerala,Smartphone,Electronics,1,28000,0.0,28000.0,UPI,Delivered,4.0,28000.0
ORD101391,2025-06-01,CUST1143,Customer 299,Chennai,Tamil Nadu,Smartwatch,Electronics,1,6500,0.2,5200.0,Credit Card,Delivered,1.0,5200.0
ORD103054,2025-05-30,CUST1434,Unknown Customer,Kochi,Kerala,T-Shirt,Fashion,1,900,0.05,855.0,Debit Card,Returned,,855.0
ORD100619,2025-12-31,CUST1031,Customer 128,Bengaluru,Karnataka,Backpack,Accessories,1,1800,0.0,1800.0,UPI,Delivered,5.0,1800.0
ORD101680,2025-07-07,CUST1239,Customer 624,Chennai,Tamil Nadu,Office Chair,Furniture,1,9000,0.0,9000.0,Cash on Delivery,Delivered,1.0,9000.0
ORD103993,2025-03-27,CUST1026,Customer 99,Kolkata,West Bengal,Desk,Furniture,1,12000,0.1,10800.0,Net Banking,Delivered,5.0,10800.0
ORD102102,2025-12-31,CUST1044,Customer 219,Chennai,Tamil Nadu,Office Chair,Furniture,2,9000,0.1,16200.0,Credit Card,Delivered,4.0,16200.0
ORD101615,2025-02-09,CUST1242,Customer 160,Chennai,Tamil Nadu,T-Shirt,Fashion,1,900,0.1,810.0,UPI,Delivered,3.0,810.0
ORD100951,2025-11-27,CUST1044,Customer 470,Pune,Maharashtra,Mixer Grinder,Home Appliances,1,3800,0.15,3230.0,UPI,Delivered,5.0,3230.0
ORD100383,2025-06-22,CUST1498,Customer 243,Kochi,Kerala,T-Shirt,Fashion,1,900,0.0,900.0,Net Banking,Delivered,1.0,900.0
ORD102022,2025-10-03,CUST1013,Customer 496,Mumbai,Maharashtra,Backpack,Accessories,1,1800,0.0,1800.0,Net Banking,Returned,,1800.0
ORD103176,2025-06-21,CUST1325,Customer 324,Delhi,Delhi,Coffee Maker,Home Appliances,1,5200,0.05,4940.0,Cash on Delivery,Returned,,4940.0
ORD102914,2025-02-26,CUST1044,Customer 555,Delhi,Delhi,Desk,Furniture,1,12000,0.1,10800.0,Cash on Delivery,Delivered,3.0,10800.0
ORD101927,2025-09-19,CUST1128,Customer 413,Jaipur,Rajasthan,Mixer Grinder,Home Appliances,2,3800,0.05,7220.0,UPI,Delivered,4.0,7220.0
ORD101535,2025-10-22,CUST1002,Customer 646,Hyderabad,Telangana,Headphones,Electronics,1,2500,0.2,2000.0,Credit Card,Delivered,2.0,2000.0
ORD100672,2025-01-20,CUST1487,Customer 623,Bengaluru,Karnataka,Coffee Maker,Home Appliances,1,5200,0.05,4940.0,UPI,Delivered,1.0,4940.0
ORD101777,2025-06-02,CUST1048,Customer 562,Chennai,Tamil Nadu,Smartphone,Electronics,1,28000,0.15,23800.0,UPI,Returned,,23800.0
ORD102674,2025-03-13,CUST1238,Customer 466,Chennai,Tamil Nadu,Backpack,Accessories,1,1800,0.05,1710.0,UPI,Delivered,5.0,1710.0
ORD100078,2025-08-03,CUST1502,Customer 572,Chennai,Tamil Nadu,Office Chair,Furniture,1,9000,0.0,9000.0,Debit Card,Delivered,4.0,9000.0
ORD101868,2025-07-07,CUST1030,Customer 49,Jaipur,Rajasthan,Coffee Maker,Home Appliances,1,5200,0.15,4420.0,Debit Card,Delivered,4.0,4420.0
ORD100305,2025-05-08,CUST1644,Customer 493,Kochi,Kerala,Smartphone,Electronics,1,28000,0.05,26600.0,Debit Card,Returned,,26600.0
ORD101325,2025-07-20,CUST1089,Customer 320,Mumbai,Maharashtra,Backpack,Accessories,2,1800,0.15,3060.0,Net Banking,Delivered,5.0,3060.0
ORD102563,2025-09-18,CUST1558,Customer 497,Hyderabad,Telangana,Running Shoes,Fashion,1,4500,0.2,3600.0,Cash on Delivery,Cancelled,,3600.0
ORD101309,2025-07-21,CUST1618,Customer 392,Pune,Maharashtra,Backpack,Accessories,1,1800,0.15,1530.0,UPI,Delivered,3.0,1530.0
ORD100013,2025-04-10,CUST1490,Customer 355,Kochi,Kerala,Coffee Maker,Home Appliances,1,5200,0.1,4680.0,Net Banking,Delivered,1.0,4680.0
ORD101414,2025-02-11,CUST1312,Customer 134,Mumbai,Maharashtra,Backpack,Accessories,1,1800,0.0,1800.0,Net Banking,Delivered,1.0,1800.0
ORD101339,2025-05-08,CUST1036,Customer 242,Hyderabad,Telangana,Running Shoes,Fashion,1,4500,0.05,4275.0,Credit Card,Returned,,4275.0
ORD102636,2025-09-13,CUST1296,Customer 462,Bengaluru,Karnataka,Mixer Grinder,Home Appliances,1,3800,0.1,3420.0,Cash on Delivery,Delivered,3.0,3420.0
ORD103217,2025-09-19,CUST1178,Customer 523,Kochi,Kerala,Coffee Maker,Home Appliances,1,5200,0.05,4940.0,Debit Card,Delivered,3.0,4940.0
ORD102558,2025-05-19,CUST1236,Customer 638,Bengaluru,Karnataka,Laptop,Electronics,1,55000,0.1,49500.0,Debit Card,Delivered,1.0,49500.0
ORD100568,2025-06-26,CUST1121,Customer 399,Pune,Maharashtra,Coffee Maker,Home Appliances,1,5200,0.1,4680.0,Credit Card,Delivered,1.0,4680.0
ORD100779,2025-04-22,CUST1468,Customer 462,Hyderabad,Telangana,Laptop,Electronics,1,55000,0.0,55000.0,Cash on Delivery,Delivered,2.0,55000.0
ORD102368,2025-09-01,CUST1415,Customer 99,Delhi,Delhi,Laptop,Electronics,1,55000,0.1,49500.0,Credit Card,Returned,,49500.0
ORD102193,2025-11-06,CUST1345,Customer 82,Chennai,Tamil Nadu,Desk,Furniture,1,12000,0.0,12000.0,UPI,Delivered,5.0,12000.0
ORD101499,2025-09-26,CUST1102,Customer 186,Ahmedabad,Gujarat,Running Shoes,Fashion,1,4500,0.0,4500.0,Debit Card,Returned,,4500.0
ORD101452,2025-02-16,CUST1385,Customer 307,Chennai,Tamil Nadu,Coffee Maker,Home Appliances,1,5200,0.1,4680.0,Credit Card,Cancelled,,4680.0
ORD102831,2025-01-31,CUST1226,Customer 595,Bengaluru,Karnataka,T-Shirt,Fashion,1,900,0.15,765.0,Credit Card,Delivered,2.0,765.0
ORD104191,2025-07-17,CUST1557,Customer 47,Delhi,Delhi,Running Shoes,Fashion,1,4500,0.1,4050.0,Debit Card,Delivered,3.0,4050.0
ORD100529,2025-04-03,CUST1625,Customer 533,Ahmedabad,Gujarat,Smartphone,Electronics,1,28000,0.1,25200.0,Debit Card,Returned,,25200.0
ORD102052,2025-01-05,CUST1042,Customer 583,Ahmedabad,Gujarat,Office Chair,Furniture,1,9000,0.0,9000.0,UPI,Delivered,2.0,9000.0
ORD100777,2025-09-08,CUST1019,Customer 46,Pune,Maharashtra,T-Shirt,Fashion,1,900,0.05,855.0,Debit Card,Delivered,2.0,855.0
ORD101241,2025-12-25,CUST1556,Customer 143,Pune,Maharashtra,Office Chair,Furniture,1,9000,0.05,8550.0,Credit Card,Delivered,2.0,8550.0
ORD100909,2025-02-08,CUST1600,Customer 510,Mumbai,Maharashtra,Mixer Grinder,Home Appliances,1,3800,0.05,3610.0,UPI,Delivered,5.0,3610.0
ORD100144,2025-04-06,CUST1493,Customer 338,Delhi,Delhi,Smartphone,Electronics,1,28000,0.1,25200.0,UPI,Delivered,3.0,25200.0
ORD101321,2025-02-09,CUST1409,Customer 31,Ahmedabad,Gujarat,Backpack,Accessories,1,1800,0.0,1800.0,Cash on Delivery,Delivered,5.0,1800.0
ORD103995,2025-05-17,CUST1610,Customer 91,Kolkata,West Bengal,Desk,Furniture,1,12000,0.2,9600.0,Debit Card,Returned,,9600.0
ORD103685,2025-08-02,CUST1237,Customer 278,Jaipur,Rajasthan,Laptop,Electronics,1,55000,0.1,49500.0,Cash on Delivery,Delivered,5.0,49500.0
ORD102779,2025-02-16,CUST1183,Customer 461,Pune,Maharashtra,T-Shirt,Fashion,1,900,0.1,810.0,UPI,Delivered,5.0,810.0
ORD103938,2025-07-28,CUST1621,Customer 535,Bengaluru,Karnataka,Mixer Grinder,Home Appliances,2,3800,0.05,7220.0,Credit Card,Delivered,2.0,7220.0
ORD101312,2025-02-28,CUST1170,Customer 646,Chennai,Tamil Nadu,Laptop,Electronics,1,55000,0.0,55000.0,UPI,Returned,,55000.0
ORD103269,2025-07-11,CUST1019,Customer 12,Delhi,Delhi,Running Shoes,Fashion,2,4500,0.1,8100.0,UPI,Returned,,8100.0
ORD100669,2025-06-13,CUST1108,Customer 241,Pune,Maharashtra,Backpack,Accessories,1,1800,0.1,1620.0,Debit Card,Cancelled,,1620.0
ORD101289,2025-03-23,CUST1086,Customer 372,Mumbai,Maharashtra,Keyboard,Accessories,2,2200,0.1,3960.0,Net Banking,Delivered,2.0,3960.0
ORD101430,2025-11-26,CUST1209,Customer 519,Jaipur,Rajasthan,Office Chair,Furniture,1,9000,0.1,8100.0,Debit Card,Cancelled,,8100.0
ORD103867,2025-01-04,CUST1182,Customer 239,Kolkata,West Bengal,Coffee Maker,Home Appliances,1,5200,0.0,5200.0,Credit Card,Returned,,5200.0
ORD100677,2025-05-23,CUST1260,Customer 589,Kolkata,West Bengal,Running Shoes,Fashion,1,4500,0.15,3825.0,Credit Card,Delivered,1.0,3825.0
ORD102309,2025-02-05,CUST1559,Customer 228,Kolkata,West Bengal,Smartphone,Electronics,1,28000,0.15,23800.0,Credit Card,Returned,,23800.0
ORD101195,2025-06-10,CUST1392,Customer 468,Kochi,Kerala,Laptop,Electronics,1,55000,0.2,44000.0,Credit Card,Delivered,5.0,44000.0
ORD100928,2025-02-03,CUST1108,Customer 408,Ahmedabad,Gujarat,Keyboard,Accessories,1,2200,0.05,2090.0,Cash on Delivery,Delivered,4.0,2090.0
ORD103165,2025-09-25,CUST1106,Customer 294,Mumbai,Maharashtra,Running Shoes,Fashion,2,4500,0.0,9000.0,Credit Card,Returned,,9000.0
ORD101968,2025-09-18,CUST1083,Customer 535,Kolkata,West Bengal,Backpack,Accessories,1,1800,0.0,1800.0,Debit Card,Delivered,3.0,1800.0
ORD100919,2025-01-25,CUST1467,Customer 88,Hyderabad,Telangana,Mixer Grinder,Home Appliances,2,3800,0.0,7600.0,Credit Card,Delivered,4.0,7600.0
ORD103296,2025-06-26,CUST1033,Customer 89,Ahmedabad,Gujarat,Keyboard,Accessories,2,2200,0.1,3960.0,UPI,Delivered,2.0,3960.0
ORD100713,2025-07-16,CUST1625,Customer 166,Delhi,Delhi,Smartwatch,Electronics,1,6500,0.05,6175.0,UPI,Cancelled,,6175.0
ORD101251,2025-01-08,CUST1550,Customer 478,Hyderabad,Telangana,Coffee Maker,Home Appliances,1,5200,0.1,4680.0,UPI,Delivered,5.0,4680.0
ORD101993,2025-04-17,CUST1053,Customer 262,Delhi,Delhi,Coffee Maker,Home Appliances,1,5200,0.0,5200.0,UPI,Delivered,5.0,5200.0
ORD102986,2025-12-29,CUST1422,Customer 474,Chennai,Tamil Nadu,Keyboard,Accessories,1,2200,0.05,2090.0,Credit Card,Delivered,3.0,2090.0
ORD100752,2025-03-24,CUST1039,Customer 38,Hyderabad,Telangana,Coffee Maker,Home Appliances,1,5200,0.1,4680.0,Net Banking,Delivered,3.0,4680.0
ORD104151,2025-08-16,CUST1225,Customer 336,Hyderabad,Telangana,Laptop,Electronics,1,55000,0.0,55000.0,Net Banking,Delivered,4.0,55000.0
ORD103469,2025-08-02,CUST1105,Customer 239,Chennai,Tamil Nadu,T-Shirt,Fashion,1,900,0.0,900.0,Debit Card,Delivered,4.0,900.0
ORD100479,2025-10-16,CUST1570,Customer 279,Kochi,Kerala,Smartwatch,Electronics,1,6500,0.1,5850.0,Net Banking,Delivered,3.0,5850.0
ORD103978,2025-01-08,CUST1490,Customer 340,Hyderabad,Telangana,Running Shoes,Fashion,1,4500,0.1,4050.0,UPI,Returned,,4050.0
ORD100268,2025-02-06,CUST1248,Customer 118,Hyderabad,Telangana,Backpack,Accessories,1,1800,0.1,1620.0,UPI,Delivered,1.0,1620.0
ORD100962,2025-08-17,CUST1139,Customer 103,Mumbai,Maharashtra,Mixer Grinder,Home Appliances,1,3800,0.0,3800.0,Credit Card,Cancelled,,3800.0
ORD103084,2025-08-15,CUST1100,Customer 238,Chennai,Tamil Nadu,Smartwatch,Electronics,1,6500,0.0,6500.0,Debit Card,Delivered,2.0,6500.0
ORD100572,2025-09-22,CUST1036,Customer 463,Mumbai,Maharashtra,Coffee Maker,Home Appliances,1,5200,0.05,4940.0,Net Banking,Delivered,3.0,4940.0
ORD101935,2025-08-25,CUST1392,Customer 169,Pune,Maharashtra,Mixer Grinder,Home Appliances,1,3800,0.05,3610.0,Debit Card,Delivered,3.0,3610.0
ORD100386,2025-09-21,CUST1242,Customer 31,Kolkata,West Bengal,Smartwatch,Electronics,1,6500,0.1,5850.0,Cash on Delivery,Delivered,5.0,5850.0
ORD104168,2025-05-19,CUST1233,Customer 509,Pune,Maharashtra,Smartwatch,Electronics,1,6500,0.05,6175.0,UPI,Cancelled,,6175.0
ORD101744,2025-03-25,CUST1399,Customer 391,Bengaluru,Karnataka,Keyboard,Accessories,1,2200,0.0,2200.0,Credit Card,Delivered,2.0,2200.0
ORD102673,2025-05-24,CUST1179,Customer 278,Ahmedabad,Gujarat,Smartphone,Electronics,1,28000,0.05,26600.0,UPI,Delivered,3.0,26600.0
ORD102562,2025-09-18,CUST1028,Customer 372,Ahmedabad,Gujarat,Desk,Furniture,1,12000,0.05,11400.0,Net Banking,Delivered,1.0,11400.0
ORD103081,2025-05-23,CUST1567,Customer 60,Bengaluru,Karnataka,Headphones,Electronics,2,2500,0.1,4500.0,Debit Card,Delivered,2.0,4500.0
ORD101299,2025-10-20,CUST1584,Customer 270,Chennai,Tamil Nadu,Smartwatch,Electronics,1,6500,0.0,6500.0,Credit Card,Delivered,2.0,6500.0
ORD101533,2025-03-02,CUST1292,Customer 214,Kochi,Kerala,Running Shoes,Fashion,1,4500,0.15,3825.0,Debit Card,Returned,,3825.0
ORD101420,2025-04-18,CUST1072,Customer 365,Mumbai,Maharashtra,Mixer Grinder,Home Appliances,3,3800,0.1,10260.0,Debit Card,Delivered,4.0,10260.0
ORD102547,2025-03-28,CUST1367,Customer 59,Kochi,Kerala,Backpack,Accessories,1,1800,0.1,1620.0,Credit Card,Delivered,1.0,1620.0
ORD101620,2025-04-25,CUST1430,Customer 507,Kolkata,West Bengal,Office Chair,Furniture,2,9000,0.0,18000.0,Credit Card,Cancelled,,18000.0
ORD102893,2025-03-22,CUST1215,Customer 141,Delhi,Delhi,Backpack,Accessories,1,1800,0.1,1620.0,Debit Card,Delivered,1.0,1620.0
ORD103450,2025-02-20,CUST1161,Customer 140,Pune,Maharashtra,Backpack,Accessories,1,1800,0.0,1800.0,Net Banking,Delivered,5.0,1800.0
ORD100707,2025-08-28,CUST1631,Customer 115,Mumbai,Maharashtra,Backpack,Accessories,1,1800,0.1,1620.0,Cash on Delivery,Returned,,1620.0
ORD103116,2025-06-03,CUST1180,Customer 602,Mumbai,Maharashtra,Mixer Grinder,Home Appliances,1,3800,0.1,3420.0,Debit Card,Returned,,3420.0
ORD103752,2025-04-10,CUST1074,Customer 172,Delhi,Delhi,Headphones,Electronics,2,2500,0.15,4250.0,Credit Card,Returned,,4250.0
ORD103510,2025-07-02,CUST1470,Customer 619,Chennai,Tamil Nadu,Mixer Grinder,Home Appliances,2,3800,0.0,7600.0,UPI,Delivered,2.0,7600.0
ORD103981,2025-01-08,CUST1239,Customer 529,Ahmedabad,Gujarat,Coffee Maker,Home Appliances,1,5200,0.0,5200.0,Net Banking,Delivered,5.0,5200.0
ORD103894,2025-11-17,CUST1066,Customer 327,Mumbai,Maharashtra,Mixer Grinder,Home Appliances,1,3800,0.1,3420.0,Cash on Delivery,Returned,,3420.0
ORD102700,2025-01-20,CUST1039,Customer 173,Ahmedabad,Gujarat,Desk,Furniture,1,12000,0.2,9600.0,Debit Card,Delivered,5.0,9600.0
ORD100288,2025-04-22,CUST1470,Customer 506,Bengaluru,Karnataka,T-Shirt,Fashion,2,900,0.1,1620.0,UPI,Delivered,4.0,1620.0
ORD101851,2025-09-21,CUST1650,Customer 387,Pune,Maharashtra,Backpack,Accessories,1,1800,0.05,1710.0,Cash on Delivery,Delivered,4.0,1710.0
ORD103380,2025-01-07,CUST1292,Customer 437,Hyderabad,Telangana,Headphones,Electronics,1,2500,0.1,2250.0,Unknown,Delivered,3.0,2250.0
ORD102855,2025-04-17,CUST1348,Customer 38,Mumbai,Maharashtra,Desk,Furniture,1,12000,0.05,11400.0,Credit Card,Delivered,4.0,11400.0
ORD100691,2025-06-13,CUST1002,Customer 362,Ahmedabad,Gujarat,Keyboard,Accessories,1,2200,0.2,1760.0,Debit Card,Delivered,4.0,1760.0
ORD102757,2025-01-19,CUST1607,Customer 584,Pune,Maharashtra,Laptop,Electronics,1,55000,0.1,49500.0,Cash on Delivery,Delivered,4.0,49500.0
ORD100807,2025-05-13,CUST1560,Customer 301,Mumbai,Maharashtra,Backpack,Accessories,1,1800,0.0,1800.0,Net Banking,Cancelled,,1800.0
ORD101685,2025-03-15,CUST1399,Customer 74,Jaipur,Rajasthan,Desk,Furniture,1,12000,0.0,12000.0,Debit Card,Returned,,12000.0
ORD102544,2025-01-08,CUST1013,Customer 449,Bengaluru,Karnataka,T-Shirt,Fashion,1,900,0.05,855.0,Credit Card,Delivered,4.0,855.0
ORD102065,2025-08-20,CUST1544,Customer 435,Kochi,Kerala,Office Chair,Furniture,1,9000,0.1,8100.0,Cash on Delivery,Cancelled,,8100.0
ORD102588,2025-09-23,CUST1272,Customer 635,Jaipur,Rajasthan,Smartphone,Electronics,1,28000,0.0,28000.0,Debit Card,Cancelled,,28000.0
ORD103556,2025-05-06,CUST1145,Customer 451,Kolkata,West Bengal,Mixer Grinder,Home Appliances,1,3800,0.15,3230.0,Debit Card,Delivered,3.0,3230.0
ORD103775,2025-11-06,CUST1184,Customer 478,Pune,Maharashtra,T-Shirt,Fashion,2,900,0.0,1800.0,UPI,Delivered,1.0,1800.0
ORD100655,2025-05-14,CUST1287,Customer 449,Ahmedabad,Gujarat,T-Shirt,Fashion,1,900,0.2,720.0,Net Banking,Delivered,4.0,720.0
ORD102373,2025-06-15,CUST1107,Customer 75,Bengaluru,Karnataka,Smartwatch,Electronics,2,6500,0.05,12350.0,UPI,Delivered,4.0,12350.0
ORD103602,2025-12-21,CUST1121,Customer 302,Jaipur,Rajasthan,Keyboard,Accessories,1,2200,0.0,2200.0,UPI,Delivered,4.0,2200.0
ORD102357,2025-11-19,CUST1402,Customer 438,Chennai,Tamil Nadu,Backpack,Accessories,3,1800,0.0,5400.0,Debit Card,Delivered,1.0,5400.0
ORD100312,2025-08-18,CUST1199,Customer 50,Delhi,Delhi,Headphones,Electronics,1,2500,0.05,2375.0,Net Banking,Delivered,2.0,2375.0
ORD104036,2025-04-01,CUST1573,Customer 356,Chennai,Tamil Nadu,Smartphone,Electronics,1,28000,0.0,28000.0,Cash on Delivery,Delivered,4.0,28000.0
ORD104013,2025-12-30,CUST1079,Customer 59,Pune,Maharashtra,Keyboard,Accessories,2,2200,0.1,3960.0,Debit Card,Delivered,3.0,3960.0
ORD100781,2025-10-30,CUST1563,Customer 587,Chennai,Tamil Nadu,Keyboard,Accessories,1,2200,0.1,1980.0,Net Banking,Delivered,3.0,1980.0
ORD100260,2025-05-24,CUST1196,Customer 78,Mumbai,Maharashtra,Backpack,Accessories,2,1800,0.15,3060.0,Credit Card,Delivered,4.0,3060.0
ORD101224,2025-11-01,CUST1354,Customer 198,Jaipur,Rajasthan,Headphones,Electronics,1,2500,0.1,2250.0,Net Banking,Delivered,3.0,2250.0
ORD100924,2025-05-26,CUST1032,Customer 493,Chennai,Tamil Nadu,Backpack,Accessories,1,1800,0.1,1620.0,Credit Card,Returned,,1620.0
ORD104087,2025-04-26,CUST1327,Customer 65,Mumbai,Maharashtra,Laptop,Electronics,1,55000,0.0,55000.0,UPI,Returned,,55000.0
ORD100377,2025-12-21,CUST1432,Customer 542,Kolkata,West Bengal,Smartwatch,Electronics,1,6500,0.0,6500.0,Cash on Delivery,Returned,,6500.0
ORD100456,2025-09-29,CUST1181,Customer 469,Kochi,Kerala,Running Shoes,Fashion,1,4500,0.0,4500.0,Credit Card,Delivered,5.0,4500.0
ORD103711,2025-02-25,CUST1230,Customer 34,Jaipur,Rajasthan,Smartwatch,Electronics,1,6500,0.05,6175.0,Net Banking,Delivered,5.0,6175.0
ORD101114,2025-04-05,CUST1374,Customer 349,Kochi,Kerala,Backpack,Accessories,2,1800,0.0,3600.0,Debit Card,Delivered,2.0,3600.0
ORD102895,2025-03-02,CUST1047,Customer 216,Mumbai,Maharashtra,Desk,Furniture,1,12000,0.1,10800.0,Debit Card,Cancelled,,10800.0
ORD102399,2025-04-05,CUST1090,Customer 133,Pune,Maharashtra,Backpack,Accessories,1,1800,0.1,1620.0,UPI,Delivered,4.0,1620.0
ORD100102,2025-03-04,CUST1530,Customer 598,Kochi,Kerala,Backpack,Accessories,1,1800,0.05,1710.0,UPI,Cancelled,,1710.0
ORD102006,2025-05-10,CUST1033,Customer 374,Kolkata,West Bengal,T-Shirt,Fashion,2,900,0.05,1710.0,Credit Card,Delivered,4.0,1710.0
ORD104195,2025-11-09,CUST1307,Customer 570,Pune,Maharashtra,Backpack,Accessories,1,1800,0.0,1800.0,Credit Card,Delivered,5.0,1800.0
ORD102939,2025-08-20,CUST1225,Customer 565,Pune,Maharashtra,Running Shoes,Fashion,1,4500,0.05,4275.0,UPI,Cancelled,,4275.0
ORD102469,2025-06-04,CUST1227,Customer 523,Bengaluru,Karnataka,Running Shoes,Fashion,1,4500,0.2,3600.0,Credit Card,Returned,,3600.0
ORD102688,2025-03-07,CUST1507,Customer 486,Kochi,Kerala,Running Shoes,Fashion,2,4500,0.05,8550.0,Debit Card,Delivered,4.0,8550.0
ORD103708,2025-06-26,CUST1518,Customer 44,Pune,Maharashtra,Laptop,Electronics,2,55000,0.0,110000.0,Debit Card,Returned,,110000.0
ORD101355,2025-10-14,CUST1316,Customer 393,Kochi,Kerala,Mixer Grinder,Home Appliances,1,3800,0.1,3420.0,Cash on Delivery,Returned,,3420.0
ORD101247,2025-02-24,CUST1480,Customer 132,Kochi,Kerala,Mixer Grinder,Home Appliances,1,3800,0.0,3800.0,Credit Card,Delivered,3.0,3800.0
ORD102258,2025-07-07,CUST1231,Customer 539,Bengaluru,Karnataka,Running Shoes,Fashion,1,4500,0.0,4500.0,Credit Card,Delivered,5.0,4500.0
ORD102290,2025-03-08,CUST1351,Customer 167,Delhi,Delhi,Mixer Grinder,Home Appliances,2,3800,0.15,6460.0,Net Banking,Delivered,4.0,6460.0
ORD102318,2025-02-24,CUST1274,Customer 155,Kolkata,West Bengal,T-Shirt,Fashion,1,900,0.0,900.0,Debit Card,Delivered,3.0,900.0
ORD101606,2025-09-08,CUST1588,Customer 227,Jaipur,Rajasthan,Coffee Maker,Home Appliances,1,5200,0.0,5200.0,Net Banking,Delivered,1.0,5200.0
ORD102308,2025-10-27,CUST1225,Customer 469,Mumbai,Maharashtra,Laptop,Electronics,1,55000,0.0,55000.0,Credit Card,Cancelled,,55000.0
ORD101170,2025-05-17,CUST1566,Customer 79,Delhi,Delhi,Backpack,Accessories,1,1800,0.05,1710.0,Credit Card,Delivered,1.0,1710.0
ORD103661,2025-01-22,CUST1018,Customer 508,Kolkata,West Bengal,T-Shirt,Fashion,1,900,0.05,855.0,UPI,Cancelled,,855.0
ORD100392,2025-10-15,CUST1314,Customer 247,Bengaluru,Karnataka,Keyboard,Accessories,1,2200,0.1,1980.0,Credit Card,Returned,,1980.0
ORD100896,2025-01-03,CUST1637,Customer 397,Hyderabad,Telangana,Office Chair,Furniture,1,9000,0.0,9000.0,UPI,Delivered,2.0,9000.0
ORD102965,2025-09-25,CUST1101,Customer 176,Pune,Maharashtra,Headphones,Electronics,2,2500,0.0,5000.0,UPI,Delivered,5.0,5000.0
ORD102341,2025-10-15,CUST1301,Customer 620,Chennai,Tamil Nadu,Running Shoes,Fashion,2,4500,0.05,8550.0,Cash on Delivery,Delivered,1.0,8550.0
ORD103701,2025-05-17,CUST1180,Customer 131,Kolkata,West Bengal,Keyboard,Accessories,2,2200,0.05,4180.0,Debit Card,Delivered,3.0,4180.0
ORD100331,2025-06-21,CUST1193,Customer 591,Kolkata,West Bengal,Smartphone,Electronics,1,28000,0.05,26600.0,UPI,Delivered,1.0,26600.0
ORD103968,2025-10-12,CUST1483,Customer 57,Kochi,Kerala,T-Shirt,Fashion,1,900,0.1,810.0,Debit Card,Cancelled,,810.0
ORD101175,2025-10-18,CUST1148,Customer 285,Kochi,Kerala,Smartphone,Electronics,2,28000,0.0,56000.0,UPI,Cancelled,,56000.0
ORD100159,2025-03-07,CUST1328,Customer 555,Delhi,Delhi,Running Shoes,Fashion,1,4500,0.0,4500.0,Debit Card,Delivered,5.0,4500.0
ORD100486,2025-09-03,CUST1204,Customer 75,Chennai,Tamil Nadu,Keyboard,Accessories,1,2200,0.0,2200.0,Net Banking,Returned,,2200.0
ORD104052,2025-12-31,CUST1557,Customer 20,Kolkata,West Bengal,Smartphone,Electronics,1,28000,0.0,28000.0,Debit Card,Delivered,3.0,28000.0
ORD101208,2025-04-28,CUST1535,Customer 554,Delhi,Delhi,Backpack,Accessories,1,1800,0.0,1800.0,Cash on Delivery,Delivered,5.0,1800.0
ORD101905,2025-11-28,CUST1170,Customer 362,Chennai,Tamil Nadu,T-Shirt,Fashion,1,900,0.05,855.0,Net Banking,Delivered,3.0,855.0
ORD101031,2025-11-16,CUST1427,Customer 122,Kochi,Kerala,Running Shoes,Fashion,1,4500,0.15,3825.0,Cash on Delivery,Delivered,4.0,3825.0
ORD101626,2025-02-09,CUST1124,Customer 504,Chennai,Tamil Nadu,Smartwatch,Electronics,2,6500,0.05,12350.0,UPI,Delivered,4.0,12350.0
ORD102841,2025-08-08,CUST1253,Customer 303,Mumbai,Maharashtra,Running Shoes,Fashion,1,4500,0.0,4500.0,Debit Card,Cancelled,,4500.0
ORD102850,2025-02-13,CUST1314,Customer 320,Bengaluru,Karnataka,Smartphone,Electronics,1,28000,0.1,25200.0,Net Banking,Delivered,4.0,25200.0
ORD102396,2025-11-06,CUST1103,Customer 120,Chennai,Tamil Nadu,Keyboard,Accessories,1,2200,0.0,2200.0,Credit Card,Cancelled,,2200.0
ORD100898,2025-08-26,CUST1061,Customer 508,Delhi,Delhi,Smartwatch,Electronics,1,6500,0.15,5525.0,Debit Card,Delivered,1.0,5525.0
ORD102225,2025-12-11,CUST1537,Customer 35,Bengaluru,Karnataka,Mixer Grinder,Home Appliances,1,3800,0.0,3800.0,Cash on Delivery,Delivered,2.0,3800.0
ORD104162,2025-07-21,CUST1057,Customer 385,Jaipur,Rajasthan,Laptop,Electronics,1,55000,0.15,46750.0,Net Banking,Delivered,5.0,46750.0
ORD102321,2025-05-16,CUST1135,Customer 291,Hyderabad,Telangana,Laptop,Electronics,1,55000,0.0,55000.0,Credit Card,Cancelled,,55000.0
ORD100207,2025-01-02,CUST1255,Customer 33,Mumbai,Maharashtra,Coffee Maker,Home Appliances,1,5200,0.05,4940.0,Cash on Delivery,Cancelled,,4940.0
ORD100952,2025-11-14,CUST1525,Customer 92,Hyderabad,Telangana,Smartwatch,Electronics,1,6500,0.05,6175.0,Debit Card,Delivered,3.0,6175.0
ORD100029,2025-12-11,CUST1513,Customer 180,Delhi,Delhi,Laptop,Electronics,1,55000,0.0,55000.0,Cash on Delivery,Delivered,3.0,55000.0
ORD103298,2025-12-06,CUST1378,Customer 433,Pune,Maharashtra,Keyboard,Accessories,1,2200,0.2,1760.0,Debit Card,Delivered,2.0,1760.0
ORD100265,2025-10-31,CUST1167,Customer 635,Mumbai,Maharashtra,Office Chair,Furniture,1,9000,0.05,8550.0,Credit Card,Delivered,1.0,8550.0
ORD102317,2025-05-01,CUST1515,Customer 226,Delhi,Delhi,Desk,Furniture,1,12000,0.05,11400.0,Credit Card,Delivered,2.0,11400.0
ORD103727,2025-09-30,CUST1420,Customer 70,Chennai,Tamil Nadu,Desk,Furniture,1,12000,0.0,12000.0,Cash on Delivery,Delivered,2.0,12000.0
ORD101742,2025-10-30,CUST1292,Customer 615,Chennai,Tamil Nadu,Mixer Grinder,Home Appliances,1,3800,0.15,3230.0,Net Banking,Delivered,3.0,3230.0
ORD100886,2025-01-14,CUST1215,Customer 73,Ahmedabad,Gujarat,Headphones,Electronics,2,2500,0.05,4750.0,Debit Card,Delivered,3.0,4750.0
ORD102313,2025-11-07,CUST1608,Customer 306,Kolkata,West Bengal,Smartwatch,Electronics,2,6500,0.05,12350.0,UPI,Delivered,2.0,12350.0
ORD102960,2025-03-30,CUST1411,Customer 183,Bengaluru,Karnataka,Smartphone,Electronics,1,28000,0.05,26600.0,Debit Card,Delivered,3.0,26600.0
ORD100021,2025-10-21,CUST1128,Customer 523,Ahmedabad,Gujarat,Desk,Furniture,1,12000,0.1,10800.0,Cash on Delivery,Delivered,5.0,10800.0
ORD101623,2025-02-25,CUST1199,Customer 603,Jaipur,Rajasthan,Smartwatch,Electronics,2,6500,0.0,13000.0,Debit Card,Delivered,1.0,13000.0
ORD102189,2025-10-25,CUST1371,Customer 287,Kolkata,West Bengal,Smartwatch,Electronics,2,6500,0.05,12350.0,Debit Card,Returned,,12350.0
ORD102101,2025-12-05,CUST1514,Customer 594,Jaipur,Rajasthan,Desk,Furniture,1,12000,0.1,10800.0,Cash on Delivery,Delivered,1.0,10800.0
ORD101121,2025-03-10,CUST1120,Customer 72,Kolkata,West Bengal,T-Shirt,Fashion,1,900,0.0,900.0,Debit Card,Delivered,3.0,900.0
ORD101457,2025-10-09,CUST1222,Customer 81,Bengaluru,Karnataka,Laptop,Electronics,1,55000,0.1,49500.0,Debit Card,Delivered,3.0,49500.0
ORD102142,2025-12-09,CUST1556,Customer 157,Pune,Maharashtra,Backpack,Accessories,1,1800,0.0,1800.0,Net Banking,Delivered,4.0,1800.0
ORD101719,2025-03-20,CUST1126,Customer 555,Pune,Maharashtra,T-Shirt,Fashion,2,900,0.0,1800.0,UPI,Delivered,4.0,1800.0
ORD102314,2025-07-27,CUST1328,Customer 110,Kochi,Kerala,Running Shoes,Fashion,1,4500,0.2,3600.0,UPI,Returned,,3600.0
ORD103544,2025-07-08,CUST1560,Customer 228,Kochi,Kerala,Desk,Furniture,1,12000,0.05,11400.0,UPI,Returned,,11400.0
ORD104121,2025-07-07,CUST1501,Customer 279,Kochi,Kerala,Desk,Furniture,1,12000,0.15,10200.0,Cash on Delivery,Delivered,4.0,10200.0
ORD100911,2025-08-19,CUST1065,Unknown Customer,Mumbai,Maharashtra,Office Chair,Furniture,1,9000,0.1,8100.0,Debit Card,Delivered,1.0,8100.0
ORD100545,2025-04-09,CUST1129,Customer 511,Mumbai,Maharashtra,Coffee Maker,Home Appliances,1,5200,0.0,5200.0,UPI,Returned,,5200.0
ORD101376,2025-01-29,CUST1599,Customer 631,Kochi,Kerala,Coffee Maker,Home Appliances,2,5200,0.1,9360.0,Credit Card,Delivered,1.0,9360.0
ORD102416,2025-04-06,CUST1314,Customer 513,Jaipur,Rajasthan,Headphones,Electronics,1,2500,0.05,2375.0,Debit Card,Cancelled,,2375.0
ORD100414,2025-03-01,CUST1583,Customer 156,Chennai,Tamil Nadu,Keyboard,Accessories,1,2200,0.05,2090.0,Cash on Delivery,Delivered,4.0,2090.0
ORD100525,2025-08-03,CUST1022,Customer 580,Delhi,Delhi,Smartphone,Electronics,1,28000,0.05,26600.0,UPI,Delivered,2.0,26600.0
ORD102952,2025-09-11,CUST1481,Customer 134,Hyderabad,Telangana,Headphones,Electronics,1,2500,0.15,2125.0,Net Banking,Returned,,2125.0
ORD102112,2025-07-18,CUST1136,Customer 296,Bengaluru,Karnataka,Keyboard,Accessories,1,2200,0.15,1870.0,Cash on Delivery,Cancelled,,1870.0
ORD102579,2025-10-19,CUST1165,Customer 344,Pune,Maharashtra,Backpack,Accessories,1,1800,0.1,1620.0,Credit Card,Delivered,1.0,1620.0
ORD102663,2025-01-30,CUST1008,Customer 153,Mumbai,Maharashtra,Desk,Furniture,1,12000,0.1,10800.0,UPI,Delivered,4.0,10800.0
ORD100573,2025-10-11,CUST1039,Customer 581,Hyderabad,Telangana,T-Shirt,Fashion,1,900,0.0,900.0,Net Banking,Delivered,4.0,900.0
ORD102156,2025-09-28,CUST1329,Customer 454,Delhi,Delhi,Laptop,Electronics,1,55000,0.05,52250.0,Net Banking,Delivered,4.0,52250.0
ORD102382,2025-01-07,CUST1218,Customer 330,Mumbai,Maharashtra,Laptop,Electronics,3,55000,0.1,148500.0,Credit Card,Delivered,5.0,148500.0
ORD104059,2025-04-15,CUST1462,Customer 455,Kochi,Kerala,Desk,Furniture,1,12000,0.05,11400.0,Cash on Delivery,Delivered,2.0,11400.0
ORD100638,2025-02-08,CUST1376,Customer 246,Delhi,Delhi,Office Chair,Furniture,1,9000,0.0,9000.0,Cash on Delivery,Cancelled,,9000.0
ORD100010,2025-08-03,CUST1369,Customer 501,Bengaluru,Karnataka,Laptop,Electronics,1,55000,0.05,52250.0,Credit Card,Delivered,3.0,52250.0
ORD101014,2025-04-11,CUST1285,Customer 532,Kolkata,West Bengal,Coffee Maker,Home Appliances,1,5200,0.1,4680.0,Net Banking,Delivered,2.0,4680.0
ORD103202,2025-05-12,CUST1350,Customer 385,Delhi,Delhi,Coffee Maker,Home Appliances,2,5200,0.1,9360.0,Credit Card,Delivered,2.0,9360.0
ORD103422,2025-06-19,CUST1299,Customer 60,Mumbai,Maharashtra,Mixer Grinder,Home Appliances,1,3800,0.2,3040.0,Cash on Delivery,Cancelled,,3040.0
ORD100764,2025-04-05,CUST1065,Customer 117,Pune,Maharashtra,Running Shoes,Fashion,3,4500,0.05,12825.0,UPI,Delivered,4.0,12825.0
ORD101700,2025-01-17,CUST1451,Customer 97,Kochi,Kerala,Coffee Maker,Home Appliances,2,5200,0.2,8320.0,Debit Card,Returned,,8320.0
ORD102761,2025-07-02,CUST1443,Customer 90,Delhi,Delhi,Coffee Maker,Home Appliances,1,5200,0.05,4940.0,Debit Card,Delivered,3.0,4940.0
ORD103493,2025-05-29,CUST1120,Customer 385,Bengaluru,Karnataka,Headphones,Electronics,1,2500,0.0,2500.0,Net Banking,Delivered,5.0,2500.0
ORD100789,2025-09-09,CUST1396,Customer 289,Hyderabad,Telangana,Headphones,Electronics,3,2500,0.2,6000.0,Net Banking,Cancelled,,6000.0
ORD103016,2025-10-10,CUST1095,Customer 409,Delhi,Delhi,Coffee Maker,Home Appliances,1,5200,0.0,5200.0,Credit Card,Delivered,3.0,5200.0
ORD102583,2025-06-18,CUST1615,Customer 118,Kolkata,West Bengal,Coffee Maker,Home Appliances,1,5200,0.05,4940.0,Net Banking,Delivered,3.0,4940.0
ORD103741,2025-02-10,CUST1209,Customer 611,Delhi,Delhi,Office Chair,Furniture,1,9000,0.2,7200.0,Credit Card,Delivered,3.0,7200.0
ORD103293,2025-12-09,CUST1276,Customer 83,Delhi,Delhi,Smartwatch,Electronics,2,6500,0.05,12350.0,Cash on Delivery,Delivered,5.0,12350.0
ORD102719,2025-12-25,CUST1342,Customer 453,Kochi,Kerala,Smartwatch,Electronics,1,6500,0.1,5850.0,UPI,Delivered,2.0,5850.0
ORD100969,2025-01-04,CUST1317,Customer 417,Jaipur,Rajasthan,T-Shirt,Fashion,1,900,0.0,900.0,UPI,Delivered,1.0,900.0
ORD102099,2025-03-23,CUST1054,Customer 592,Bengaluru,Karnataka,T-Shirt,Fashion,1,900,0.1,810.0,Debit Card,Delivered,4.0,810.0
ORD100512,2025-11-19,CUST1538,Customer 453,Kolkata,West Bengal,Keyboard,Accessories,1,2200,0.0,2200.0,Unknown,Returned,,2200.0
ORD101826,2025-10-16,CUST1322,Customer 418,Jaipur,Rajasthan,Running Shoes,Fashion,1,4500,0.0,4500.0,Debit Card,Delivered,5.0,4500.0
ORD103638,2025-06-07,CUST1621,Customer 129,Bengaluru,Karnataka,T-Shirt,Fashion,1,900,0.05,855.0,Cash on Delivery,Delivered,3.0,855.0
ORD102118,2025-10-18,CUST1517,Customer 583,Pune,Maharashtra,Smartphone,Electronics,1,28000,0.0,28000.0,UPI,Delivered,1.0,28000.0
ORD103533,2025-12-03,CUST1098,Customer 487,Ahmedabad,Gujarat,Backpack,Accessories,2,1800,0.2,2880.0,Cash on Delivery,Delivered,5.0,2880.0
ORD101503,2025-08-15,CUST1234,Customer 485,Kochi,Kerala,Office Chair,Furniture,2,9000,0.0,18000.0,Cash on Delivery,Cancelled,,18000.0
ORD102635,2025-07-22,CUST1036,Customer 424,Ahmedabad,Gujarat,T-Shirt,Fashion,1,900,0.15,765.0,Net Banking,Delivered,3.0,765.0
ORD101562,2025-01-05,CUST1113,Customer 164,Mumbai,Maharashtra,T-Shirt,Fashion,2,900,0.0,1800.0,Net Banking,Delivered,1.0,1800.0
ORD104120,2025-09-06,CUST1241,Customer 167,Ahmedabad,Gujarat,Keyboard,Accessories,3,2200,0.0,6600.0,UPI,Delivered,3.0,6600.0
ORD100240,2025-09-16,CUST1329,Customer 469,Bengaluru,Karnataka,Mixer Grinder,Home Appliances,1,3800,0.05,3610.0,UPI,Delivered,5.0,3610.0
ORD101387,2025-11-06,CUST1078,Customer 592,Ahmedabad,Gujarat,Coffee Maker,Home Appliances,1,5200,0.0,5200.0,Credit Card,Returned,,5200.0
ORD100246,2025-12-18,CUST1021,Customer 145,Pune,Maharashtra,Office Chair,Furniture,1,9000,0.05,8550.0,UPI,Delivered,3.0,8550.0
ORD100069,2025-07-10,CUST1371,Customer 587,Bengaluru,Karnataka,Smartphone,Electronics,1,28000,0.0,28000.0,UPI,Delivered,1.0,28000.0
ORD102530,2025-10-11,CUST1199,Customer 620,Hyderabad,Telangana,Backpack,Accessories,1,1800,0.0,1800.0,UPI,Delivered,1.0,1800.0
ORD100549,2025-05-31,CUST1303,Customer 322,Bengaluru,Karnataka,Keyboard,Accessories,1,2200,0.0,2200.0,UPI,Delivered,2.0,2200.0
ORD103273,2025-05-07,CUST1278,Customer 125,Pune,Maharashtra,Office Chair,Furniture,1,9000,0.05,8550.0,Cash on Delivery,Delivered,4.0,8550.0
ORD103903,2025-06-08,CUST1340,Customer 141,Kochi,Kerala,Office Chair,Furniture,1,9000,0.05,8550.0,Cash on Delivery,Delivered,4.0,8550.0
ORD100959,2025-08-31,CUST1361,Customer 320,Chennai,Tamil Nadu,Desk,Furniture,2,12000,0.1,21600.0,Credit Card,Delivered,2.0,21600.0
ORD103798,2025-09-15,CUST1270,Customer 545,Kochi,Kerala,T-Shirt,Fashion,1,900,0.15,765.0,Cash on Delivery,Delivered,2.0,765.0
ORD101587,2025-04-08,CUST1306,Customer 367,Kochi,Kerala,Office Chair,Furniture,1,9000,0.0,9000.0,Net Banking,Delivered,5.0,9000.0
ORD102390,2025-10-03,CUST1003,Customer 445,Pune,Maharashtra,Laptop,Electronics,1,55000,0.1,49500.0,Net Banking,Delivered,4.0,49500.0
ORD103412,2025-02-20,CUST1321,Customer 464,Kolkata,West Bengal,Coffee Maker,Home Appliances,1,5200,0.15,4420.0,Debit Card,Delivered,4.0,4420.0
ORD102726,2025-09-30,CUST1259,Customer 329,Kolkata,West Bengal,T-Shirt,Fashion,3,900,0.1,2430.0,Debit Card,Delivered,2.0,2430.0
ORD101348,2025-03-17,CUST1619,Customer 451,Chennai,Tamil Nadu,Smartwatch,Electronics,1,6500,0.15,5525.0,UPI,Delivered,2.0,5525.0
ORD102237,2025-05-30,CUST1131,Customer 626,Jaipur,Rajasthan,Desk,Furniture,1,12000,0.0,12000.0,UPI,Cancelled,,12000.0
ORD101608,2025-03-31,CUST1327,Customer 508,Ahmedabad,Gujarat,Headphones,Electronics,1,2500,0.1,2250.0,Cash on Delivery,Returned,,2250.0
ORD102816,2025-05-06,CUST1087,Customer 581,Ahmedabad,Gujarat,T-Shirt,Fashion,1,900,0.0,900.0,Net Banking,Delivered,2.0,900.0
ORD101130,2025-01-23,CUST1389,Customer 576,Hyderabad,Telangana,Smartwatch,Electronics,1,6500,0.15,5525.0,Credit Card,Delivered,5.0,5525.0
ORD102037,2025-10-21,CUST1311,Customer 601,Delhi,Delhi,Mixer Grinder,Home Appliances,1,3800,0.0,3800.0,Cash on Delivery,Cancelled,,3800.0
ORD100109,2025-02-10,CUST1642,Customer 227,Jaipur,Rajasthan,Laptop,Electronics,2,55000,0.1,99000.0,Credit Card,Delivered,4.0,99000.0
ORD100580,2025-04-09,CUST1036,Customer 422,Ahmedabad,Gujarat,Keyboard,Accessories,1,2200,0.0,2200.0,Net Banking,Delivered,5.0,2200.0
ORD103335,2025-10-23,CUST1337,Customer 134,Bengaluru,Karnataka,Desk,Furniture,1,12000,0.15,10200.0,Net Banking,Delivered,3.0,10200.0
ORD100547,2025-04-06,CUST1366,Customer 516,Hyderabad,Telangana,Mixer Grinder,Home Appliances,1,3800,0.1,3420.0,Net Banking,Returned,,3420.0
ORD101026,2025-05-17,CUST1112,Customer 239,Ahmedabad,Gujarat,Smartwatch,Electronics,1,6500,0.0,6500.0,Net Banking,Delivered,1.0,6500.0
ORD100275,2025-07-27,CUST1488,Customer 431,Pune,Maharashtra,Backpack,Accessories,1,1800,0.05,1710.0,Debit Card,Delivered,1.0,1710.0
ORD103410,2025-12-29,CUST1425,Customer 531,Kolkata,West Bengal,Laptop,Electronics,1,55000,0.05,52250.0,UPI,Delivered,4.0,52250.0
ORD101385,2025-08-20,CUST1428,Customer 32,Hyderabad,Telangana,Smartphone,Electronics,1,28000,0.05,26600.0,Debit Card,Returned,,26600.0
ORD103761,2025-12-09,CUST1634,Customer 169,Chennai,Tamil Nadu,Backpack,Accessories,2,1800,0.2,2880.0,UPI,Cancelled,,2880.0
ORD102500,2025-10-09,CUST1181,Customer 340,Pune,Maharashtra,Coffee Maker,Home Appliances,2,5200,0.0,10400.0,Debit Card,Delivered,5.0,10400.0
ORD102760,2025-12-16,CUST1622,Unknown Customer,Jaipur,Rajasthan,Headphones,Electronics,1,2500,0.05,2375.0,Net Banking,Returned,,2375.0
ORD102207,2025-05-01,CUST1087,Customer 293,Mumbai,Maharashtra,Mixer Grinder,Home Appliances,1,3800,0.15,3230.0,Net Banking,Delivered,4.0,3230.0
ORD101088,2025-07-15,CUST1180,Customer 325,Jaipur,Rajasthan,Office Chair,Furniture,2,9000,0.1,16200.0,Cash on Delivery,Delivered,3.0,16200.0
ORD101873,2025-01-12,CUST1550,Customer 649,Chennai,Tamil Nadu,Laptop,Electronics,1,55000,0.1,49500.0,Cash on Delivery,Cancelled,,49500.0
ORD103159,2025-05-07,CUST1062,Customer 25,Hyderabad,Telangana,Laptop,Electronics,1,55000,0.0,55000.0,Net Banking,Delivered,2.0,55000.0
ORD100879,2025-09-10,CUST1061,Customer 294,Hyderabad,Telangana,Smartphone,Electronics,1,28000,0.0,28000.0,Credit Card,Delivered,1.0,28000.0
ORD101552,2025-11-06,CUST1429,Customer 350,Jaipur,Rajasthan,Desk,Furniture,1,12000,0.15,10200.0,Debit Card,Delivered,2.0,10200.0
ORD101991,2025-10-11,CUST1030,Customer 146,Pune,Maharashtra,Office Chair,Furniture,1,9000,0.05,8550.0,Credit Card,Delivered,4.0,8550.0
ORD102925,2025-02-28,CUST1575,Customer 184,Bengaluru,Karnataka,Smartphone,Electronics,1,28000,0.1,25200.0,Debit Card,Returned,,25200.0
ORD102770,2025-10-30,CUST1263,Customer 118,Ahmedabad,Gujarat,T-Shirt,Fashion,1,900,0.0,900.0,Credit Card,Delivered,4.0,900.0
ORD102471,2025-01-14,CUST1397,Customer 341,Bengaluru,Karnataka,Office Chair,Furniture,1,9000,0.1,8100.0,Cash on Delivery,Delivered,2.0,8100.0
ORD100763,2025-12-14,CUST1604,Customer 174,Bengaluru,Karnataka,Headphones,Electronics,1,2500,0.05,2375.0,Debit Card,Delivered,5.0,2375.0
ORD103069,2025-07-20,CUST1584,Customer 293,Chennai,Tamil Nadu,Desk,Furniture,1,12000,0.1,10800.0,Cash on Delivery,Delivered,2.0,10800.0
ORD101775,2025-02-15,CUST1467,Customer 360,Chennai,Tamil Nadu,T-Shirt,Fashion,1,900,0.15,765.0,Debit Card,Delivered,5.0,765.0
ORD104009,2025-10-05,CUST1407,Customer 256,Jaipur,Rajasthan,Coffee Maker,Home Appliances,1,5200,0.15,4420.0,Cash on Delivery,Delivered,1.0,4420.0
ORD101329,2025-01-04,CUST1307,Customer 568,Bengaluru,Karnataka,Running Shoes,Fashion,1,4500,0.1,4050.0,Debit Card,Delivered,2.0,4050.0
ORD100901,2025-10-01,CUST1512,Customer 266,Kolkata,West Bengal,Coffee Maker,Home Appliances,1,5200,0.1,4680.0,Debit Card,Delivered,5.0,4680.0
ORD102511,2025-02-11,CUST1021,Customer 33,Hyderabad,Telangana,Smartphone,Electronics,2,28000,0.0,56000.0,Cash on Delivery,Delivered,2.0,56000.0
ORD102217,2025-03-09,CUST1307,Customer 274,Hyderabad,Telangana,Headphones,Electronics,1,2500,0.0,2500.0,Cash on Delivery,Returned,,2500.0
ORD102713,2025-01-24,CUST1422,Customer 341,Hyderabad,Telangana,Keyboard,Accessories,3,2200,0.0,6600.0,Cash on Delivery,Cancelled,,6600.0
ORD104054,2025-12-09,CUST1017,Customer 90,Chennai,Tamil Nadu,Keyboard,Accessories,1,2200,0.05,2090.0,Net Banking,Delivered,5.0,2090.0
ORD101421,2025-06-21,CUST1650,Customer 147,Pune,Maharashtra,Laptop,Electronics,1,55000,0.0,55000.0,Credit Card,Delivered,1.0,55000.0
ORD100975,2025-07-13,CUST1649,Customer 321,Mumbai,Maharashtra,Coffee Maker,Home Appliances,1,5200,0.0,5200.0,Debit Card,Delivered,4.0,5200.0
ORD101156,2025-08-02,CUST1505,Customer 76,Ahmedabad,Gujarat,Desk,Furniture,1,12000,0.0,12000.0,Credit Card,Delivered,3.0,12000.0
ORD103839,2025-11-09,CUST1051,Customer 368,Kolkata,West Bengal,Smartphone,Electronics,1,28000,0.0,28000.0,Credit Card,Delivered,1.0,28000.0
ORD102518,2025-04-30,CUST1586,Customer 572,Hyderabad,Telangana,T-Shirt,Fashion,1,900,0.2,720.0,Credit Card,Delivered,2.0,720.0
ORD100850,2025-05-13,CUST1469,Customer 297,Jaipur,Rajasthan,T-Shirt,Fashion,1,900,0.15,765.0,Cash on Delivery,Delivered,1.0,765.0
ORD102867,2025-09-05,CUST1057,Customer 160,Kolkata,West Bengal,Mixer Grinder,Home Appliances,1,3800,0.05,3610.0,UPI,Delivered,1.0,3610.0
ORD103211,2025-06-11,CUST1636,Customer 52,Kolkata,West Bengal,Smartwatch,Electronics,1,6500,0.1,5850.0,Net Banking,Delivered,5.0,5850.0
ORD100517,2025-02-13,CUST1149,Customer 117,Kochi,Kerala,Coffee Maker,Home Appliances,2,5200,0.0,10400.0,Credit Card,Delivered,5.0,10400.0
ORD102441,2025-04-09,CUST1473,Customer 311,Kolkata,West Bengal,Headphones,Electronics,1,2500,0.15,2125.0,UPI,Delivered,3.0,2125.0
ORD100501,2025-09-04,CUST1525,Customer 630,Hyderabad,Telangana,Mixer Grinder,Home Appliances,1,3800,0.1,3420.0,Credit Card,Delivered,1.0,3420.0
ORD102358,2025-06-29,CUST1042,Customer 176,Kolkata,West Bengal,Backpack,Accessories,2,1800,0.05,3420.0,Cash on Delivery,Delivered,5.0,3420.0
ORD100464,2025-06-03,CUST1276,Customer 604,Hyderabad,Telangana,Headphones,Electronics,1,2500,0.0,2500.0,Net Banking,Cancelled,,2500.0
ORD100642,2025-08-30,CUST1097,Customer 529,Delhi,Delhi,Coffee Maker,Home Appliances,1,5200,0.05,4940.0,Cash on Delivery,Delivered,5.0,4940.0
ORD100482,2025-12-23,CUST1106,Customer 475,Ahmedabad,Gujarat,Smartphone,Electronics,1,28000,0.0,28000.0,Cash on Delivery,Returned,,28000.0
ORD102197,2025-02-16,CUST1600,Customer 577,Kolkata,West Bengal,Mixer Grinder,Home Appliances,1,3800,0.0,3800.0,Net Banking,Delivered,5.0,3800.0
ORD101595,2025-08-14,CUST1085,Customer 201,Pune,Maharashtra,Laptop,Electronics,1,55000,0.0,55000.0,Cash on Delivery,Cancelled,,55000.0
ORD103075,2025-05-08,CUST1293,Customer 539,Hyderabad,Telangana,Backpack,Accessories,1,1800,0.0,1800.0,Cash on Delivery,Delivered,4.0,1800.0
ORD100330,2025-01-17,CUST1215,Customer 644,Mumbai,Maharashtra,Backpack,Accessories,2,1800,0.05,3420.0,Net Banking,Delivered,1.0,3420.0
ORD101572,2025-03-02,CUST1182,Customer 267,Pune,Maharashtra,Headphones,Electronics,1,2500,0.2,2000.0,Net Banking,Delivered,1.0,2000.0
ORD103402,2025-11-21,CUST1488,Customer 587,Hyderabad,Telangana,T-Shirt,Fashion,1,900,0.15,765.0,Cash on Delivery,Delivered,5.0,765.0
ORD101425,2025-10-02,CUST1399,Customer 134,Delhi,Delhi,Running Shoes,Fashion,1,4500,0.05,4275.0,Net Banking,Returned,,4275.0
ORD100943,2025-10-16,CUST1301,Customer 306,Jaipur,Rajasthan,Keyboard,Accessories,2,2200,0.05,4180.0,Credit Card,Delivered,5.0,4180.0
ORD100218,2025-08-06,CUST1194,Customer 157,Kolkata,West Bengal,Smartwatch,Electronics,3,6500,0.05,18525.0,Net Banking,Returned,,18525.0
ORD102231,2025-02-18,CUST1091,Customer 312,Jaipur,Rajasthan,Smartphone,Electronics,1,28000,0.1,25200.0,Cash on Delivery,Delivered,1.0,25200.0
ORD102332,2025-12-26,CUST1529,Customer 480,Kolkata,West Bengal,Coffee Maker,Home Appliances,1,5200,0.05,4940.0,Net Banking,Delivered,5.0,4940.0
ORD103070,2025-05-28,CUST1619,Customer 207,Delhi,Delhi,Mixer Grinder,Home Appliances,1,3800,0.05,3610.0,Cash on Delivery,Cancelled,,3610.0
ORD102293,2025-09-16,CUST1101,Customer 423,Bengaluru,Karnataka,Mixer Grinder,Home Appliances,1,3800,0.15,3230.0,Net Banking,Delivered,3.0,3230.0
ORD104085,2025-03-25,CUST1590,Customer 24,Chennai,Tamil Nadu,Mixer Grinder,Home Appliances,1,3800,0.0,3800.0,Net Banking,Delivered,3.0,3800.0
ORD100135,2025-01-15,CUST1569,Customer 310,Mumbai,Maharashtra,Mixer Grinder,Home Appliances,2,3800,0.0,7600.0,Net Banking,Delivered,4.0,7600.0
ORD103136,2025-06-13,CUST1108,Customer 96,Kolkata,West Bengal,Office Chair,Furniture,3,9000,0.0,27000.0,Credit Card,Delivered,1.0,27000.0
ORD100343,2025-04-05,CUST1253,Customer 142,Bengaluru,Karnataka,Laptop,Electronics,1,55000,0.1,49500.0,Debit Card,Delivered,3.0,49500.0
ORD103805,2025-01-17,CUST1372,Customer 138,Hyderabad,Telangana,Desk,Furniture,1,12000,0.0,12000.0,Credit Card,Delivered,1.0,12000.0
ORD102512,2025-01-21,CUST1018,Customer 274,Kochi,Kerala,Desk,Furniture,1,12000,0.0,12000.0,UPI,Returned,,12000.0
ORD103792,2025-03-15,CUST1300,Customer 642,Delhi,Delhi,T-Shirt,Fashion,1,900,0.05,855.0,Credit Card,Delivered,3.0,855.0
ORD100465,2025-05-24,CUST1176,Customer 320,Kolkata,West Bengal,T-Shirt,Fashion,1,900,0.15,765.0,Net Banking,Delivered,1.0,765.0
ORD100922,2025-08-21,CUST1491,Customer 433,Bengaluru,Karnataka,Desk,Furniture,2,12000,0.1,21600.0,Net Banking,Delivered,2.0,21600.0
ORD100087,2025-10-07,CUST1064,Customer 101,Mumbai,Maharashtra,T-Shirt,Fashion,1,900,0.05,855.0,Credit Card,Delivered,2.0,855.0
ORD100668,2025-08-17,CUST1589,Customer 635,Kolkata,West Bengal,Keyboard,Accessories,2,2200,0.1,3960.0,Cash on Delivery,Cancelled,,3960.0
ORD102613,2025-06-21,CUST1113,Customer 394,Kolkata,West Bengal,Laptop,Electronics,1,55000,0.05,52250.0,Debit Card,Cancelled,,52250.0
ORD101403,2025-12-31,CUST1190,Customer 633,Delhi,Delhi,Keyboard,Accessories,1,2200,0.0,2200.0,Net Banking,Delivered,2.0,2200.0
ORD103861,2025-04-08,CUST1394,Customer 396,Pune,Maharashtra,T-Shirt,Fashion,3,900,0.0,2700.0,UPI,Delivered,2.0,2700.0
ORD100420,2025-12-31,CUST1002,Customer 194,Chennai,Tamil Nadu,Mixer Grinder,Home Appliances,1,3800,0.05,3610.0,Debit Card,Delivered,5.0,3610.0
ORD100566,2025-07-06,CUST1319,Customer 219,Hyderabad,Telangana,T-Shirt,Fashion,2,900,0.05,1710.0,Cash on Delivery,Cancelled,,1710.0
ORD101607,2025-06-25,CUST1158,Customer 328,Hyderabad,Telangana,Smartwatch,Electronics,1,6500,0.0,6500.0,UPI,Delivered,3.0,6500.0
ORD102448,2025-09-09,CUST1088,Customer 398,Kochi,Kerala,Coffee Maker,Home Appliances,1,5200,0.2,4160.0,Debit Card,Delivered,3.0,4160.0
ORD103056,2025-11-21,CUST1546,Customer 209,Mumbai,Maharashtra,Coffee Maker,Home Appliances,1,5200,0.05,4940.0,Debit Card,Returned,,4940.0
ORD100705,2025-07-31,CUST1015,Customer 324,Kochi,Kerala,T-Shirt,Fashion,1,900,0.0,900.0,UPI,Delivered,3.0,900.0
ORD101841,2025-12-26,CUST1367,Customer 462,Ahmedabad,Gujarat,Laptop,Electronics,1,55000,0.0,55000.0,Credit Card,Delivered,5.0,55000.0
ORD103182,2025-01-08,CUST1250,Customer 115,Ahmedabad,Gujarat,Desk,Furniture,2,12000,0.05,22800.0,UPI,Delivered,1.0,22800.0
ORD100133,2025-10-10,CUST1077,Customer 540,Jaipur,Rajasthan,Mixer Grinder,Home Appliances,2,3800,0.1,6840.0,UPI,Delivered,5.0,6840.0
ORD102199,2025-04-28,CUST1204,Customer 246,Chennai,Tamil Nadu,Laptop,Electronics,1,55000,0.2,44000.0,Debit Card,Returned,,44000.0
ORD103619,2025-12-24,CUST1428,Customer 450,Bengaluru,Karnataka,Mixer Grinder,Home Appliances,1,3800,0.15,3230.0,Net Banking,Returned,,3230.0
ORD101794,2025-03-13,CUST1492,Customer 80,Kolkata,West Bengal,Smartphone,Electronics,3,28000,0.15,71400.0,Debit Card,Delivered,4.0,71400.0
ORD102077,2025-03-10,CUST1084,Customer 376,Hyderabad,Telangana,Smartphone,Electronics,1,28000,0.15,23800.0,Cash on Delivery,Delivered,3.0,23800.0
ORD102482,2025-05-18,CUST1509,Customer 301,Kolkata,West Bengal,Backpack,Accessories,1,1800,0.05,1710.0,Credit Card,Delivered,5.0,1710.0
ORD103409,2025-06-04,CUST1564,Customer 417,Chennai,Tamil Nadu,Office Chair,Furniture,2,9000,0.0,18000.0,Cash on Delivery,Delivered,1.0,18000.0
ORD101035,2025-11-24,CUST1473,Customer 643,Kolkata,West Bengal,Backpack,Accessories,1,1800,0.1,1620.0,Net Banking,Delivered,3.0,1620.0
ORD101432,2025-11-07,CUST1648,Customer 14,Chennai,Tamil Nadu,Running Shoes,Fashion,1,4500,0.15,3825.0,Cash on Delivery,Delivered,3.0,3825.0
ORD103776,2025-03-06,CUST1021,Customer 347,Hyderabad,Telangana,Keyboard,Accessories,1,2200,0.0,2200.0,Credit Card,Delivered,1.0,2200.0
ORD101242,2025-05-11,CUST1246,Customer 314,Kochi,Kerala,Smartwatch,Electronics,2,6500,0.1,11700.0,Credit Card,Cancelled,,11700.0
ORD101066,2025-06-02,CUST1479,Customer 164,Bengaluru,Karnataka,Coffee Maker,Home Appliances,2,5200,0.05,9880.0,Net Banking,Delivered,2.0,9880.0
ORD103085,2025-11-09,CUST1575,Customer 73,Mumbai,Maharashtra,Desk,Furniture,1,12000,0.0,12000.0,Credit Card,Delivered,3.0,12000.0
ORD100675,2025-11-01,CUST1407,Customer 194,Chennai,Tamil Nadu,Backpack,Accessories,2,1800,0.0,3600.0,UPI,Returned,,3600.0
ORD100639,2025-05-06,CUST1257,Customer 399,Kochi,Kerala,Smartwatch,Electronics,1,6500,0.0,6500.0,UPI,Cancelled,,6500.0
ORD100157,2025-03-27,CUST1621,Customer 220,Kochi,Kerala,Smartphone,Electronics,1,28000,0.2,22400.0,Debit Card,Delivered,3.0,22400.0
ORD101914,2025-12-30,CUST1032,Customer 408,Delhi,Delhi,Smartphone,Electronics,1,28000,0.1,25200.0,Debit Card,Delivered,3.0,25200.0
ORD102336,2025-05-01,CUST1126,Customer 461,Delhi,Delhi,Desk,Furniture,1,12000,0.1,10800.0,Net Banking,Delivered,4.0,10800.0
ORD103529,2025-02-17,CUST1155,Customer 559,Kolkata,West Bengal,Desk,Furniture,1,12000,0.05,11400.0,Cash on Delivery,Delivered,5.0,11400.0
ORD102839,2025-08-08,CUST1440,Customer 516,Pune,Maharashtra,Office Chair,Furniture,1,9000,0.05,8550.0,Net Banking,Returned,,8550.0
ORD100686,2025-12-24,CUST1466,Customer 170,Pune,Maharashtra,Running Shoes,Fashion,2,4500,0.0,9000.0,Cash on Delivery,Delivered,2.0,9000.0
ORD102642,2025-12-14,CUST1643,Customer 494,Chennai,Tamil Nadu,Mixer Grinder,Home Appliances,1,3800,0.1,3420.0,UPI,Cancelled,,3420.0
ORD103195,2025-08-20,CUST1025,Customer 365,Pune,Maharashtra,Office Chair,Furniture,1,9000,0.1,8100.0,Net Banking,Delivered,5.0,8100.0
ORD103092,2025-11-29,CUST1265,Customer 271,Hyderabad,Telangana,T-Shirt,Fashion,2,900,0.15,1530.0,Net Banking,Delivered,2.0,1530.0
ORD103643,2025-11-09,CUST1078,Customer 632,Kolkata,West Bengal,Office Chair,Furniture,1,9000,0.0,9000.0,Debit Card,Cancelled,,9000.0
ORD101979,2025-09-23,CUST1519,Customer 639,Jaipur,Rajasthan,Keyboard,Accessories,1,2200,0.0,2200.0,Cash on Delivery,Delivered,2.0,2200.0
ORD101058,2025-01-14,CUST1494,Customer 510,Kochi,Kerala,Smartwatch,Electronics,1,6500,0.0,6500.0,UPI,Delivered,4.0,6500.0
ORD101837,2025-05-02,CUST1229,Customer 264,Jaipur,Rajasthan,Keyboard,Accessories,1,2200,0.0,2200.0,Credit Card,Delivered,1.0,2200.0
ORD103215,2025-03-13,CUST1220,Customer 32,Kochi,Kerala,Keyboard,Accessories,2,2200,0.1,3960.0,UPI,Returned,,3960.0
ORD100759,2025-07-24,CUST1505,Customer 198,Mumbai,Maharashtra,Smartwatch,Electronics,1,6500,0.1,5850.0,Cash on Delivery,Delivered,2.0,5850.0
ORD101013,2025-11-15,CUST1021,Customer 282,Pune,Maharashtra,Running Shoes,Fashion,1,4500,0.0,4500.0,UPI,Delivered,4.0,4500.0
ORD102192,2025-09-20,CUST1115,Customer 399,Kochi,Kerala,Mixer Grinder,Home Appliances,1,3800,0.0,3800.0,Net Banking,Returned,,3800.0
ORD100138,2025-06-28,CUST1186,Customer 227,Hyderabad,Telangana,Running Shoes,Fashion,1,4500,0.05,4275.0,Net Banking,Delivered,2.0,4275.0
ORD104109,2025-09-05,CUST1144,Customer 141,Jaipur,Rajasthan,Keyboard,Accessories,1,2200,0.1,1980.0,Credit Card,Delivered,1.0,1980.0
ORD103577,2025-03-06,CUST1328,Customer 616,Kochi,Kerala,Laptop,Electronics,2,55000,0.0,110000.0,Cash on Delivery,Returned,,110000.0
ORD102239,2025-05-23,CUST1348,Customer 429,Chennai,Tamil Nadu,Headphones,Electronics,2,2500,0.1,4500.0,Cash on Delivery,Delivered,3.0,4500.0
ORD102148,2025-12-02,CUST1377,Customer 412,Chennai,Tamil Nadu,Smartphone,Electronics,1,28000,0.0,28000.0,Debit Card,Delivered,2.0,28000.0
ORD103193,2025-11-04,CUST1063,Customer 594,Delhi,Delhi,Laptop,Electronics,1,55000,0.05,52250.0,Cash on Delivery,Returned,,52250.0
ORD103920,2025-10-04,CUST1017,Customer 368,Hyderabad,Telangana,Running Shoes,Fashion,1,4500,0.0,4500.0,Cash on Delivery,Delivered,5.0,4500.0
ORD104129,2025-03-26,CUST1607,Customer 301,Delhi,Delhi,Keyboard,Accessories,2,2200,0.0,4400.0,Credit Card,Delivered,3.0,4400.0
ORD102928,2025-07-11,CUST1426,Customer 247,Pune,Maharashtra,Keyboard,Accessories,2,2200,0.05,4180.0,UPI,Returned,,4180.0
ORD100724,2025-03-06,CUST1099,Customer 339,Bengaluru,Karnataka,T-Shirt,Fashion,1,900,0.1,810.0,Debit Card,Returned,,810.0
ORD102280,2025-11-12,CUST1188,Customer 150,Chennai,Tamil Nadu,T-Shirt,Fashion,1,900,0.05,855.0,Cash on Delivery,Returned,,855.0
ORD101433,2025-10-30,CUST1363,Customer 96,Pune,Maharashtra,Laptop,Electronics,1,55000,0.15,46750.0,Cash on Delivery,Delivered,3.0,46750.0
ORD101757,2025-09-28,CUST1125,Customer 260,Ahmedabad,Gujarat,Running Shoes,Fashion,1,4500,0.2,3600.0,Net Banking,Delivered,5.0,3600.0
ORD103251,2025-11-14,CUST1523,Customer 559,Delhi,Delhi,Office Chair,Furniture,1,9000,0.0,9000.0,Credit Card,Cancelled,,9000.0
ORD102833,2025-06-01,CUST1032,Customer 89,Chennai,Tamil Nadu,Coffee Maker,Home Appliances,1,5200,0.1,4680.0,Credit Card,Delivered,2.0,4680.0
ORD103994,2025-02-13,CUST1082,Customer 398,Ahmedabad,Gujarat,Coffee Maker,Home Appliances,1,5200,0.0,5200.0,UPI,Returned,,5200.0
ORD103026,2025-07-08,CUST1008,Customer 576,Hyderabad,Telangana,Office Chair,Furniture,1,9000,0.1,8100.0,Debit Card,Delivered,2.0,8100.0
ORD102825,2025-07-01,CUST1357,Customer 634,Kochi,Kerala,Backpack,Accessories,1,1800,0.05,1710.0,Cash on Delivery,Delivered,4.0,1710.0
ORD104099,2025-10-10,CUST1436,Customer 190,Ahmedabad,Gujarat,Mixer Grinder,Home Appliances,2,3800,0.05,7220.0,UPI,Returned,,7220.0
ORD100755,2025-03-19,CUST1066,Customer 59,Hyderabad,Telangana,Smartphone,Electronics,1,28000,0.05,26600.0,Debit Card,Cancelled,,26600.0
ORD102384,2025-03-14,CUST1562,Customer 512,Bengaluru,Karnataka,Headphones,Electronics,1,2500,0.1,2250.0,UPI,Delivered,3.0,2250.0
ORD103180,2025-08-04,CUST1492,Customer 34,Jaipur,Rajasthan,Coffee Maker,Home Appliances,1,5200,0.05,4940.0,UPI,Delivered,2.0,4940.0
ORD101722,2025-08-14,CUST1068,Customer 131,Kolkata,West Bengal,Coffee Maker,Home Appliances,1,5200,0.0,5200.0,Cash on Delivery,Delivered,1.0,5200.0
ORD102632,2025-05-31,CUST1508,Customer 345,Ahmedabad,Gujarat,Keyboard,Accessories,2,2200,0.0,4400.0,Cash on Delivery,Delivered,3.0,4400.0
ORD101406,2025-03-14,CUST1444,Customer 30,Mumbai,Maharashtra,Coffee Maker,Home Appliances,1,5200,0.05,4940.0,UPI,Delivered,2.0,4940.0
ORD100352,2025-05-08,CUST1010,Customer 87,Kochi,Kerala,Laptop,Electronics,1,55000,0.0,55000.0,Credit Card,Delivered,4.0,55000.0
ORD103680,2025-08-29,CUST1393,Customer 554,Pune,Maharashtra,Smartwatch,Electronics,1,6500,0.15,5525.0,Cash on Delivery,Delivered,1.0,5525.0
ORD101508,2025-09-02,CUST1539,Customer 519,Hyderabad,Telangana,Smartwatch,Electronics,2,6500,0.0,13000.0,Debit Card,Delivered,5.0,13000.0
ORD103939,2025-08-28,CUST1494,Customer 560,Ahmedabad,Gujarat,Desk,Furniture,2,12000,0.1,21600.0,Debit Card,Cancelled,,21600.0
ORD101343,2025-02-10,CUST1619,Customer 559,Hyderabad,Telangana,Desk,Furniture,1,12000,0.1,10800.0,UPI,Delivered,3.0,10800.0
ORD102351,2025-03-07,CUST1183,Customer 459,Jaipur,Rajasthan,Backpack,Accessories,1,1800,0.1,1620.0,Debit Card,Delivered,3.0,1620.0
ORD101059,2025-10-15,CUST1200,Customer 160,Bengaluru,Karnataka,Headphones,Electronics,1,2500,0.05,2375.0,UPI,Delivered,2.0,2375.0
ORD103186,2025-03-17,CUST1313,Customer 496,Bengaluru,Karnataka,Smartphone,Electronics,1,28000,0.1,25200.0,Net Banking,Cancelled,,25200.0
ORD101393,2025-03-10,CUST1334,Customer 515,Mumbai,Maharashtra,T-Shirt,Fashion,2,900,0.1,1620.0,UPI,Delivered,1.0,1620.0
ORD101885,2025-11-05,CUST1013,Customer 559,Ahmedabad,Gujarat,Smartphone,Electronics,1,28000,0.1,25200.0,Net Banking,Delivered,5.0,25200.0
ORD100466,2025-03-27,CUST1275,Customer 71,Jaipur,Rajasthan,Laptop,Electronics,2,55000,0.0,110000.0,Debit Card,Returned,,110000.0
ORD100209,2025-08-08,CUST1416,Customer 377,Jaipur,Rajasthan,Smartwatch,Electronics,3,6500,0.0,19500.0,Net Banking,Delivered,5.0,19500.0
ORD104119,2025-11-09,CUST1209,Customer 124,Kolkata,West Bengal,Smartphone,Electronics,1,28000,0.1,25200.0,UPI,Returned,,25200.0
ORD101047,2025-03-19,CUST1400,Customer 579,Delhi,Delhi,Laptop,Electronics,1,55000,0.1,49500.0,Credit Card,Delivered,1.0,49500.0
ORD101785,2025-06-15,CUST1084,Customer 117,Hyderabad,Telangana,Mixer Grinder,Home Appliances,1,3800,0.15,3230.0,Debit Card,Delivered,2.0,3230.0
ORD101273,2025-10-29,CUST1210,Customer 370,Delhi,Delhi,Smartwatch,Electronics,1,6500,0.05,6175.0,Cash on Delivery,Returned,,6175.0
ORD103640,2025-01-21,CUST1468,Customer 388,Chennai,Tamil Nadu,Desk,Furniture,1,12000,0.0,12000.0,Credit Card,Delivered,4.0,12000.0
ORD103872,2025-11-08,CUST1296,Customer 144,Hyderabad,Telangana,Desk,Furniture,1,12000,0.0,12000.0,Debit Card,Delivered,3.0,12000.0
ORD103205,2025-01-28,CUST1261,Customer 312,Chennai,Tamil Nadu,Backpack,Accessories,2,1800,0.0,3600.0,UPI,Delivered,4.0,3600.0
ORD103479,2025-05-25,CUST1461,Customer 305,Hyderabad,Telangana,Keyboard,Accessories,2,2200,0.0,4400.0,Credit Card,Returned,,4400.0
ORD101471,2025-04-13,CUST1476,Customer 454,Bengaluru,Karnataka,Laptop,Electronics,1,55000,0.0,55000.0,Debit Card,Delivered,3.0,55000.0
ORD100415,2025-04-18,CUST1117,Customer 331,Jaipur,Rajasthan,Headphones,Electronics,1,2500,0.05,2375.0,Net Banking,Returned,,2375.0
ORD103272,2025-11-29,CUST1106,Customer 615,Kochi,Kerala,Office Chair,Furniture,1,9000,0.1,8100.0,UPI,Cancelled,,8100.0
ORD101381,2025-06-13,CUST1233,Customer 573,Mumbai,Maharashtra,Smartwatch,Electronics,1,6500,0.15,5525.0,Cash on Delivery,Returned,,5525.0
ORD103041,2025-09-05,CUST1229,Customer 583,Jaipur,Rajasthan,Running Shoes,Fashion,1,4500,0.0,4500.0,Net Banking,Returned,,4500.0
ORD102529,2025-10-04,CUST1549,Customer 106,Ahmedabad,Gujarat,Keyboard,Accessories,2,2200,0.05,4180.0,Debit Card,Delivered,4.0,4180.0
ORD103655,2025-05-28,CUST1034,Customer 428,Ahmedabad,Gujarat,Office Chair,Furniture,1,9000,0.05,8550.0,Cash on Delivery,Delivered,4.0,8550.0
ORD102654,2025-06-20,CUST1546,Customer 599,Mumbai,Maharashtra,Smartphone,Electronics,1,28000,0.1,25200.0,Cash on Delivery,Delivered,3.0,25200.0
ORD102773,2025-10-28,CUST1629,Customer 570,Kolkata,West Bengal,Laptop,Electronics,1,55000,0.1,49500.0,UPI,Delivered,2.0,49500.0
ORD103177,2025-07-20,CUST1578,Customer 145,Chennai,Tamil Nadu,Office Chair,Furniture,1,9000,0.0,9000.0,Net Banking,Delivered,2.0,9000.0
ORD104103,2025-01-24,CUST1535,Customer 318,Kolkata,West Bengal,Mixer Grinder,Home Appliances,1,3800,0.1,3420.0,Debit Card,Cancelled,,3420.0
ORD102414,2025-10-15,CUST1049,Customer 64,Mumbai,Maharashtra,T-Shirt,Fashion,1,900,0.0,900.0,Net Banking,Delivered,1.0,900.0
ORD100769,2025-06-11,CUST1324,Customer 160,Delhi,Delhi,Smartphone,Electronics,1,28000,0.1,25200.0,Credit Card,Delivered,5.0,25200.0
ORD103748,2025-12-27,CUST1419,Customer 511,Jaipur,Rajasthan,Smartphone,Electronics,1,28000,0.0,28000.0,Debit Card,Delivered,1.0,28000.0
ORD102297,2025-08-03,CUST1556,Customer 356,Delhi,Delhi,Smartphone,Electronics,1,28000,0.1,25200.0,Credit Card,Delivered,5.0,25200.0
ORD101747,2025-09-14,CUST1136,Customer 248,Mumbai,Maharashtra,Laptop,Electronics,1,55000,0.0,55000.0,Debit Card,Returned,,55000.0
ORD101996,2025-06-14,CUST1606,Customer 36,Jaipur,Rajasthan,Keyboard,Accessories,2,2200,0.15,3740.0,Debit Card,Delivered,3.0,3740.0
ORD102646,2025-01-29,CUST1184,Customer 562,Chennai,Tamil Nadu,Smartwatch,Electronics,1,6500,0.0,6500.0,Credit Card,Delivered,2.0,6500.0
ORD100023,2025-10-04,CUST1623,Customer 349,Bengaluru,Karnataka,Backpack,Accessories,3,1800,0.1,4860.0,Net Banking,Delivered,5.0,4860.0
ORD102503,2025-02-21,CUST1597,Customer 586,Kolkata,West Bengal,Smartwatch,Electronics,1,6500,0.05,6175.0,Debit Card,Cancelled,,6175.0
ORD101417,2025-10-18,CUST1502,Customer 21,Hyderabad,Telangana,Smartphone,Electronics,1,28000,0.15,23800.0,Cash on Delivery,Delivered,3.0,23800.0
ORD101659,2025-06-09,CUST1632,Customer 46,Chennai,Tamil Nadu,Headphones,Electronics,2,2500,0.0,5000.0,Net Banking,Cancelled,,5000.0
ORD103310,2025-11-28,CUST1156,Customer 166,Chennai,Tamil Nadu,Mixer Grinder,Home Appliances,1,3800,0.05,3610.0,Debit Card,Delivered,4.0,3610.0
ORD100351,2025-11-19,CUST1006,Customer 6,Jaipur,Rajasthan,Laptop,Electronics,1,55000,0.0,55000.0,Net Banking,Returned,,55000.0
ORD102607,2025-11-11,CUST1394,Customer 455,Ahmedabad,Gujarat,Mixer Grinder,Home Appliances,2,3800,0.0,7600.0,Net Banking,Returned,,7600.0
ORD100604,2025-09-10,CUST1171,Customer 584,Jaipur,Rajasthan,Running Shoes,Fashion,1,4500,0.1,4050.0,Debit Card,Cancelled,,4050.0
ORD100768,2025-09-07,CUST1594,Customer 533,Kochi,Kerala,T-Shirt,Fashion,1,900,0.05,855.0,Debit Card,Returned,,855.0
ORD102009,2025-10-09,CUST1530,Customer 548,Jaipur,Rajasthan,Coffee Maker,Home Appliances,1,5200,0.0,5200.0,UPI,Delivered,1.0,5200.0
ORD100596,2025-08-09,CUST1350,Customer 282,Kolkata,West Bengal,Smartwatch,Electronics,1,6500,0.0,6500.0,Cash on Delivery,Cancelled,,6500.0
ORD102188,2025-08-29,CUST1141,Customer 535,Chennai,Tamil Nadu,Coffee Maker,Home Appliances,1,5200,0.0,5200.0,Net Banking,Returned,,5200.0
ORD101169,2025-11-05,CUST1519,Customer 11,Hyderabad,Telangana,T-Shirt,Fashion,1,900,0.0,900.0,Net Banking,Returned,,900.0
ORD101000,2025-11-29,CUST1533,Customer 299,Ahmedabad,Gujarat,Headphones,Electronics,1,2500,0.0,2500.0,UPI,Delivered,2.0,2500.0
ORD103788,2025-02-22,CUST1380,Customer 512,Pune,Maharashtra,Smartphone,Electronics,1,28000,0.0,28000.0,Net Banking,Delivered,1.0,28000.0
ORD102698,2025-01-14,CUST1556,Customer 35,Ahmedabad,Gujarat,Smartwatch,Electronics,2,6500,0.1,11700.0,Net Banking,Cancelled,,11700.0
ORD103289,2025-01-08,CUST1481,Customer 572,Delhi,Delhi,Smartphone,Electronics,1,28000,0.1,25200.0,Credit Card,Delivered,2.0,25200.0
ORD100574,2025-07-25,CUST1063,Customer 82,Chennai,Tamil Nadu,Mixer Grinder,Home Appliances,1,3800,0.0,3800.0,UPI,Returned,,3800.0
ORD101492,2025-04-18,CUST1005,Customer 526,Delhi,Delhi,Headphones,Electronics,1,2500,0.1,2250.0,Debit Card,Delivered,4.0,2250.0
ORD100499,2025-10-07,CUST1246,Customer 341,Hyderabad,Telangana,Coffee Maker,Home Appliances,1,5200,0.0,5200.0,Cash on Delivery,Delivered,4.0,5200.0
ORD102150,2025-04-27,CUST1586,Customer 332,Mumbai,Maharashtra,Backpack,Accessories,1,1800,0.05,1710.0,Cash on Delivery,Delivered,1.0,1710.0
ORD100756,2025-01-01,CUST1218,Customer 527,Chennai,Tamil Nadu,Office Chair,Furniture,1,9000,0.1,8100.0,UPI,Delivered,2.0,8100.0
ORD101167,2025-02-24,CUST1275,Customer 494,Ahmedabad,Gujarat,Running Shoes,Fashion,1,4500,0.1,4050.0,UPI,Delivered,3.0,4050.0
ORD102285,2025-05-29,CUST1231,Customer 487,Kochi,Kerala,Coffee Maker,Home Appliances,1,5200,0.2,4160.0,Cash on Delivery,Delivered,3.0,4160.0
ORD102608,2025-11-30,CUST1629,Customer 392,Pune,Maharashtra,T-Shirt,Fashion,1,900,0.0,900.0,Cash on Delivery,Delivered,5.0,900.0
ORD101920,2025-04-15,CUST1432,Customer 196,Mumbai,Maharashtra,Coffee Maker,Home Appliances,1,5200,0.2,4160.0,UPI,Delivered,4.0,4160.0
ORD103250,2025-07-11,CUST1331,Customer 270,Jaipur,Rajasthan,Backpack,Accessories,1,1800,0.0,1800.0,Debit Card,Delivered,2.0,1800.0
ORD100539,2025-09-06,CUST1515,Customer 568,Chennai,Tamil Nadu,Smartphone,Electronics,1,28000,0.1,25200.0,UPI,Returned,,25200.0
ORD102546,2025-07-19,CUST1178,Customer 547,Mumbai,Maharashtra,Mixer Grinder,Home Appliances,3,3800,0.1,10260.0,Debit Card,Delivered,4.0,10260.0
ORD103547,2025-04-24,CUST1593,Customer 566,Kochi,Kerala,Desk,Furniture,1,12000,0.1,10800.0,Net Banking,Cancelled,,10800.0
ORD102994,2025-04-11,CUST1645,Customer 302,Kolkata,West Bengal,Keyboard,Accessories,1,2200,0.0,2200.0,Debit Card,Delivered,3.0,2200.0
ORD101673,2025-06-04,CUST1041,Customer 91,Mumbai,Maharashtra,Office Chair,Furniture,1,9000,0.1,8100.0,Cash on Delivery,Delivered,4.0,8100.0
ORD101699,2025-07-11,CUST1481,Customer 587,Pune,Maharashtra,Running Shoes,Fashion,2,4500,0.0,9000.0,Net Banking,Cancelled,,9000.0
ORD100016,2025-05-11,CUST1380,Customer 277,Chennai,Tamil Nadu,Running Shoes,Fashion,1,4500,0.0,4500.0,Net Banking,Delivered,2.0,4500.0
ORD101005,2025-09-18,CUST1164,Customer 62,Kochi,Kerala,Running Shoes,Fashion,2,4500,0.1,8100.0,Net Banking,Delivered,2.0,8100.0
ORD102130,2025-04-27,CUST1284,Customer 188,Pune,Maharashtra,Running Shoes,Fashion,1,4500,0.0,4500.0,UPI,Delivered,2.0,4500.0
ORD103438,2025-03-09,CUST1579,Customer 500,Pune,Maharashtra,Coffee Maker,Home Appliances,1,5200,0.1,4680.0,UPI,Delivered,1.0,4680.0
ORD101527,2025-03-14,CUST1484,Customer 482,Delhi,Delhi,Office Chair,Furniture,1,9000,0.1,8100.0,Cash on Delivery,Returned,,8100.0
ORD103892,2025-03-09,CUST1527,Customer 264,Mumbai,Maharashtra,Desk,Furniture,1,12000,0.05,11400.0,Cash on Delivery,Delivered,2.0,11400.0
ORD103514,2025-03-16,CUST1543,Customer 362,Kolkata,West Bengal,Desk,Furniture,1,12000,0.0,12000.0,UPI,Delivered,4.0,12000.0
ORD102593,2025-09-15,CUST1592,Customer 238,Delhi,Delhi,Smartwatch,Electronics,1,6500,0.05,6175.0,Net Banking,Cancelled,,6175.0
ORD103142,2025-03-30,CUST1526,Customer 478,Kochi,Kerala,Headphones,Electronics,1,2500,0.0,2500.0,Credit Card,Returned,,2500.0
ORD101318,2025-07-28,CUST1017,Customer 551,Bengaluru,Karnataka,Headphones,Electronics,1,2500,0.0,2500.0,Cash on Delivery,Delivered,4.0,2500.0
ORD103585,2025-05-16,CUST1572,Customer 60,Bengaluru,Karnataka,Keyboard,Accessories,1,2200,0.15,1870.0,Debit Card,Delivered,3.0,1870.0
ORD100220,2025-07-17,CUST1213,Customer 5,Chennai,Tamil Nadu,Mixer Grinder,Home Appliances,2,3800,0.0,7600.0,UPI,Returned,,7600.0
ORD101507,2025-11-14,CUST1373,Customer 162,Ahmedabad,Gujarat,Coffee Maker,Home Appliances,1,5200,0.05,4940.0,Credit Card,Returned,,4940.0
ORD100188,2025-08-22,CUST1436,Customer 561,Mumbai,Maharashtra,Coffee Maker,Home Appliances,1,5200,0.1,4680.0,Credit Card,Cancelled,,4680.0
ORD103337,2025-03-22,CUST1352,Customer 530,Kolkata,West Bengal,Smartphone,Electronics,1,28000,0.1,25200.0,Credit Card,Delivered,5.0,25200.0
ORD102136,2025-10-31,CUST1179,Customer 18,Jaipur,Rajasthan,Running Shoes,Fashion,2,4500,0.0,9000.0,Debit Card,Delivered,1.0,9000.0
ORD101568,2025-01-09,CUST1349,Customer 232,Jaipur,Rajasthan,Smartwatch,Electronics,1,6500,0.1,5850.0,Cash on Delivery,Delivered,2.0,5850.0
ORD100645,2025-02-27,CUST1049,Customer 6,Ahmedabad,Gujarat,Laptop,Electronics,1,55000,0.2,44000.0,Debit Card,Delivered,2.0,44000.0
ORD101025,2025-11-30,CUST1277,Customer 595,Kochi,Kerala,Mixer Grinder,Home Appliances,1,3800,0.15,3230.0,Net Banking,Delivered,4.0,3230.0
ORD102775,2025-07-17,CUST1149,Customer 16,Mumbai,Maharashtra,Backpack,Accessories,1,1800,0.15,1530.0,Debit Card,Delivered,1.0,1530.0
ORD103565,2025-02-26,CUST1482,Customer 626,Kochi,Kerala,Backpack,Accessories,1,1800,0.15,1530.0,Credit Card,Cancelled,,1530.0
ORD101721,2025-01-26,CUST1521,Customer 585,Ahmedabad,Gujarat,Headphones,Electronics,2,2500,0.1,4500.0,Credit Card,Cancelled,,4500.0
ORD102599,2025-10-15,CUST1223,Customer 99,Bengaluru,Karnataka,Laptop,Electronics,2,55000,0.2,88000.0,Cash on Delivery,Delivered,1.0,88000.0
ORD103588,2025-07-20,CUST1273,Customer 159,Kolkata,West Bengal,Mixer Grinder,Home Appliances,2,3800,0.05,7220.0,Cash on Delivery,Delivered,5.0,7220.0
ORD101937,2025-02-09,CUST1062,Customer 467,Pune,Maharashtra,Headphones,Electronics,1,2500,0.1,2250.0,Net Banking,Delivered,1.0,2250.0
ORD101384,2025-10-22,CUST1074,Customer 55,Bengaluru,Karnataka,Coffee Maker,Home Appliances,1,5200,0.1,4680.0,Credit Card,Cancelled,,4680.0
ORD102907,2025-03-06,CUST1621,Customer 587,Kolkata,West Bengal,Laptop,Electronics,1,55000,0.0,55000.0,UPI,Delivered,3.0,55000.0
ORD102229,2025-03-10,CUST1267,Customer 2,Hyderabad,Telangana,Coffee Maker,Home Appliances,3,5200,0.1,14040.0,Credit Card,Delivered,4.0,14040.0
ORD101550,2025-12-15,CUST1395,Customer 151,Kochi,Kerala,Laptop,Electronics,1,55000,0.0,55000.0,UPI,Delivered,4.0,55000.0
ORD102724,2025-02-26,CUST1635,Customer 456,Kolkata,West Bengal,Smartwatch,Electronics,1,6500,0.0,6500.0,Net Banking,Returned,,6500.0
ORD102042,2025-11-04,CUST1059,Customer 10,Ahmedabad,Gujarat,Coffee Maker,Home Appliances,3,5200,0.05,14820.0,UPI,Delivered,4.0,14820.0
ORD103876,2025-10-15,CUST1493,Customer 276,Chennai,Tamil Nadu,Keyboard,Accessories,1,2200,0.15,1870.0,UPI,Cancelled,,1870.0
ORD103902,2025-02-16,CUST1183,Customer 351,Hyderabad,Telangana,Desk,Furniture,1,12000,0.1,10800.0,Debit Card,Delivered,4.0,10800.0
ORD101633,2025-12-02,CUST1406,Customer 355,Kochi,Kerala,Smartwatch,Electronics,1,6500,0.1,5850.0,UPI,Delivered,3.0,5850.0
ORD101472,2025-09-30,CUST1297,Customer 82,Bengaluru,Karnataka,Smartphone,Electronics,2,28000,0.05,53200.0,Net Banking,Delivered,1.0,53200.0
ORD103969,2025-02-28,CUST1545,Customer 327,Chennai,Tamil Nadu,Office Chair,Furniture,2,9000,0.05,17100.0,Credit Card,Returned,,17100.0
ORD102911,2025-01-02,CUST1326,Customer 509,Kolkata,West Bengal,Backpack,Accessories,1,1800,0.05,1710.0,Debit Card,Delivered,3.0,1710.0
ORD102810,2025-07-11,CUST1586,Customer 185,Jaipur,Rajasthan,Keyboard,Accessories,1,2200,0.1,1980.0,Net Banking,Delivered,3.0,1980.0
ORD103018,2025-01-25,CUST1133,Customer 53,Kolkata,West Bengal,Running Shoes,Fashion,1,4500,0.05,4275.0,Cash on Delivery,Delivered,2.0,4275.0
ORD101701,2025-01-12,CUST1576,Customer 497,Kolkata,West Bengal,Mixer Grinder,Home Appliances,1,3800,0.2,3040.0,Debit Card,Cancelled,,3040.0
ORD103132,2025-05-01,CUST1250,Customer 416,Kochi,Kerala,Office Chair,Furniture,1,9000,0.05,8550.0,Cash on Delivery,Delivered,4.0,8550.0
ORD101075,2025-03-08,CUST1528,Customer 541,Kolkata,West Bengal,Running Shoes,Fashion,1,4500,0.0,4500.0,Debit Card,Returned,,4500.0
ORD103314,2025-09-15,CUST1081,Customer 153,Kochi,Kerala,Backpack,Accessories,1,1800,0.0,1800.0,Credit Card,Delivered,4.0,1800.0
ORD101730,2025-03-16,CUST1016,Customer 466,Chennai,Tamil Nadu,Laptop,Electronics,2,55000,0.15,93500.0,Credit Card,Delivered,2.0,93500.0
ORD103511,2025-09-07,CUST1607,Customer 83,Chennai,Tamil Nadu,Headphones,Electronics,1,2500,0.2,2000.0,Cash on Delivery,Delivered,1.0,2000.0
ORD103593,2025-07-13,CUST1396,Customer 89,Mumbai,Maharashtra,Keyboard,Accessories,1,2200,0.0,2200.0,Debit Card,Delivered,1.0,2200.0
ORD101985,2025-10-03,CUST1286,Customer 35,Hyderabad,Telangana,Keyboard,Accessories,3,2200,0.1,5940.0,Cash on Delivery,Delivered,2.0,5940.0
ORD103154,2025-12-27,CUST1452,Customer 290,Ahmedabad,Gujarat,Keyboard,Accessories,1,2200,0.05,2090.0,UPI,Delivered,5.0,2090.0
ORD101737,2025-07-14,CUST1090,Customer 58,Kochi,Kerala,Mixer Grinder,Home Appliances,3,3800,0.1,10260.0,Cash on Delivery,Cancelled,,10260.0
ORD100369,2025-04-14,CUST1623,Customer 603,Chennai,Tamil Nadu,Running Shoes,Fashion,1,4500,0.15,3825.0,UPI,Cancelled,,3825.0
ORD101258,2025-02-23,CUST1246,Customer 552,Kolkata,West Bengal,Keyboard,Accessories,1,2200,0.05,2090.0,Debit Card,Delivered,1.0,2090.0
ORD102087,2025-06-25,CUST1083,Customer 137,Delhi,Delhi,Coffee Maker,Home Appliances,1,5200,0.15,4420.0,Debit Card,Delivered,1.0,4420.0
ORD100853,2025-12-12,CUST1146,Customer 233,Hyderabad,Telangana,Running Shoes,Fashion,2,4500,0.0,9000.0,Debit Card,Delivered,2.0,9000.0
ORD103983,2025-04-04,CUST1466,Customer 149,Chennai,Tamil Nadu,Backpack,Accessories,1,1800,0.0,1800.0,Credit Card,Returned,,1800.0
ORD103564,2025-10-13,CUST1511,Customer 2,Kochi,Kerala,Keyboard,Accessories,1,2200,0.1,1980.0,Net Banking,Cancelled,,1980.0
ORD100342,2025-06-30,CUST1488,Customer 259,Bengaluru,Karnataka,Running Shoes,Fashion,1,4500,0.05,4275.0,Credit Card,Cancelled,,4275.0
ORD104153,2025-01-16,CUST1367,Customer 304,Mumbai,Maharashtra,Laptop,Electronics,1,55000,0.15,46750.0,UPI,Cancelled,,46750.0
ORD103152,2025-09-21,CUST1237,Customer 234,Kolkata,West Bengal,Mixer Grinder,Home Appliances,1,3800,0.2,3040.0,Cash on Delivery,Delivered,2.0,3040.0
ORD100286,2025-09-11,CUST1204,Customer 611,Mumbai,Maharashtra,Backpack,Accessories,1,1800,0.05,1710.0,Cash on Delivery,Returned,,1710.0
ORD102070,2025-10-16,CUST1508,Customer 617,Pune,Maharashtra,Office Chair,Furniture,3,9000,0.05,25650.0,Net Banking,Cancelled,,25650.0
ORD102485,2025-01-13,CUST1220,Customer 645,Mumbai,Maharashtra,Smartwatch,Electronics,1,6500,0.1,5850.0,Net Banking,Delivered,3.0,5850.0
ORD102320,2025-05-25,CUST1085,Customer 389,Hyderabad,Telangana,T-Shirt,Fashion,1,900,0.1,810.0,Debit Card,Cancelled,,810.0
ORD103632,2025-08-09,CUST1044,Customer 491,Bengaluru,Karnataka,Desk,Furniture,1,12000,0.05,11400.0,Net Banking,Delivered,3.0,11400.0
ORD101011,2025-03-25,CUST1231,Customer 348,Pune,Maharashtra,Laptop,Electronics,2,55000,0.05,104500.0,UPI,Returned,,104500.0
ORD100798,2025-11-04,CUST1509,Customer 520,Kochi,Kerala,Smartphone,Electronics,2,28000,0.05,53200.0,Cash on Delivery,Delivered,1.0,53200.0
ORD101950,2025-10-20,CUST1613,Customer 392,Pune,Maharashtra,Coffee Maker,Home Appliances,2,5200,0.2,8320.0,Debit Card,Delivered,4.0,8320.0
ORD100637,2025-01-19,CUST1285,Customer 22,Mumbai,Maharashtra,Smartwatch,Electronics,2,6500,0.05,12350.0,Debit Card,Delivered,5.0,12350.0
ORD102634,2025-08-12,CUST1188,Customer 346,Kolkata,West Bengal,Smartwatch,Electronics,1,6500,0.05,6175.0,Cash on Delivery,Delivered,5.0,6175.0
ORD102439,2025-02-25,CUST1157,Customer 75,Pune,Maharashtra,Backpack,Accessories,2,1800,0.05,3420.0,Debit Card,Cancelled,,3420.0
ORD103203,2025-11-07,CUST1489,Customer 643,Delhi,Delhi,Mixer Grinder,Home Appliances,1,3800,0.15,3230.0,Debit Card,Cancelled,,3230.0
ORD101724,2025-01-04,CUST1539,Customer 50,Jaipur,Rajasthan,Smartwatch,Electronics,2,6500,0.15,11050.0,Cash on Delivery,Cancelled,,11050.0
ORD102322,2025-01-03,CUST1029,Customer 394,Kolkata,West Bengal,Keyboard,Accessories,1,2200,0.05,2090.0,Debit Card,Delivered,3.0,2090.0
ORD102991,2025-04-11,CUST1538,Customer 387,Bengaluru,Karnataka,T-Shirt,Fashion,1,900,0.15,765.0,Credit Card,Delivered,1.0,765.0
ORD102720,2025-07-21,CUST1394,Customer 596,Pune,Maharashtra,Keyboard,Accessories,1,2200,0.1,1980.0,UPI,Cancelled,,1980.0
ORD100524,2025-02-04,CUST1099,Customer 363,Delhi,Delhi,Laptop,Electronics,1,55000,0.2,44000.0,Cash on Delivery,Delivered,3.0,44000.0
ORD101172,2025-11-09,CUST1455,Customer 283,Mumbai,Maharashtra,Office Chair,Furniture,1,9000,0.1,8100.0,Net Banking,Delivered,1.0,8100.0
ORD101182,2025-07-29,CUST1579,Customer 623,Jaipur,Rajasthan,Smartwatch,Electronics,1,6500,0.0,6500.0,Debit Card,Cancelled,,6500.0
ORD100411,2025-04-11,CUST1089,Customer 544,Kolkata,West Bengal,T-Shirt,Fashion,1,900,0.0,900.0,UPI,Delivered,4.0,900.0
ORD104136,2025-11-28,CUST1543,Customer 470,Delhi,Delhi,Backpack,Accessories,1,1800,0.0,1800.0,Cash on Delivery,Delivered,5.0,1800.0
ORD100443,2025-05-07,CUST1223,Customer 593,Mumbai,Maharashtra,Backpack,Accessories,1,1800,0.05,1710.0,Credit Card,Cancelled,,1710.0
ORD104011,2025-06-04,CUST1390,Customer 421,Hyderabad,Telangana,Smartphone,Electronics,1,28000,0.0,28000.0,Cash on Delivery,Delivered,1.0,28000.0
ORD100359,2025-12-26,CUST1201,Customer 239,Ahmedabad,Gujarat,Running Shoes,Fashion,1,4500,0.1,4050.0,Debit Card,Returned,,4050.0
ORD103683,2025-10-01,CUST1069,Customer 152,Mumbai,Maharashtra,Smartwatch,Electronics,1,6500,0.05,6175.0,Debit Card,Delivered,3.0,6175.0
ORD100315,2025-09-21,CUST1128,Customer 32,Kolkata,West Bengal,Keyboard,Accessories,1,2200,0.0,2200.0,Cash on Delivery,Delivered,2.0,2200.0
ORD101890,2025-03-23,CUST1343,Customer 413,Bengaluru,Karnataka,Desk,Furniture,1,12000,0.15,10200.0,UPI,Delivered,2.0,10200.0
ORD100806,2025-03-22,CUST1436,Customer 146,Mumbai,Maharashtra,T-Shirt,Fashion,1,900,0.0,900.0,Debit Card,Delivered,2.0,900.0
ORD102055,2025-10-17,CUST1004,Customer 254,Hyderabad,Telangana,Backpack,Accessories,1,1800,0.15,1530.0,Cash on Delivery,Returned,,1530.0
ORD100035,2025-07-09,CUST1218,Customer 616,Pune,Maharashtra,Headphones,Electronics,1,2500,0.15,2125.0,UPI,Delivered,2.0,2125.0
ORD102147,2025-04-17,CUST1230,Customer 85,Jaipur,Rajasthan,Laptop,Electronics,1,55000,0.0,55000.0,Credit Card,Delivered,5.0,55000.0
ORD103044,2025-06-12,CUST1207,Customer 205,Jaipur,Rajasthan,Backpack,Accessories,1,1800,0.05,1710.0,Debit Card,Delivered,2.0,1710.0
ORD102483,2025-11-10,CUST1091,Customer 300,Bengaluru,Karnataka,Running Shoes,Fashion,1,4500,0.05,4275.0,Cash on Delivery,Delivered,1.0,4275.0
ORD101540,2025-03-03,CUST1124,Customer 552,Jaipur,Rajasthan,Backpack,Accessories,1,1800,0.05,1710.0,Cash on Delivery,Delivered,2.0,1710.0
ORD102295,2025-11-22,CUST1279,Customer 363,Pune,Maharashtra,T-Shirt,Fashion,1,900,0.1,810.0,UPI,Delivered,1.0,810.0
ORD100026,2025-01-22,CUST1069,Customer 509,Mumbai,Maharashtra,Backpack,Accessories,1,1800,0.15,1530.0,Debit Card,Delivered,4.0,1530.0
ORD104060,2025-07-12,CUST1020,Customer 477,Chennai,Tamil Nadu,Backpack,Accessories,1,1800,0.05,1710.0,Credit Card,Delivered,3.0,1710.0
ORD101181,2025-10-21,CUST1644,Customer 330,Bengaluru,Karnataka,Mixer Grinder,Home Appliances,1,3800,0.0,3800.0,Net Banking,Cancelled,,3800.0
ORD103923,2025-03-03,CUST1505,Customer 595,Kolkata,West Bengal,Running Shoes,Fashion,2,4500,0.1,8100.0,UPI,Returned,,8100.0
ORD103360,2025-12-30,CUST1042,Customer 349,Pune,Maharashtra,Smartphone,Electronics,2,28000,0.1,50400.0,Net Banking,Returned,,50400.0
ORD100314,2025-02-20,CUST1371,Customer 100,Hyderabad,Telangana,Desk,Furniture,2,12000,0.1,21600.0,Cash on Delivery,Delivered,4.0,21600.0
ORD102947,2025-02-27,CUST1031,Customer 332,Kolkata,West Bengal,Mixer Grinder,Home Appliances,1,3800,0.1,3420.0,Credit Card,Delivered,3.0,3420.0
ORD102185,2025-06-08,CUST1390,Customer 497,Kolkata,West Bengal,Smartwatch,Electronics,1,6500,0.05,6175.0,Net Banking,Returned,,6175.0
ORD100733,2025-08-05,CUST1318,Customer 213,Jaipur,Rajasthan,Coffee Maker,Home Appliances,1,5200,0.15,4420.0,Cash on Delivery,Delivered,4.0,4420.0
ORD104107,2025-10-17,CUST1048,Customer 107,Hyderabad,Telangana,T-Shirt,Fashion,1,900,0.15,765.0,Cash on Delivery,Cancelled,,765.0
ORD100406,2025-06-29,CUST1246,Customer 448,Jaipur,Rajasthan,Desk,Furniture,3,12000,0.05,34200.0,Credit Card,Delivered,4.0,34200.0
ORD103265,2025-02-28,CUST1408,Customer 109,Mumbai,Maharashtra,Backpack,Accessories,2,1800,0.1,3240.0,Net Banking,Delivered,5.0,3240.0
ORD100419,2025-09-19,CUST1303,Customer 438,Ahmedabad,Gujarat,Mixer Grinder,Home Appliances,3,3800,0.0,11400.0,Credit Card,Delivered,1.0,11400.0
ORD103709,2025-07-17,CUST1438,Customer 337,Bengaluru,Karnataka,Laptop,Electronics,1,55000,0.15,46750.0,Net Banking,Delivered,4.0,46750.0
ORD103308,2025-04-23,CUST1305,Customer 517,Ahmedabad,Gujarat,Office Chair,Furniture,1,9000,0.0,9000.0,UPI,Delivered,3.0,9000.0
ORD101729,2025-06-06,CUST1367,Customer 481,Delhi,Delhi,Backpack,Accessories,1,1800,0.05,1710.0,Net Banking,Delivered,3.0,1710.0
ORD103062,2025-10-16,CUST1332,Customer 207,Kolkata,West Bengal,Smartphone,Electronics,1,28000,0.15,23800.0,Cash on Delivery,Cancelled,,23800.0
ORD103343,2025-12-23,CUST1325,Customer 481,Jaipur,Rajasthan,Office Chair,Furniture,1,9000,0.1,8100.0,Debit Card,Delivered,3.0,8100.0
ORD103325,2025-02-08,CUST1299,Customer 558,Delhi,Delhi,Backpack,Accessories,1,1800,0.0,1800.0,Cash on Delivery,Delivered,2.0,1800.0
ORD103965,2025-06-03,CUST1422,Customer 476,Pune,Maharashtra,Laptop,Electronics,1,55000,0.15,46750.0,Net Banking,Delivered,4.0,46750.0
ORD102081,2025-07-11,CUST1502,Customer 546,Mumbai,Maharashtra,Keyboard,Accessories,2,2200,0.0,4400.0,UPI,Cancelled,,4400.0
ORD100747,2025-09-16,CUST1018,Customer 64,Kochi,Kerala,Coffee Maker,Home Appliances,2,5200,0.0,10400.0,Credit Card,Delivered,2.0,10400.0
ORD101120,2025-10-10,CUST1562,Customer 249,Jaipur,Rajasthan,Office Chair,Furniture,1,9000,0.1,8100.0,UPI,Delivered,2.0,8100.0
ORD103904,2025-06-23,CUST1604,Customer 449,Ahmedabad,Gujarat,Smartwatch,Electronics,1,6500,0.1,5850.0,Credit Card,Delivered,1.0,5850.0
ORD101835,2025-03-31,CUST1377,Customer 497,Bengaluru,Karnataka,Keyboard,Accessories,1,2200,0.05,2090.0,Cash on Delivery,Delivered,5.0,2090.0
ORD101212,2025-12-26,CUST1249,Customer 131,Chennai,Tamil Nadu,Running Shoes,Fashion,1,4500,0.05,4275.0,Net Banking,Delivered,1.0,4275.0
ORD100773,2025-09-25,CUST1403,Customer 576,Jaipur,Rajasthan,Desk,Furniture,1,12000,0.15,10200.0,Net Banking,Delivered,3.0,10200.0
ORD100682,2025-01-12,CUST1598,Customer 556,Delhi,Delhi,Mixer Grinder,Home Appliances,2,3800,0.1,6840.0,Credit Card,Delivered,2.0,6840.0
ORD100092,2025-06-06,CUST1451,Customer 518,Hyderabad,Telangana,Coffee Maker,Home Appliances,1,5200,0.15,4420.0,Cash on Delivery,Delivered,1.0,4420.0
ORD103100,2025-04-01,CUST1184,Customer 34,Mumbai,Maharashtra,Office Chair,Furniture,1,9000,0.1,8100.0,Cash on Delivery,Delivered,4.0,8100.0
ORD100897,2025-04-21,CUST1111,Customer 358,Ahmedabad,Gujarat,Coffee Maker,Home Appliances,2,5200,0.0,10400.0,Debit Card,Delivered,3.0,10400.0
ORD100874,2025-10-19,CUST1050,Customer 103,Delhi,Delhi,Desk,Furniture,1,12000,0.1,10800.0,Net Banking,Delivered,3.0,10800.0
ORD102680,2025-08-12,CUST1611,Customer 582,Pune,Maharashtra,Smartwatch,Electronics,1,6500,0.05,6175.0,Cash on Delivery,Delivered,5.0,6175.0
ORD103913,2025-02-23,CUST1260,Customer 433,Ahmedabad,Gujarat,Mixer Grinder,Home Appliances,1,3800,0.1,3420.0,Net Banking,Delivered,3.0,3420.0
ORD102706,2025-07-30,CUST1333,Customer 288,Jaipur,Rajasthan,T-Shirt,Fashion,3,900,0.1,2430.0,Credit Card,Cancelled,,2430.0
ORD100585,2025-02-26,CUST1231,Customer 534,Hyderabad,Telangana,Keyboard,Accessories,1,2200,0.05,2090.0,Credit Card,Delivered,2.0,2090.0
ORD102040,2025-05-06,CUST1293,Customer 82,Pune,Maharashtra,Headphones,Electronics,1,2500,0.0,2500.0,Credit Card,Cancelled,,2500.0
ORD103794,2025-01-13,CUST1231,Customer 565,Chennai,Tamil Nadu,Coffee Maker,Home Appliances,1,5200,0.2,4160.0,Credit Card,Returned,,4160.0
ORD102035,2025-07-03,CUST1475,Customer 522,Chennai,Tamil Nadu,Laptop,Electronics,1,55000,0.0,55000.0,UPI,Delivered,1.0,55000.0
ORD102444,2025-06-05,CUST1566,Customer 79,Delhi,Delhi,Coffee Maker,Home Appliances,1,5200,0.0,5200.0,Debit Card,Delivered,2.0,5200.0
ORD102904,2025-04-08,CUST1477,Customer 615,Delhi,Delhi,Keyboard,Accessories,1,2200,0.05,2090.0,Debit Card,Cancelled,,2090.0
ORD103986,2025-03-22,CUST1300,Customer 318,Delhi,Delhi,Keyboard,Accessories,1,2200,0.0,2200.0,Debit Card,Delivered,3.0,2200.0
ORD101973,2025-01-10,CUST1568,Customer 303,Jaipur,Rajasthan,Desk,Furniture,1,12000,0.1,10800.0,Net Banking,Delivered,1.0,10800.0
ORD102672,2025-07-05,CUST1438,Customer 51,Bengaluru,Karnataka,Running Shoes,Fashion,1,4500,0.1,4050.0,Debit Card,Delivered,2.0,4050.0
ORD101292,2025-07-16,CUST1628,Customer 152,Pune,Maharashtra,Running Shoes,Fashion,1,4500,0.2,3600.0,Credit Card,Delivered,4.0,3600.0
ORD103753,2025-01-31,CUST1290,Customer 639,Kolkata,West Bengal,T-Shirt,Fashion,1,900,0.1,810.0,Cash on Delivery,Delivered,4.0,810.0
ORD104158,2025-08-29,CUST1027,Customer 615,Ahmedabad,Gujarat,T-Shirt,Fashion,1,900,0.1,810.0,Net Banking,Cancelled,,810.0
ORD102739,2025-01-24,CUST1064,Customer 460,Delhi,Delhi,Backpack,Accessories,2,1800,0.1,3240.0,Credit Card,Returned,,3240.0
ORD102330,2025-04-28,CUST1128,Customer 94,Kochi,Kerala,Laptop,Electronics,1,55000,0.05,52250.0,Cash on Delivery,Delivered,4.0,52250.0
ORD102033,2025-02-08,CUST1095,Customer 553,Kochi,Kerala,Desk,Furniture,1,12000,0.05,11400.0,Net Banking,Cancelled,,11400.0
ORD101275,2025-07-01,CUST1426,Customer 327,Delhi,Delhi,Laptop,Electronics,1,55000,0.2,44000.0,Credit Card,Delivered,2.0,44000.0
ORD100430,2025-06-07,CUST1039,Customer 252,Jaipur,Rajasthan,Coffee Maker,Home Appliances,1,5200,0.1,4680.0,Debit Card,Delivered,3.0,4680.0
ORD104183,2025-02-20,CUST1538,Customer 612,Ahmedabad,Gujarat,Office Chair,Furniture,1,9000,0.15,7650.0,Cash on Delivery,Cancelled,,7650.0
ORD103653,2025-02-23,CUST1252,Customer 360,Delhi,Delhi,Backpack,Accessories,1,1800,0.0,1800.0,Cash on Delivery,Delivered,1.0,1800.0
ORD101291,2025-10-30,CUST1130,Customer 55,Chennai,Tamil Nadu,Coffee Maker,Home Appliances,1,5200,0.1,4680.0,Net Banking,Delivered,5.0,4680.0
ORD101009,2025-06-17,CUST1195,Customer 443,Ahmedabad,Gujarat,Laptop,Electronics,1,55000,0.15,46750.0,Debit Card,Cancelled,,46750.0
ORD101566,2025-08-03,CUST1288,Customer 395,Mumbai,Maharashtra,Keyboard,Accessories,1,2200,0.0,2200.0,Cash on Delivery,Delivered,4.0,2200.0
ORD103689,2025-03-29,CUST1020,Customer 440,Chennai,Tamil Nadu,Keyboard,Accessories,1,2200,0.1,1980.0,Net Banking,Delivered,4.0,1980.0
ORD103988,2025-03-25,CUST1242,Customer 222,Hyderabad,Telangana,Running Shoes,Fashion,1,4500,0.1,4050.0,Credit Card,Delivered,1.0,4050.0
ORD100441,2025-11-14,CUST1074,Customer 623,Ahmedabad,Gujarat,Mixer Grinder,Home Appliances,1,3800,0.1,3420.0,Credit Card,Delivered,4.0,3420.0
ORD101821,2025-07-21,CUST1304,Customer 585,Pune,Maharashtra,Running Shoes,Fashion,1,4500,0.0,4500.0,UPI,Delivered,2.0,4500.0
ORD103557,2025-10-04,CUST1120,Customer 579,Jaipur,Rajasthan,Mixer Grinder,Home Appliances,1,3800,0.05,3610.0,Debit Card,Delivered,1.0,3610.0
ORD103937,2025-06-10,CUST1020,Customer 423,Kochi,Kerala,Smartwatch,Electronics,2,6500,0.0,13000.0,UPI,Returned,,13000.0
ORD103958,2025-05-19,CUST1146,Customer 340,Pune,Maharashtra,Headphones,Electronics,1,2500,0.05,2375.0,Credit Card,Returned,,2375.0
ORD103394,2025-11-21,CUST1555,Customer 188,Delhi,Delhi,T-Shirt,Fashion,1,900,0.05,855.0,Credit Card,Cancelled,,855.0
ORD100202,2025-04-11,CUST1310,Customer 599,Ahmedabad,Gujarat,Keyboard,Accessories,1,2200,0.0,2200.0,Debit Card,Delivered,3.0,2200.0
ORD100112,2025-07-20,CUST1355,Customer 584,Kochi,Kerala,Mixer Grinder,Home Appliances,1,3800,0.1,3420.0,Credit Card,Returned,,3420.0
ORD101551,2025-03-04,CUST1161,Customer 610,Delhi,Delhi,Keyboard,Accessories,1,2200,0.0,2200.0,Cash on Delivery,Delivered,2.0,2200.0
ORD102979,2025-09-25,CUST1567,Customer 271,Mumbai,Maharashtra,Office Chair,Furniture,1,9000,0.0,9000.0,Cash on Delivery,Returned,,9000.0
ORD101911,2025-10-20,CUST1525,Customer 420,Delhi,Delhi,Smartphone,Electronics,1,28000,0.05,26600.0,Credit Card,Delivered,5.0,26600.0
ORD103451,2025-09-07,CUST1594,Customer 324,Chennai,Tamil Nadu,Laptop,Electronics,1,55000,0.0,55000.0,Cash on Delivery,Delivered,4.0,55000.0
ORD101984,2025-05-13,CUST1494,Customer 607,Delhi,Delhi,Coffee Maker,Home Appliances,1,5200,0.1,4680.0,Debit Card,Delivered,5.0,4680.0
ORD101426,2025-04-11,CUST1115,Customer 499,Bengaluru,Karnataka,T-Shirt,Fashion,1,900,0.05,855.0,Cash on Delivery,Returned,,855.0
ORD100089,2025-09-09,CUST1296,Customer 202,Kolkata,West Bengal,Desk,Furniture,1,12000,0.0,12000.0,Credit Card,Delivered,4.0,12000.0
ORD100531,2025-04-25,CUST1270,Customer 61,Delhi,Delhi,Smartwatch,Electronics,1,6500,0.1,5850.0,Net Banking,Delivered,5.0,5850.0
ORD101288,2025-07-07,CUST1205,Customer 24,Jaipur,Rajasthan,T-Shirt,Fashion,1,900,0.1,810.0,Cash on Delivery,Delivered,3.0,810.0
ORD101814,2025-06-09,CUST1463,Customer 462,Delhi,Delhi,Running Shoes,Fashion,2,4500,0.0,9000.0,UPI,Delivered,4.0,9000.0
ORD101408,2025-10-23,CUST1077,Customer 633,Delhi,Delhi,Smartwatch,Electronics,1,6500,0.05,6175.0,Debit Card,Cancelled,,6175.0
ORD101179,2025-03-31,CUST1418,Customer 486,Bengaluru,Karnataka,Office Chair,Furniture,1,9000,0.0,9000.0,Net Banking,Returned,,9000.0
ORD102625,2025-05-29,CUST1082,Customer 217,Kochi,Kerala,Smartwatch,Electronics,1,6500,0.05,6175.0,Credit Card,Delivered,1.0,6175.0
ORD100794,2025-12-04,CUST1212,Customer 60,Mumbai,Maharashtra,Coffee Maker,Home Appliances,1,5200,0.05,4940.0,Net Banking,Delivered,2.0,4940.0
ORD103332,2025-04-03,CUST1473,Customer 77,Ahmedabad,Gujarat,Running Shoes,Fashion,1,4500,0.1,4050.0,Cash on Delivery,Delivered,2.0,4050.0
ORD100042,2025-05-11,CUST1638,Customer 516,Kochi,Kerala,Backpack,Accessories,1,1800,0.05,1710.0,Debit Card,Delivered,2.0,1710.0
ORD102557,2025-08-16,CUST1578,Customer 150,Chennai,Tamil Nadu,Headphones,Electronics,1,2500,0.15,2125.0,UPI,Cancelled,,2125.0
ORD102325,2025-08-25,CUST1481,Customer 180,Jaipur,Rajasthan,Desk,Furniture,1,12000,0.0,12000.0,Cash on Delivery,Delivered,2.0,12000.0
ORD101232,2025-07-13,CUST1055,Customer 292,Kolkata,West Bengal,Mixer Grinder,Home Appliances,1,3800,0.1,3420.0,Net Banking,Delivered,1.0,3420.0
ORD103952,2025-02-17,CUST1057,Customer 45,Ahmedabad,Gujarat,Mixer Grinder,Home Appliances,1,3800,0.15,3230.0,Cash on Delivery,Returned,,3230.0
ORD101046,2025-12-05,CUST1252,Customer 533,Kochi,Kerala,Smartwatch,Electronics,1,6500,0.15,5525.0,Debit Card,Delivered,3.0,5525.0
ORD103040,2025-06-05,CUST1337,Customer 31,Ahmedabad,Gujarat,Desk,Furniture,1,12000,0.05,11400.0,Credit Card,Delivered,3.0,11400.0
ORD101748,2025-02-27,CUST1412,Customer 448,Jaipur,Rajasthan,Office Chair,Furniture,1,9000,0.1,8100.0,Credit Card,Delivered,3.0,8100.0
ORD103477,2025-10-11,CUST1368,Customer 539,Mumbai,Maharashtra,Smartwatch,Electronics,1,6500,0.0,6500.0,Cash on Delivery,Cancelled,,6500.0
ORD102513,2025-02-11,CUST1324,Customer 531,Pune,Maharashtra,Desk,Furniture,1,12000,0.0,12000.0,UPI,Delivered,4.0,12000.0
ORD101829,2025-04-26,CUST1527,Customer 527,Kolkata,West Bengal,Smartwatch,Electronics,1,6500,0.2,5200.0,Debit Card,Delivered,4.0,5200.0
ORD101369,2025-11-06,CUST1491,Customer 49,Jaipur,Rajasthan,Backpack,Accessories,3,1800,0.1,4860.0,Debit Card,Cancelled,,4860.0
ORD101030,2025-10-23,CUST1424,Customer 169,Kolkata,West Bengal,T-Shirt,Fashion,1,900,0.15,765.0,Cash on Delivery,Delivered,5.0,765.0
ORD102486,2025-08-01,CUST1642,Customer 514,Mumbai,Maharashtra,Running Shoes,Fashion,1,4500,0.0,4500.0,Net Banking,Returned,,4500.0
ORD103011,2025-04-12,CUST1533,Customer 16,Chennai,Tamil Nadu,Keyboard,Accessories,2,2200,0.15,3740.0,UPI,Delivered,5.0,3740.0
ORD103140,2025-06-10,CUST1241,Customer 558,Pune,Maharashtra,Keyboard,Accessories,1,2200,0.1,1980.0,UPI,Delivered,3.0,1980.0
ORD100581,2025-01-25,CUST1382,Customer 609,Chennai,Tamil Nadu,T-Shirt,Fashion,1,900,0.05,855.0,Credit Card,Delivered,3.0,855.0
ORD104018,2025-09-22,CUST1156,Customer 350,Hyderabad,Telangana,Smartwatch,Electronics,2,6500,0.0,13000.0,Credit Card,Delivered,3.0,13000.0
ORD103483,2025-03-05,CUST1368,Customer 125,Chennai,Tamil Nadu,Backpack,Accessories,1,1800,0.1,1620.0,Net Banking,Delivered,5.0,1620.0
ORD100120,2025-04-09,CUST1584,Customer 539,Chennai,Tamil Nadu,Smartphone,Electronics,1,28000,0.0,28000.0,Credit Card,Returned,,28000.0
ORD101534,2025-07-17,CUST1251,Customer 482,Delhi,Delhi,Smartwatch,Electronics,1,6500,0.05,6175.0,Debit Card,Cancelled,,6175.0
ORD102649,2025-02-19,CUST1352,Customer 463,Ahmedabad,Gujarat,T-Shirt,Fashion,1,900,0.1,810.0,Net Banking,Delivered,5.0,810.0
ORD102820,2025-10-07,CUST1030,Customer 422,Hyderabad,Telangana,Office Chair,Furniture,1,9000,0.0,9000.0,Credit Card,Returned,,9000.0
ORD102233,2025-08-14,CUST1404,Customer 225,Hyderabad,Telangana,Smartphone,Electronics,1,28000,0.1,25200.0,UPI,Delivered,4.0,25200.0
ORD103929,2025-08-11,CUST1268,Customer 112,Chennai,Tamil Nadu,Laptop,Electronics,1,55000,0.2,44000.0,Net Banking,Delivered,5.0,44000.0
ORD100808,2025-10-12,CUST1638,Customer 302,Bengaluru,Karnataka,Smartwatch,Electronics,2,6500,0.2,10400.0,UPI,Cancelled,,10400.0
ORD102749,2025-06-01,CUST1345,Customer 142,Delhi,Delhi,T-Shirt,Fashion,1,900,0.05,855.0,Net Banking,Delivered,4.0,855.0
ORD101870,2025-01-14,CUST1279,Customer 152,Jaipur,Rajasthan,Coffee Maker,Home Appliances,1,5200,0.05,4940.0,Debit Card,Returned,,4940.0
ORD103536,2025-12-18,CUST1507,Customer 571,Delhi,Delhi,Smartwatch,Electronics,1,6500,0.05,6175.0,Cash on Delivery,Returned,,6175.0
ORD100068,2025-11-06,CUST1058,Customer 254,Pune,Maharashtra,Smartphone,Electronics,1,28000,0.05,26600.0,Net Banking,Delivered,5.0,26600.0
ORD102795,2025-12-16,CUST1509,Customer 627,Kolkata,West Bengal,Headphones,Electronics,1,2500,0.1,2250.0,Cash on Delivery,Cancelled,,2250.0
ORD101788,2025-04-27,CUST1373,Customer 196,Kochi,Kerala,Running Shoes,Fashion,1,4500,0.0,4500.0,Net Banking,Delivered,3.0,4500.0
ORD101961,2025-11-22,CUST1650,Customer 279,Delhi,Delhi,Backpack,Accessories,1,1800,0.05,1710.0,Cash on Delivery,Cancelled,,1710.0
ORD101105,2025-06-06,CUST1269,Customer 446,Bengaluru,Karnataka,Keyboard,Accessories,1,2200,0.1,1980.0,Credit Card,Delivered,1.0,1980.0
ORD100113,2025-11-24,CUST1632,Customer 147,Mumbai,Maharashtra,Coffee Maker,Home Appliances,2,5200,0.0,10400.0,Credit Card,Cancelled,,10400.0
ORD102494,2025-07-07,CUST1478,Customer 211,Delhi,Delhi,Backpack,Accessories,2,1800,0.1,3240.0,Credit Card,Delivered,4.0,3240.0
ORD101671,2025-01-13,CUST1010,Customer 3,Bengaluru,Karnataka,Headphones,Electronics,1,2500,0.15,2125.0,Debit Card,Delivered,1.0,2125.0
ORD102212,2025-07-27,CUST1411,Customer 623,Kochi,Kerala,Headphones,Electronics,1,2500,0.0,2500.0,UPI,Cancelled,,2500.0
ORD103921,2025-02-15,CUST1217,Customer 6,Mumbai,Maharashtra,Laptop,Electronics,1,55000,0.15,46750.0,Cash on Delivery,Cancelled,,46750.0
ORD102493,2025-06-13,CUST1472,Customer 308,Chennai,Tamil Nadu,Running Shoes,Fashion,1,4500,0.0,4500.0,Net Banking,Delivered,5.0,4500.0
ORD103021,2025-07-15,CUST1339,Customer 409,Delhi,Delhi,Mixer Grinder,Home Appliances,2,3800,0.05,7220.0,Cash on Delivery,Cancelled,,7220.0
ORD103027,2025-09-22,CUST1166,Customer 639,Chennai,Tamil Nadu,Desk,Furniture,1,12000,0.0,12000.0,UPI,Delivered,1.0,12000.0
ORD103313,2025-02-10,CUST1047,Customer 433,Kochi,Kerala,Coffee Maker,Home Appliances,1,5200,0.0,5200.0,Credit Card,Returned,,5200.0
ORD102472,2025-08-17,CUST1431,Customer 118,Ahmedabad,Gujarat,Mixer Grinder,Home Appliances,1,3800,0.0,3800.0,Net Banking,Delivered,3.0,3800.0
ORD101050,2025-03-30,CUST1439,Customer 650,Bengaluru,Karnataka,Running Shoes,Fashion,1,4500,0.1,4050.0,Net Banking,Returned,,4050.0
ORD103723,2025-04-11,CUST1034,Customer 471,Jaipur,Rajasthan,Desk,Furniture,1,12000,0.0,12000.0,Credit Card,Returned,,12000.0
ORD102647,2025-08-01,CUST1392,Customer 434,Delhi,Delhi,Mixer Grinder,Home Appliances,1,3800,0.1,3420.0,Debit Card,Delivered,2.0,3420.0
ORD104026,2025-04-03,CUST1517,Customer 136,Chennai,Tamil Nadu,Smartphone,Electronics,1,28000,0.5,14000.0,Cash on Delivery,Delivered,4.0,28000.0
ORD103731,2025-01-21,CUST1022,Customer 78,Delhi,Delhi,Headphones,Electronics,1,2500,0.1,2250.0,Net Banking,Cancelled,,2250.0
ORD103521,2025-08-07,CUST1451,Customer 145,Chennai,Tamil Nadu,T-Shirt,Fashion,1,900,0.05,855.0,Credit Card,Cancelled,,855.0
ORD102411,2025-03-09,CUST1380,Customer 163,Kolkata,West Bengal,Keyboard,Accessories,1,2200,0.2,1760.0,Credit Card,Delivered,5.0,1760.0
ORD103281,2025-03-13,CUST1208,Customer 607,Bengaluru,Karnataka,Running Shoes,Fashion,1,4500,0.05,4275.0,UPI,Delivered,2.0,4275.0
ORD103482,2025-05-27,CUST1159,Customer 37,Pune,Maharashtra,Desk,Furniture,2,12000,0.05,22800.0,Debit Card,Delivered,2.0,22800.0
ORD102240,2025-06-09,CUST1425,Customer 517,Bengaluru,Karnataka,Mixer Grinder,Home Appliances,1,3800,0.05,3610.0,Cash on Delivery,Returned,,3610.0
ORD102924,2025-10-21,CUST1593,Customer 444,Bengaluru,Karnataka,Smartwatch,Electronics,1,6500,0.0,6500.0,Cash on Delivery,Delivered,4.0,6500.0
ORD101894,2025-12-18,CUST1637,Customer 483,Hyderabad,Telangana,Coffee Maker,Home Appliances,1,5200,0.05,4940.0,Cash on Delivery,Delivered,3.0,4940.0
ORD102992,2025-06-25,CUST1211,Customer 390,Ahmedabad,Gujarat,Smartphone,Electronics,1,28000,0.1,25200.0,Net Banking,Delivered,1.0,25200.0
ORD102643,2025-10-12,CUST1031,Customer 232,Mumbai,Maharashtra,Running Shoes,Fashion,1,4500,0.0,4500.0,Credit Card,Delivered,1.0,4500.0
ORD100946,2025-07-17,CUST1019,Customer 393,Ahmedabad,Gujarat,Laptop,Electronics,2,55000,0.1,99000.0,Cash on Delivery,Delivered,5.0,99000.0
ORD103405,2025-03-16,CUST1533,Customer 156,Chennai,Tamil Nadu,Desk,Furniture,2,12000,0.0,24000.0,UPI,Delivered,4.0,24000.0
ORD101828,2025-03-18,CUST1054,Customer 580,Delhi,Delhi,Smartwatch,Electronics,2,6500,0.0,13000.0,Credit Card,Returned,,13000.0
ORD102618,2025-02-01,CUST1223,Customer 490,Jaipur,Rajasthan,Running Shoes,Fashion,1,4500,0.0,4500.0,Net Banking,Delivered,1.0,4500.0
ORD101755,2025-01-12,CUST1018,Customer 27,Jaipur,Rajasthan,Office Chair,Furniture,1,9000,0.0,9000.0,Cash on Delivery,Delivered,3.0,9000.0
ORD102780,2025-07-17,CUST1072,Customer 623,Chennai,Tamil Nadu,Mixer Grinder,Home Appliances,1,3800,0.15,3230.0,Cash on Delivery,Returned,,3230.0
ORD101259,2025-09-06,CUST1017,Customer 112,Mumbai,Maharashtra,Coffee Maker,Home Appliances,1,5200,0.05,4940.0,Credit Card,Delivered,3.0,4940.0
ORD101168,2025-05-29,CUST1563,Customer 638,Delhi,Delhi,T-Shirt,Fashion,3,900,0.1,2430.0,UPI,Delivered,2.0,2430.0
ORD102036,2025-06-27,CUST1327,Customer 595,Hyderabad,Telangana,T-Shirt,Fashion,1,900,0.05,855.0,Net Banking,Delivered,2.0,855.0
ORD101171,2025-07-21,CUST1131,Customer 634,Bengaluru,Karnataka,Mixer Grinder,Home Appliances,1,3800,0.15,3230.0,Net Banking,Delivered,5.0,3230.0
ORD103622,2025-01-13,CUST1496,Customer 191,Hyderabad,Telangana,Laptop,Electronics,1,55000,0.15,46750.0,Debit Card,Delivered,4.0,46750.0
ORD104127,2025-06-17,CUST1429,Customer 648,Kochi,Kerala,Desk,Furniture,1,12000,0.05,11400.0,Cash on Delivery,Delivered,4.0,11400.0
ORD102667,2025-05-08,CUST1221,Customer 297,Pune,Maharashtra,Backpack,Accessories,1,1800,0.1,1620.0,Debit Card,Returned,,1620.0
ORD102730,2025-08-09,CUST1098,Customer 43,Kochi,Kerala,Coffee Maker,Home Appliances,1,5200,0.05,4940.0,UPI,Delivered,5.0,4940.0
ORD102930,2025-11-15,CUST1531,Customer 82,Jaipur,Rajasthan,Office Chair,Furniture,1,9000,0.1,8100.0,UPI,Delivered,5.0,8100.0
ORD100299,2025-03-09,CUST1634,Customer 241,Kolkata,West Bengal,Running Shoes,Fashion,1,4500,0.0,4500.0,Debit Card,Delivered,5.0,4500.0
ORD101123,2025-01-11,CUST1495,Customer 57,Ahmedabad,Gujarat,Smartwatch,Electronics,1,6500,0.0,6500.0,Debit Card,Delivered,3.0,6500.0
ORD100203,2025-04-23,CUST1565,Customer 611,Kolkata,West Bengal,Backpack,Accessories,1,1800,0.1,1620.0,Net Banking,Delivered,1.0,1620.0
ORD100075,2025-12-17,CUST1356,Customer 193,Delhi,Delhi,Smartwatch,Electronics,1,6500,0.1,5850.0,Debit Card,Delivered,2.0,5850.0
ORD104143,2025-01-30,CUST1059,Customer 115,Chennai,Tamil Nadu,Keyboard,Accessories,1,2200,0.05,2090.0,Debit Card,Delivered,2.0,2090.0
ORD100041,2025-11-16,CUST1613,Customer 599,Hyderabad,Telangana,Smartwatch,Electronics,1,6500,0.05,6175.0,UPI,Cancelled,,6175.0
ORD100731,2025-10-09,CUST1533,Customer 522,Ahmedabad,Gujarat,Mixer Grinder,Home Appliances,1,3800,0.1,3420.0,UPI,Delivered,1.0,3420.0
ORD100599,2025-05-26,CUST1550,Customer 445,Ahmedabad,Gujarat,Smartwatch,Electronics,1,6500,0.0,6500.0,Cash on Delivery,Delivered,1.0,6500.0
ORD100110,2025-01-28,CUST1458,Customer 257,Pune,Maharashtra,Laptop,Electronics,1,55000,0.2,44000.0,UPI,Delivered,1.0,44000.0
ORD101860,2025-01-07,CUST1301,Customer 568,Delhi,Delhi,Smartphone,Electronics,1,28000,0.05,26600.0,Cash on Delivery,Delivered,1.0,26600.0
ORD100163,2025-05-14,CUST1020,Customer 578,Delhi,Delhi,Coffee Maker,Home Appliances,1,5200,0.1,4680.0,Debit Card,Cancelled,,4680.0
ORD103199,2025-10-03,CUST1259,Customer 87,Chennai,Tamil Nadu,Running Shoes,Fashion,1,4500,0.0,4500.0,Credit Card,Cancelled,,4500.0
ORD101609,2025-02-06,CUST1249,Customer 364,Ahmedabad,Gujarat,T-Shirt,Fashion,1,900,0.05,855.0,Cash on Delivery,Delivered,5.0,855.0
ORD102669,2025-04-21,CUST1195,Customer 590,Kochi,Kerala,Mixer Grinder,Home Appliances,1,3800,0.0,3800.0,Net Banking,Cancelled,,3800.0
ORD103278,2025-04-18,CUST1161,Customer 406,Kochi,Kerala,Headphones,Electronics,1,2500,0.0,2500.0,Cash on Delivery,Delivered,3.0,2500.0
ORD103562,2025-02-04,CUST1267,Customer 529,Chennai,Tamil Nadu,T-Shirt,Fashion,2,900,0.05,1710.0,Net Banking,Cancelled,,1710.0
ORD102337,2025-10-13,CUST1323,Customer 573,Kolkata,West Bengal,Headphones,Electronics,2,2500,0.15,4250.0,UPI,Delivered,5.0,4250.0
ORD104066,2025-07-16,CUST1329,Customer 361,Pune,Maharashtra,Mixer Grinder,Home Appliances,1,3800,0.1,3420.0,Net Banking,Delivered,1.0,3420.0
ORD103910,2025-11-04,CUST1617,Customer 540,Bengaluru,Karnataka,T-Shirt,Fashion,1,900,0.0,900.0,Credit Card,Delivered,1.0,900.0
ORD101418,2025-05-11,CUST1336,Customer 411,Kolkata,West Bengal,Laptop,Electronics,2,55000,0.0,110000.0,Cash on Delivery,Delivered,3.0,110000.0
ORD103542,2025-11-21,CUST1173,Customer 119,Chennai,Tamil Nadu,T-Shirt,Fashion,1,900,0.1,810.0,Debit Card,Delivered,2.0,810.0
ORD101015,2025-11-25,CUST1153,Customer 245,Pune,Maharashtra,Coffee Maker,Home Appliances,1,5200,0.0,5200.0,Net Banking,Delivered,4.0,5200.0
ORD100770,2025-04-28,CUST1118,Customer 423,Mumbai,Maharashtra,Coffee Maker,Home Appliances,1,5200,0.15,4420.0,Net Banking,Delivered,2.0,4420.0
ORD102446,2025-09-20,CUST1277,Customer 61,Bengaluru,Karnataka,Office Chair,Furniture,2,9000,0.0,18000.0,Cash on Delivery,Delivered,3.0,18000.0
ORD103925,2025-07-29,CUST1189,Customer 529,Kolkata,West Bengal,Desk,Furniture,1,12000,0.1,10800.0,Credit Card,Delivered,1.0,10800.0
ORD101801,2025-02-01,CUST1287,Customer 395,Kolkata,West Bengal,Office Chair,Furniture,1,9000,0.05,8550.0,Net Banking,Delivered,3.0,8550.0
ORD103015,2025-05-08,CUST1367,Customer 256,Ahmedabad,Gujarat,Office Chair,Furniture,1,9000,0.05,8550.0,Cash on Delivery,Delivered,3.0,8550.0
ORD101678,2025-08-11,CUST1144,Customer 199,Ahmedabad,Gujarat,Office Chair,Furniture,1,9000,0.05,8550.0,Debit Card,Delivered,4.0,8550.0
ORD101323,2025-10-08,CUST1467,Customer 428,Kolkata,West Bengal,Smartphone,Electronics,1,28000,0.15,23800.0,UPI,Delivered,2.0,23800.0
ORD103881,2025-02-28,CUST1449,Customer 83,Chennai,Tamil Nadu,Smartphone,Electronics,2,28000,0.05,53200.0,Debit Card,Delivered,2.0,53200.0
ORD102929,2025-08-31,CUST1607,Customer 331,Hyderabad,Telangana,Office Chair,Furniture,2,9000,0.0,18000.0,Cash on Delivery,Delivered,4.0,18000.0
ORD102829,2025-07-07,CUST1624,Customer 437,Hyderabad,Telangana,Headphones,Electronics,1,2500,0.1,2250.0,UPI,Cancelled,,2250.0
ORD103990,2025-08-30,CUST1204,Customer 190,Hyderabad,Telangana,Laptop,Electronics,1,55000,0.1,49500.0,Credit Card,Delivered,4.0,49500.0
ORD102889,2025-07-15,CUST1592,Customer 163,Kochi,Kerala,Mixer Grinder,Home Appliances,1,3800,0.1,3420.0,Credit Card,Delivered,3.0,3420.0
ORD103519,2025-08-30,CUST1078,Customer 441,Delhi,Delhi,Laptop,Electronics,1,55000,0.1,49500.0,UPI,Cancelled,,49500.0
ORD102675,2025-05-09,CUST1504,Customer 197,Pune,Maharashtra,Office Chair,Furniture,1,9000,0.1,8100.0,Debit Card,Delivered,3.0,8100.0
ORD101899,2025-07-21,CUST1053,Customer 38,Hyderabad,Telangana,Headphones,Electronics,1,2500,0.15,2125.0,Net Banking,Delivered,3.0,2125.0
ORD102561,2025-02-20,CUST1433,Customer 426,Delhi,Delhi,Coffee Maker,Home Appliances,1,5200,0.05,4940.0,Cash on Delivery,Delivered,4.0,4940.0
ORD100334,2025-02-15,CUST1170,Customer 564,Ahmedabad,Gujarat,T-Shirt,Fashion,2,900,0.1,1620.0,Cash on Delivery,Delivered,1.0,1620.0
ORD102610,2025-04-24,CUST1538,Customer 82,Delhi,Delhi,Running Shoes,Fashion,1,4500,0.1,4050.0,UPI,Cancelled,,4050.0
ORD100613,2025-07-13,CUST1223,Customer 216,Mumbai,Maharashtra,Headphones,Electronics,1,2500,0.0,2500.0,Cash on Delivery,Delivered,1.0,2500.0
ORD103476,2025-01-08,CUST1612,Customer 53,Hyderabad,Telangana,Office Chair,Furniture,2,9000,0.1,16200.0,Net Banking,Delivered,4.0,16200.0
ORD100728,2025-06-26,CUST1136,Customer 304,Kolkata,West Bengal,Laptop,Electronics,1,55000,0.05,52250.0,Cash on Delivery,Returned,,52250.0
ORD101326,2025-09-03,CUST1185,Customer 438,Kolkata,West Bengal,Keyboard,Accessories,1,2200,0.1,1980.0,Net Banking,Delivered,4.0,1980.0
ORD102974,2025-08-26,CUST1052,Customer 548,Ahmedabad,Gujarat,Running Shoes,Fashion,1,4500,0.15,3825.0,Debit Card,Delivered,3.0,3825.0
ORD100143,2025-02-21,CUST1376,Customer 587,Hyderabad,Telangana,Backpack,Accessories,1,1800,0.0,1800.0,Credit Card,Delivered,2.0,1800.0
ORD101653,2025-08-23,CUST1050,Customer 532,Jaipur,Rajasthan,Coffee Maker,Home Appliances,1,5200,0.1,4680.0,Net Banking,Delivered,4.0,4680.0
ORD102091,2025-03-18,CUST1612,Customer 71,Ahmedabad,Gujarat,Coffee Maker,Home Appliances,1,5200,0.0,5200.0,UPI,Delivered,1.0,5200.0
ORD102691,2025-03-27,CUST1345,Customer 31,Pune,Maharashtra,Desk,Furniture,2,12000,0.1,21600.0,Credit Card,Delivered,3.0,21600.0
ORD101322,2025-08-25,CUST1552,Customer 430,Bengaluru,Karnataka,Keyboard,Accessories,1,2200,0.0,2200.0,UPI,Delivered,1.0,2200.0
ORD100964,2025-08-11,CUST1365,Customer 232,Mumbai,Maharashtra,Mixer Grinder,Home Appliances,1,3800,0.0,3800.0,Credit Card,Delivered,4.0,3800.0
ORD103883,2025-07-18,CUST1325,Customer 56,Bengaluru,Karnataka,Smartwatch,Electronics,1,6500,0.1,5850.0,UPI,Cancelled,,5850.0
ORD103573,2025-11-23,CUST1407,Customer 580,Delhi,Delhi,Keyboard,Accessories,1,2200,0.0,2200.0,Debit Card,Delivered,2.0,2200.0
ORD101324,2025-12-25,CUST1054,Customer 609,Pune,Maharashtra,Running Shoes,Fashion,1,4500,0.05,4275.0,UPI,Delivered,2.0,4275.0
ORD100233,2025-05-24,CUST1259,Customer 439,Kochi,Kerala,Smartphone,Electronics,1,28000,0.0,28000.0,UPI,Returned,,28000.0
ORD101302,2025-08-14,CUST1038,Customer 463,Kochi,Kerala,Headphones,Electronics,1,2500,0.05,2375.0,UPI,Delivered,2.0,2375.0
ORD101908,2025-08-01,CUST1272,Customer 66,Chennai,Tamil Nadu,Keyboard,Accessories,1,2200,0.05,2090.0,Net Banking,Delivered,3.0,2090.0
ORD102664,2025-10-22,CUST1255,Customer 586,Kochi,Kerala,Smartwatch,Electronics,1,6500,0.15,5525.0,Credit Card,Delivered,3.0,5525.0
ORD103936,2025-04-18,CUST1246,Customer 410,Ahmedabad,Gujarat,Mixer Grinder,Home Appliances,2,3800,0.05,7220.0,Credit Card,Delivered,2.0,7220.0
ORD100077,2025-09-28,CUST1186,Customer 574,Bengaluru,Karnataka,Mixer Grinder,Home Appliances,1,3800,0.0,3800.0,Cash on Delivery,Delivered,3.0,3800.0
ORD103594,2025-07-10,CUST1139,Customer 10,Ahmedabad,Gujarat,Smartwatch,Electronics,2,6500,0.15,11050.0,Debit Card,Delivered,3.0,11050.0
ORD100234,2025-04-07,CUST1562,Customer 510,Bengaluru,Karnataka,Smartwatch,Electronics,1,6500,0.0,6500.0,UPI,Returned,,6500.0
ORD104079,2025-06-03,CUST1007,Customer 177,Chennai,Tamil Nadu,Coffee Maker,Home Appliances,1,5200,0.0,5200.0,Debit Card,Delivered,1.0,5200.0
ORD100257,2025-04-09,CUST1490,Customer 498,Delhi,Delhi,Mixer Grinder,Home Appliances,1,3800,0.0,3800.0,UPI,Cancelled,,3800.0
ORD101618,2025-11-14,CUST1246,Customer 323,Pune,Maharashtra,Mixer Grinder,Home Appliances,1,3800,0.05,3610.0,Debit Card,Returned,,3610.0
ORD103443,2025-12-31,CUST1098,Unknown Customer,Pune,Maharashtra,Smartwatch,Electronics,1,6500,0.05,6175.0,UPI,Delivered,2.0,6175.0
ORD100834,2025-12-18,CUST1104,Customer 143,Pune,Maharashtra,Smartphone,Electronics,1,28000,0.05,26600.0,Cash on Delivery,Returned,,26600.0
ORD102175,2025-03-18,CUST1610,Customer 162,Chennai,Tamil Nadu,Backpack,Accessories,1,1800,0.2,1440.0,Net Banking,Cancelled,,1440.0
ORD103295,2025-08-03,CUST1314,Customer 28,Ahmedabad,Gujarat,Desk,Furniture,1,12000,0.05,11400.0,Debit Card,Delivered,5.0,11400.0
ORD101079,2025-04-21,CUST1180,Customer 16,Pune,Maharashtra,Running Shoes,Fashion,2,4500,0.2,7200.0,Debit Card,Delivered,5.0,7200.0
ORD100155,2025-07-06,CUST1648,Customer 8,Kochi,Kerala,Running Shoes,Fashion,1,4500,0.0,4500.0,Net Banking,Delivered,2.0,4500.0
ORD103759,2025-04-10,CUST1517,Customer 197,Hyderabad,Telangana,Laptop,Electronics,1,55000,0.15,46750.0,Cash on Delivery,Returned,,46750.0
ORD103163,2025-03-03,CUST1640,Customer 389,Delhi,Delhi,Keyboard,Accessories,2,2200,0.0,4400.0,Credit Card,Returned,,4400.0
ORD102274,2025-05-16,CUST1231,Customer 203,Bengaluru,Karnataka,Mixer Grinder,Home Appliances,1,3800,0.0,3800.0,Credit Card,Delivered,3.0,3800.0
ORD101520,2025-05-22,CUST1036,Customer 67,Bengaluru,Karnataka,Running Shoes,Fashion,1,4500,0.0,4500.0,Cash on Delivery,Delivered,1.0,4500.0
ORD102733,2025-08-04,CUST1233,Customer 115,Pune,Maharashtra,Headphones,Electronics,1,2500,0.05,2375.0,Net Banking,Delivered,5.0,2375.0
ORD101518,2025-06-26,CUST1031,Customer 456,Mumbai,Maharashtra,Coffee Maker,Home Appliances,1,5200,0.05,4940.0,Debit Card,Cancelled,,4940.0
ORD103658,2025-06-27,CUST1403,Customer 188,Ahmedabad,Gujarat,Running Shoes,Fashion,2,4500,0.0,9000.0,Cash on Delivery,Delivered,3.0,9000.0
ORD100154,2025-11-23,CUST1568,Customer 38,Hyderabad,Telangana,Desk,Furniture,1,12000,0.0,12000.0,Cash on Delivery,Returned,,12000.0
ORD102331,2025-01-05,CUST1420,Customer 425,Chennai,Tamil Nadu,Running Shoes,Fashion,1,4500,0.0,4500.0,Credit Card,Returned,,4500.0
ORD101782,2025-12-06,CUST1420,Customer 280,Jaipur,Rajasthan,T-Shirt,Fashion,2,900,0.1,1620.0,UPI,Delivered,1.0,1620.0
ORD102260,2025-01-19,CUST1202,Customer 237,Pune,Maharashtra,T-Shirt,Fashion,1,900,0.1,810.0,Debit Card,Cancelled,,810.0
ORD102943,2025-04-26,CUST1297,Customer 545,Delhi,Delhi,Desk,Furniture,1,12000,0.1,10800.0,UPI,Delivered,4.0,10800.0
ORD100387,2025-05-22,CUST1059,Customer 529,Kochi,Kerala,Laptop,Electronics,1,55000,0.1,49500.0,Debit Card,Delivered,1.0,49500.0
ORD100445,2025-02-27,CUST1052,Customer 643,Kochi,Kerala,Coffee Maker,Home Appliances,1,5200,0.0,5200.0,Cash on Delivery,Delivered,1.0,5200.0
ORD102072,2025-05-27,CUST1043,Customer 99,Bengaluru,Karnataka,Coffee Maker,Home Appliances,1,5200,0.0,5200.0,Credit Card,Delivered,5.0,5200.0
ORD102184,2025-02-08,CUST1270,Customer 421,Pune,Maharashtra,Laptop,Electronics,1,55000,0.2,44000.0,Debit Card,Cancelled,,44000.0
ORD101375,2025-10-09,CUST1075,Customer 594,Jaipur,Rajasthan,Desk,Furniture,1,12000,0.05,11400.0,Cash on Delivery,Delivered,3.0,11400.0
ORD100780,2025-09-12,CUST1466,Customer 184,Delhi,Delhi,Office Chair,Furniture,1,9000,0.1,8100.0,Net Banking,Delivered,3.0,8100.0
ORD102310,2025-11-29,CUST1340,Customer 324,Jaipur,Rajasthan,Smartphone,Electronics,1,28000,0.1,25200.0,Net Banking,Cancelled,,25200.0
ORD103737,2025-04-11,CUST1205,Customer 532,Jaipur,Rajasthan,Backpack,Accessories,1,1800,0.05,1710.0,Net Banking,Returned,,1710.0
ORD101154,2025-10-23,CUST1153,Customer 110,Mumbai,Maharashtra,Backpack,Accessories,2,1800,0.1,3240.0,Credit Card,Delivered,2.0,3240.0
ORD100977,2025-07-22,CUST1449,Customer 239,Mumbai,Maharashtra,Smartwatch,Electronics,2,6500,0.0,13000.0,Credit Card,Cancelled,,13000.0
ORD100435,2025-10-02,CUST1484,Customer 73,Mumbai,Maharashtra,T-Shirt,Fashion,2,900,0.1,1620.0,Cash on Delivery,Cancelled,,1620.0
ORD102690,2025-01-13,CUST1363,Customer 568,Chennai,Tamil Nadu,Smartphone,Electronics,1,28000,0.0,28000.0,Debit Card,Delivered,4.0,28000.0
ORD101400,2025-08-15,CUST1513,Customer 182,Ahmedabad,Gujarat,Desk,Furniture,1,12000,0.1,10800.0,UPI,Cancelled,,10800.0
ORD100175,2025-08-13,CUST1041,Customer 484,Bengaluru,Karnataka,Running Shoes,Fashion,1,4500,0.1,4050.0,Net Banking,Delivered,4.0,4050.0
ORD100002,2025-12-15,CUST1454,Customer 402,Delhi,Delhi,Headphones,Electronics,1,2500,0.05,2375.0,Debit Card,Delivered,1.0,2375.0
ORD102509,2025-08-21,CUST1568,Customer 8,Kolkata,West Bengal,Backpack,Accessories,1,1800,0.0,1800.0,Credit Card,Delivered,5.0,1800.0
ORD103017,2025-11-21,CUST1522,Customer 321,Chennai,Tamil Nadu,Smartwatch,Electronics,1,6500,0.0,6500.0,Net Banking,Delivered,1.0,6500.0
ORD103334,2025-12-16,CUST1281,Customer 309,Hyderabad,Telangana,Running Shoes,Fashion,1,4500,0.05,4275.0,Cash on Delivery,Delivered,5.0,4275.0
ORD102687,2025-08-07,CUST1006,Customer 329,Kochi,Kerala,Smartphone,Electronics,2,28000,0.1,50400.0,Credit Card,Delivered,2.0,50400.0
ORD101084,2025-02-07,CUST1098,Customer 198,Chennai,Tamil Nadu,Laptop,Electronics,1,55000,0.2,44000.0,UPI,Delivered,4.0,44000.0
ORD103235,2025-12-06,CUST1109,Customer 365,Bengaluru,Karnataka,Coffee Maker,Home Appliances,1,5200,0.1,4680.0,Debit Card,Returned,,4680.0
ORD100996,2025-02-07,CUST1514,Customer 17,Chennai,Tamil Nadu,Desk,Furniture,2,12000,0.1,21600.0,Debit Card,Delivered,4.0,21600.0
ORD101667,2025-03-18,CUST1298,Customer 470,Chennai,Tamil Nadu,Smartphone,Electronics,1,28000,0.0,28000.0,UPI,Delivered,3.0,28000.0
ORD101925,2025-03-07,CUST1451,Customer 200,Mumbai,Maharashtra,Coffee Maker,Home Appliances,1,5200,0.0,5200.0,Cash on Delivery,Delivered,3.0,5200.0
ORD102630,2025-08-26,CUST1023,Customer 234,Jaipur,Rajasthan,T-Shirt,Fashion,1,900,0.0,900.0,Credit Card,Returned,,900.0
ORD102684,2025-01-10,CUST1217,Customer 626,Hyderabad,Telangana,Running Shoes,Fashion,1,4500,0.05,4275.0,Debit Card,Delivered,3.0,4275.0
ORD100804,2025-04-16,CUST1454,Customer 296,Chennai,Tamil Nadu,Running Shoes,Fashion,1,4500,0.1,4050.0,Credit Card,Delivered,1.0,4050.0
ORD102508,2025-08-15,CUST1046,Customer 243,Pune,Maharashtra,Desk,Furniture,1,12000,0.15,10200.0,Credit Card,Cancelled,,10200.0
ORD103586,2025-07-07,CUST1594,Customer 10,Mumbai,Maharashtra,Keyboard,Accessories,1,2200,0.05,2090.0,Debit Card,Delivered,2.0,2090.0
ORD103742,2025-12-21,CUST1611,Customer 310,Kochi,Kerala,Laptop,Electronics,1,55000,0.1,49500.0,Debit Card,Cancelled,,49500.0
ORD102814,2025-03-31,CUST1521,Customer 432,Chennai,Tamil Nadu,Laptop,Electronics,1,55000,0.05,52250.0,UPI,Delivered,1.0,52250.0
ORD101488,2025-12-15,CUST1015,Customer 41,Delhi,Delhi,Mixer Grinder,Home Appliances,1,3800,0.1,3420.0,Cash on Delivery,Delivered,4.0,3420.0
ORD104044,2025-06-30,CUST1059,Customer 269,Delhi,Delhi,Mixer Grinder,Home Appliances,1,3800,0.0,3800.0,Net Banking,Delivered,3.0,3800.0
ORD101505,2025-10-29,CUST1605,Customer 165,Jaipur,Rajasthan,Backpack,Accessories,2,1800,0.1,3240.0,Cash on Delivery,Returned,,3240.0
ORD100416,2025-01-05,CUST1222,Customer 173,Hyderabad,Telangana,Headphones,Electronics,1,2500,0.0,2500.0,Net Banking,Delivered,5.0,2500.0
ORD101983,2025-09-14,CUST1632,Customer 450,Kolkata,West Bengal,Desk,Furniture,2,12000,0.1,21600.0,Net Banking,Delivered,1.0,21600.0
ORD102945,2025-09-27,CUST1558,Customer 495,Pune,Maharashtra,Mixer Grinder,Home Appliances,1,3800,0.0,3800.0,Cash on Delivery,Delivered,2.0,3800.0
ORD103506,2025-08-24,CUST1512,Customer 327,Delhi,Delhi,Coffee Maker,Home Appliances,1,5200,0.0,5200.0,Unknown,Returned,,5200.0
ORD100584,2025-05-24,CUST1147,Customer 246,Pune,Maharashtra,Laptop,Electronics,1,55000,0.15,46750.0,Net Banking,Delivered,1.0,46750.0
ORD100533,2025-07-15,CUST1567,Customer 567,Ahmedabad,Gujarat,Office Chair,Furniture,1,9000,0.05,8550.0,UPI,Delivered,4.0,8550.0
ORD100256,2025-10-25,CUST1013,Customer 443,Chennai,Tamil Nadu,Laptop,Electronics,1,55000,0.1,49500.0,Net Banking,Delivered,4.0,49500.0
ORD103933,2025-04-03,CUST1069,Customer 523,Delhi,Delhi,Smartwatch,Electronics,1,6500,0.0,6500.0,Unknown,Delivered,3.0,6500.0
ORD101666,2025-07-25,CUST1491,Customer 19,Kolkata,West Bengal,Laptop,Electronics,1,55000,0.1,49500.0,Cash on Delivery,Delivered,2.0,49500.0
ORD101455,2025-01-16,CUST1052,Customer 99,Ahmedabad,Gujarat,Running Shoes,Fashion,1,4500,0.1,4050.0,UPI,Cancelled,,4050.0
ORD100704,2025-07-20,CUST1394,Customer 498,Pune,Maharashtra,Smartphone,Electronics,1,28000,0.05,26600.0,Debit Card,Returned,,26600.0
ORD102047,2025-09-05,CUST1110,Customer 624,Delhi,Delhi,T-Shirt,Fashion,1,900,0.0,900.0,Cash on Delivery,Delivered,5.0,900.0
ORD104117,2025-11-14,CUST1556,Customer 295,Hyderabad,Telangana,Desk,Furniture,1,12000,0.1,10800.0,Net Banking,Returned,,10800.0
ORD102515,2025-04-15,CUST1325,Customer 184,Pune,Maharashtra,Mixer Grinder,Home Appliances,2,3800,0.0,7600.0,Credit Card,Delivered,5.0,7600.0
ORD103852,2025-08-13,CUST1498,Customer 56,Kolkata,West Bengal,Mixer Grinder,Home Appliances,2,3800,0.1,6840.0,Credit Card,Delivered,1.0,6840.0
ORD100532,2025-04-15,CUST1434,Customer 38,Jaipur,Rajasthan,Backpack,Accessories,1,1800,0.0,1800.0,UPI,Delivered,2.0,1800.0
ORD103357,2025-05-02,CUST1450,Customer 278,Delhi,Delhi,Laptop,Electronics,1,55000,0.1,49500.0,Credit Card,Delivered,2.0,49500.0
ORD104008,2025-04-01,CUST1540,Customer 460,Jaipur,Rajasthan,T-Shirt,Fashion,1,900,0.05,855.0,Cash on Delivery,Returned,,855.0
ORD100931,2025-08-24,CUST1553,Customer 500,Delhi,Delhi,T-Shirt,Fashion,1,900,0.05,855.0,Cash on Delivery,Delivered,5.0,855.0
ORD102415,2025-05-08,CUST1242,Customer 280,Kochi,Kerala,Backpack,Accessories,1,1800,0.1,1620.0,Debit Card,Delivered,5.0,1620.0
ORD100103,2025-05-19,CUST1178,Customer 6,Kochi,Kerala,Smartphone,Electronics,1,28000,0.05,26600.0,Cash on Delivery,Delivered,3.0,26600.0
ORD100070,2025-08-06,CUST1164,Customer 480,Delhi,Delhi,Mixer Grinder,Home Appliances,1,3800,0.05,3610.0,Net Banking,Delivered,4.0,3610.0
ORD100389,2025-04-02,CUST1506,Customer 360,Kolkata,West Bengal,Smartwatch,Electronics,1,6500,0.15,5525.0,Net Banking,Delivered,4.0,5525.0
ORD103890,2025-06-30,CUST1631,Customer 385,Pune,Maharashtra,Backpack,Accessories,1,1800,0.1,1620.0,Net Banking,Delivered,3.0,1620.0
ORD103433,2025-02-28,CUST1435,Customer 573,Kolkata,West Bengal,Coffee Maker,Home Appliances,1,5200,0.0,5200.0,Credit Card,Delivered,2.0,5200.0
ORD101766,2025-03-20,CUST1115,Customer 462,Kochi,Kerala,Desk,Furniture,1,12000,0.1,10800.0,Credit Card,Returned,,10800.0
ORD100699,2025-12-23,CUST1231,Customer 308,Kochi,Kerala,Headphones,Electronics,1,2500,0.05,2375.0,Credit Card,Delivered,2.0,2375.0
ORD103571,2025-10-09,CUST1645,Customer 90,Kolkata,West Bengal,Smartwatch,Electronics,2,6500,0.1,11700.0,Debit Card,Delivered,4.0,11700.0
ORD100748,2025-01-23,CUST1141,Customer 308,Pune,Maharashtra,Smartphone,Electronics,1,28000,0.05,26600.0,Net Banking,Delivered,2.0,26600.0
ORD102897,2025-12-20,CUST1507,Customer 117,Bengaluru,Karnataka,Coffee Maker,Home Appliances,1,5200,0.0,5200.0,Net Banking,Returned,,5200.0
ORD104180,2025-11-17,CUST1011,Customer 175,Hyderabad,Telangana,T-Shirt,Fashion,1,900,0.15,765.0,Cash on Delivery,Delivered,3.0,765.0
ORD101957,2025-08-19,CUST1467,Customer 482,Jaipur,Rajasthan,Headphones,Electronics,2,2500,0.0,5000.0,Cash on Delivery,Delivered,1.0,5000.0
ORD102071,2025-01-01,CUST1146,Customer 46,Jaipur,Rajasthan,Backpack,Accessories,2,1800,0.0,3600.0,Cash on Delivery,Returned,,3600.0
ORD104040,2025-10-01,CUST1544,Customer 416,Ahmedabad,Gujarat,Headphones,Electronics,1,2500,0.05,2375.0,Cash on Delivery,Delivered,5.0,2375.0
ORD101892,2025-05-30,CUST1243,Customer 17,Jaipur,Rajasthan,Backpack,Accessories,1,1800,0.0,1800.0,Net Banking,Returned,,1800.0
ORD101808,2025-08-02,CUST1106,Customer 171,Hyderabad,Telangana,Backpack,Accessories,3,1800,0.0,5400.0,Credit Card,Delivered,2.0,5400.0
ORD100228,2025-10-07,CUST1162,Customer 214,Bengaluru,Karnataka,Coffee Maker,Home Appliances,1,5200,0.15,4420.0,Debit Card,Delivered,2.0,4420.0
ORD101036,2025-09-24,CUST1219,Customer 614,Mumbai,Maharashtra,Backpack,Accessories,1,1800,0.05,1710.0,Debit Card,Cancelled,,1710.0
ORD101194,2025-12-10,CUST1188,Customer 256,Kochi,Kerala,T-Shirt,Fashion,1,900,0.05,855.0,UPI,Returned,,855.0
ORD104152,2025-02-08,CUST1036,Customer 407,Bengaluru,Karnataka,Backpack,Accessories,1,1800,0.1,1620.0,UPI,Delivered,5.0,1620.0
ORD101096,2025-04-28,CUST1490,Customer 142,Mumbai,Maharashtra,Smartphone,Electronics,1,28000,0.0,28000.0,Cash on Delivery,Delivered,2.0,28000.0
ORD101694,2025-07-15,CUST1587,Customer 647,Delhi,Delhi,Desk,Furniture,1,12000,0.2,9600.0,Cash on Delivery,Returned,,9600.0
ORD101365,2025-05-02,CUST1615,Customer 358,Delhi,Delhi,T-Shirt,Fashion,1,900,0.1,810.0,Cash on Delivery,Delivered,2.0,810.0
ORD102123,2025-11-26,CUST1597,Customer 282,Kochi,Kerala,T-Shirt,Fashion,1,900,0.1,810.0,Cash on Delivery,Cancelled,,810.0
ORD101466,2025-11-24,CUST1601,Customer 348,Mumbai,Maharashtra,Headphones,Electronics,1,2500,0.0,2500.0,Net Banking,Delivered,2.0,2500.0
ORD102082,2025-03-04,CUST1249,Customer 134,Kolkata,West Bengal,Desk,Furniture,1,12000,0.0,12000.0,Credit Card,Cancelled,,12000.0
ORD100726,2025-08-12,CUST1459,Customer 586,Kochi,Kerala,Smartwatch,Electronics,1,6500,0.05,6175.0,Credit Card,Delivered,4.0,6175.0
ORD103456,2025-12-25,CUST1356,Customer 425,Chennai,Tamil Nadu,Coffee Maker,Home Appliances,2,5200,0.05,9880.0,Credit Card,Delivered,1.0,9880.0
ORD100963,2025-02-05,CUST1224,Customer 270,Kolkata,West Bengal,Smartphone,Electronics,3,28000,0.15,71400.0,Credit Card,Delivered,1.0,71400.0
ORD100892,2025-01-14,CUST1472,Customer 420,Hyderabad,Telangana,Headphones,Electronics,1,2500,0.05,2375.0,Cash on Delivery,Delivered,4.0,2375.0
ORD100190,2025-06-01,CUST1357,Customer 2,Jaipur,Rajasthan,Keyboard,Accessories,1,2200,0.1,1980.0,Unknown,Delivered,1.0,1980.0
ORD100947,2025-03-11,CUST1304,Customer 624,Kochi,Kerala,Coffee Maker,Home Appliances,1,5200,0.15,4420.0,Credit Card,Delivered,5.0,4420.0
ORD101055,2025-11-24,CUST1387,Customer 285,Bengaluru,Karnataka,Smartwatch,Electronics,1,6500,0.1,5850.0,Credit Card,Delivered,4.0,5850.0
ORD103318,2025-11-03,CUST1345,Customer 643,Delhi,Delhi,Running Shoes,Fashion,1,4500,0.1,4050.0,Cash on Delivery,Delivered,1.0,4050.0
ORD101931,2025-09-03,CUST1475,Customer 567,Bengaluru,Karnataka,Running Shoes,Fashion,1,4500,0.0,4500.0,UPI,Delivered,3.0,4500.0
ORD100173,2025-08-19,CUST1363,Customer 383,Mumbai,Maharashtra,Office Chair,Furniture,3,9000,0.1,24300.0,Cash on Delivery,Returned,,24300.0
ORD104061,2025-10-05,CUST1398,Customer 153,Chennai,Tamil Nadu,Backpack,Accessories,1,1800,0.1,1620.0,UPI,Returned,,1620.0
ORD102543,2025-04-11,CUST1474,Customer 616,Hyderabad,Telangana,Desk,Furniture,1,12000,0.05,11400.0,Credit Card,Returned,,11400.0
ORD103817,2025-04-29,CUST1034,Customer 538,Delhi,Delhi,Smartwatch,Electronics,1,6500,0.1,5850.0,Credit Card,Delivered,5.0,5850.0
ORD100208,2025-05-10,CUST1336,Customer 358,Bengaluru,Karnataka,Desk,Furniture,1,12000,0.0,12000.0,Credit Card,Returned,,12000.0
ORD100272,2025-04-09,CUST1347,Customer 526,Bengaluru,Karnataka,Laptop,Electronics,1,55000,0.0,55000.0,Cash on Delivery,Returned,,55000.0
ORD101061,2025-05-05,CUST1189,Customer 364,Bengaluru,Karnataka,T-Shirt,Fashion,1,900,0.1,810.0,UPI,Delivered,1.0,810.0
ORD102527,2025-11-10,CUST1039,Customer 320,Ahmedabad,Gujarat,Office Chair,Furniture,1,9000,0.0,9000.0,Cash on Delivery,Delivered,4.0,9000.0
ORD102111,2025-03-17,CUST1244,Customer 58,Chennai,Tamil Nadu,Office Chair,Furniture,1,9000,0.1,8100.0,Cash on Delivery,Delivered,5.0,8100.0
ORD101634,2025-06-17,CUST1070,Customer 6,Kochi,Kerala,T-Shirt,Fashion,1,900,0.0,900.0,Net Banking,Cancelled,,900.0
ORD103457,2025-11-20,CUST1554,Customer 268,Pune,Maharashtra,Mixer Grinder,Home Appliances,1,3800,0.0,3800.0,Net Banking,Delivered,1.0,3800.0
ORD100361,2025-10-07,CUST1055,Customer 634,Bengaluru,Karnataka,Laptop,Electronics,1,55000,0.1,49500.0,Credit Card,Returned,,49500.0
ORD100178,2025-04-26,CUST1277,Customer 530,Jaipur,Rajasthan,Desk,Furniture,2,12000,0.15,20400.0,Cash on Delivery,Delivered,4.0,20400.0
ORD103645,2025-08-02,CUST1646,Customer 394,Kochi,Kerala,Running Shoes,Fashion,1,4500,0.0,4500.0,Credit Card,Delivered,2.0,4500.0
ORD101614,2025-04-24,CUST1030,Customer 59,Jaipur,Rajasthan,Backpack,Accessories,2,1800,0.1,3240.0,UPI,Delivered,4.0,3240.0
ORD100873,2025-01-26,CUST1580,Customer 401,Ahmedabad,Gujarat,Laptop,Electronics,1,55000,0.1,49500.0,UPI,Cancelled,,49500.0
ORD103286,2025-03-31,CUST1087,Customer 406,Kolkata,West Bengal,Smartwatch,Electronics,1,6500,0.0,6500.0,Net Banking,Delivered,3.0,6500.0
ORD100929,2025-04-21,CUST1065,Customer 574,Chennai,Tamil Nadu,Headphones,Electronics,1,2500,0.0,2500.0,UPI,Delivered,2.0,2500.0
ORD103720,2025-08-01,CUST1515,Customer 607,Hyderabad,Telangana,Keyboard,Accessories,1,2200,0.05,2090.0,Debit Card,Delivered,3.0,2090.0
ORD103061,2025-12-13,CUST1113,Customer 172,Kolkata,West Bengal,Headphones,Electronics,1,2500,0.0,2500.0,Debit Card,Delivered,3.0,2500.0
ORD103030,2025-03-01,CUST1167,Customer 226,Kolkata,West Bengal,Running Shoes,Fashion,1,4500,0.2,3600.0,Debit Card,Delivered,4.0,3600.0
ORD100778,2025-11-09,CUST1079,Customer 283,Hyderabad,Telangana,Mixer Grinder,Home Appliances,1,3800,0.05,3610.0,Cash on Delivery,Delivered,4.0,3610.0
ORD101647,2025-12-22,CUST1277,Customer 60,Kochi,Kerala,Backpack,Accessories,1,1800,0.0,1800.0,Credit Card,Delivered,3.0,1800.0
ORD100863,2025-05-01,CUST1453,Customer 170,Kochi,Kerala,Mixer Grinder,Home Appliances,1,3800,0.1,3420.0,Credit Card,Delivered,1.0,3420.0
ORD102257,2025-10-07,CUST1162,Customer 36,Chennai,Tamil Nadu,Laptop,Electronics,1,55000,0.0,55000.0,Debit Card,Delivered,1.0,55000.0
ORD103239,2025-07-08,CUST1556,Customer 353,Pune,Maharashtra,Mixer Grinder,Home Appliances,2,3800,0.15,6460.0,Debit Card,Delivered,2.0,6460.0
ORD101811,2025-02-10,CUST1583,Customer 359,Ahmedabad,Gujarat,T-Shirt,Fashion,2,900,0.05,1710.0,Cash on Delivery,Returned,,1710.0
ORD103552,2025-11-19,CUST1076,Customer 366,Hyderabad,Telangana,Coffee Maker,Home Appliances,1,5200,0.0,5200.0,Debit Card,Cancelled,,5200.0
ORD101149,2025-04-16,CUST1039,Customer 210,Ahmedabad,Gujarat,Mixer Grinder,Home Appliances,1,3800,0.05,3610.0,Debit Card,Delivered,5.0,3610.0
ORD101848,2025-08-11,CUST1251,Customer 649,Mumbai,Maharashtra,Office Chair,Furniture,1,9000,0.1,8100.0,Debit Card,Returned,,8100.0
ORD100787,2025-04-13,CUST1287,Customer 277,Jaipur,Rajasthan,Office Chair,Furniture,1,9000,0.1,8100.0,Debit Card,Cancelled,,8100.0
ORD103669,2025-04-29,CUST1440,Customer 75,Hyderabad,Telangana,Office Chair,Furniture,2,9000,0.05,17100.0,Credit Card,Returned,,17100.0
ORD102532,2025-09-04,CUST1429,Customer 502,Kolkata,West Bengal,Coffee Maker,Home Appliances,1,5200,0.05,4940.0,Credit Card,Delivered,5.0,4940.0
ORD101328,2025-08-23,CUST1043,Customer 361,Chennai,Tamil Nadu,Desk,Furniture,2,12000,0.05,22800.0,Net Banking,Delivered,3.0,22800.0
ORD104116,2025-06-30,CUST1572,Customer 186,Jaipur,Rajasthan,Backpack,Accessories,1,1800,0.05,1710.0,Debit Card,Returned,,1710.0
ORD101641,2025-09-26,CUST1467,Customer 129,Delhi,Delhi,Laptop,Electronics,1,55000,0.0,55000.0,Net Banking,Returned,,55000.0
ORD103491,2025-05-20,CUST1592,Customer 622,Kochi,Kerala,Backpack,Accessories,1,1800,0.1,1620.0,Cash on Delivery,Delivered,1.0,1620.0
ORD100565,2025-12-08,CUST1127,Customer 265,Hyderabad,Telangana,Backpack,Accessories,1,1800,0.0,1800.0,Net Banking,Delivered,2.0,1800.0
ORD103522,2025-03-23,CUST1437,Customer 214,Kochi,Kerala,Keyboard,Accessories,1,2200,0.2,1760.0,Net Banking,Delivered,5.0,1760.0
ORD100222,2025-11-20,CUST1550,Customer 44,Hyderabad,Telangana,Coffee Maker,Home Appliances,1,5200,0.05,4940.0,UPI,Delivered,3.0,4940.0
ORD101354,2025-11-09,CUST1118,Customer 370,Jaipur,Rajasthan,Backpack,Accessories,1,1800,0.0,1800.0,UPI,Delivered,3.0,1800.0
ORD103198,2025-02-07,CUST1467,Customer 91,Kochi,Kerala,Mixer Grinder,Home Appliances,1,3800,0.05,3610.0,Cash on Delivery,Cancelled,,3610.0
ORD103270,2025-09-24,CUST1376,Customer 123,Bengaluru,Karnataka,Coffee Maker,Home Appliances,1,5200,0.0,5200.0,Credit Card,Delivered,5.0,5200.0
ORD103362,2025-10-15,CUST1219,Customer 648,Kochi,Kerala,Running Shoes,Fashion,1,4500,0.15,3825.0,Debit Card,Returned,,3825.0
ORD103213,2025-12-27,CUST1393,Customer 352,Ahmedabad,Gujarat,Keyboard,Accessories,1,2200,0.0,2200.0,Credit Card,Returned,,2200.0
ORD102581,2025-03-19,CUST1063,Customer 32,Pune,Maharashtra,Smartwatch,Electronics,1,6500,0.2,5200.0,Debit Card,Delivered,3.0,5200.0
ORD104200,2025-05-21,CUST1403,Customer 175,Delhi,Delhi,T-Shirt,Fashion,1,900,0.0,900.0,Credit Card,Cancelled,,900.0
ORD102956,2025-08-15,CUST1412,Customer 549,Kochi,Kerala,Coffee Maker,Home Appliances,2,5200,0.0,10400.0,Debit Card,Delivered,5.0,10400.0
ORD101995,2025-07-23,CUST1137,Customer 404,Ahmedabad,Gujarat,Backpack,Accessories,1,1800,0.05,1710.0,Net Banking,Cancelled,,1710.0
ORD103087,2025-10-29,CUST1082,Customer 410,Kolkata,West Bengal,Coffee Maker,Home Appliances,1,5200,0.0,5200.0,Debit Card,Delivered,4.0,5200.0
ORD100805,2025-02-20,CUST1238,Customer 303,Bengaluru,Karnataka,Headphones,Electronics,1,2500,0.15,2125.0,Net Banking,Delivered,5.0,2125.0
ORD100838,2025-06-09,CUST1369,Customer 347,Ahmedabad,Gujarat,Headphones,Electronics,1,2500,0.05,2375.0,UPI,Cancelled,,2375.0
ORD100433,2025-04-30,CUST1424,Customer 365,Chennai,Tamil Nadu,Smartphone,Electronics,1,28000,0.15,23800.0,UPI,Delivered,5.0,23800.0
ORD103749,2025-01-13,CUST1106,Customer 18,Bengaluru,Karnataka,Smartwatch,Electronics,1,6500,0.05,6175.0,Net Banking,Delivered,5.0,6175.0
ORD102815,2025-09-17,CUST1330,Customer 103,Bengaluru,Karnataka,Smartwatch,Electronics,1,6500,0.05,6175.0,Credit Card,Delivered,3.0,6175.0
ORD103688,2025-12-09,CUST1447,Customer 476,Kochi,Kerala,Mixer Grinder,Home Appliances,1,3800,0.1,3420.0,Debit Card,Delivered,3.0,3420.0
ORD103566,2025-08-10,CUST1467,Customer 109,Kochi,Kerala,Laptop,Electronics,1,55000,0.0,55000.0,UPI,Returned,,55000.0
ORD103292,2025-06-23,CUST1610,Customer 617,Kochi,Kerala,Keyboard,Accessories,1,2200,0.05,2090.0,Cash on Delivery,Cancelled,,2090.0
ORD102753,2025-11-10,CUST1080,Customer 37,Kolkata,West Bengal,Backpack,Accessories,3,1800,0.2,4320.0,Debit Card,Returned,,4320.0
ORD100623,2025-11-23,CUST1249,Customer 521,Bengaluru,Karnataka,Laptop,Electronics,1,55000,0.0,55000.0,Credit Card,Delivered,4.0,55000.0
ORD100417,2025-04-13,CUST1178,Customer 533,Pune,Maharashtra,Laptop,Electronics,1,55000,0.1,49500.0,Debit Card,Delivered,2.0,49500.0
ORD103320,2025-09-23,CUST1162,Customer 527,Delhi,Delhi,Running Shoes,Fashion,2,4500,0.05,8550.0,Cash on Delivery,Delivered,1.0,8550.0
ORD100125,2025-08-15,CUST1501,Customer 575,Kochi,Kerala,Keyboard,Accessories,1,2200,0.05,2090.0,Net Banking,Delivered,4.0,2090.0
ORD100577,2025-12-05,CUST1638,Customer 267,Mumbai,Maharashtra,T-Shirt,Fashion,1,900,0.05,855.0,Credit Card,Delivered,5.0,855.0
ORD103024,2025-05-13,CUST1208,Customer 614,Ahmedabad,Gujarat,Coffee Maker,Home Appliances,2,5200,0.15,8840.0,Cash on Delivery,Cancelled,,8840.0
ORD101444,2025-07-19,CUST1340,Customer 352,Ahmedabad,Gujarat,Running Shoes,Fashion,1,4500,0.05,4275.0,Credit Card,Delivered,1.0,4275.0
ORD103093,2025-07-26,CUST1350,Customer 72,Pune,Maharashtra,Backpack,Accessories,1,1800,0.0,1800.0,Cash on Delivery,Cancelled,,1800.0
ORD100496,2025-11-21,CUST1192,Customer 213,Bengaluru,Karnataka,Desk,Furniture,1,12000,0.05,11400.0,Net Banking,Delivered,4.0,11400.0
ORD100854,2025-02-15,CUST1363,Customer 590,Chennai,Tamil Nadu,Laptop,Electronics,1,55000,0.1,49500.0,Credit Card,Cancelled,,49500.0
ORD100271,2025-08-21,CUST1342,Customer 610,Jaipur,Rajasthan,T-Shirt,Fashion,1,900,0.1,810.0,UPI,Delivered,5.0,810.0
ORD100615,2025-01-29,CUST1448,Customer 320,Ahmedabad,Gujarat,Office Chair,Furniture,1,9000,0.0,9000.0,Credit Card,Delivered,4.0,9000.0
ORD103307,2025-03-25,CUST1339,Customer 605,Mumbai,Maharashtra,Laptop,Electronics,2,55000,0.1,99000.0,Credit Card,Delivered,2.0,99000.0
ORD103572,2025-04-23,CUST1069,Customer 471,Delhi,Delhi,Laptop,Electronics,1,55000,0.0,55000.0,Net Banking,Delivered,4.0,55000.0
ORD100084,2025-08-25,CUST1062,Customer 422,Kolkata,West Bengal,Backpack,Accessories,3,1800,0.15,4590.0,Credit Card,Returned,,4590.0
ORD103944,2025-12-17,CUST1471,Customer 284,Jaipur,Rajasthan,Running Shoes,Fashion,1,4500,0.15,3825.0,Net Banking,Delivered,2.0,3825.0
ORD100958,2025-09-04,CUST1262,Customer 633,Kochi,Kerala,Headphones,Electronics,1,2500,0.05,2375.0,Cash on Delivery,Returned,,2375.0
ORD102069,2025-10-29,CUST1500,Customer 90,Mumbai,Maharashtra,T-Shirt,Fashion,1,900,0.0,900.0,Cash on Delivery,Returned,,900.0
ORD100681,2025-05-24,CUST1192,Customer 293,Chennai,Tamil Nadu,Headphones,Electronics,2,2500,0.0,5000.0,Credit Card,Delivered,2.0,5000.0
ORD104125,2025-11-09,CUST1440,Customer 151,Pune,Maharashtra,T-Shirt,Fashion,1,900,0.1,810.0,UPI,Delivered,2.0,810.0
ORD100814,2025-03-10,CUST1385,Customer 400,Ahmedabad,Gujarat,Headphones,Electronics,1,2500,0.2,2000.0,Credit Card,Delivered,5.0,2000.0
ORD102061,2025-05-25,CUST1455,Customer 202,Delhi,Delhi,Desk,Furniture,1,12000,0.0,12000.0,Net Banking,Cancelled,,12000.0
ORD102812,2025-12-22,CUST1504,Customer 211,Kolkata,West Bengal,Mixer Grinder,Home Appliances,1,3800,0.1,3420.0,Cash on Delivery,Delivered,3.0,3420.0
ORD100587,2025-04-19,CUST1243,Customer 190,Chennai,Tamil Nadu,Backpack,Accessories,2,1800,0.05,3420.0,Credit Card,Delivered,2.0,3420.0
ORD100940,2025-11-11,CUST1328,Customer 98,Ahmedabad,Gujarat,Smartwatch,Electronics,1,6500,0.0,6500.0,UPI,Returned,,6500.0
ORD101178,2025-01-25,CUST1433,Customer 417,Kolkata,West Bengal,Smartwatch,Electronics,1,6500,0.0,6500.0,Credit Card,Delivered,1.0,6500.0
ORD102064,2025-10-30,CUST1198,Customer 23,Jaipur,Rajasthan,Running Shoes,Fashion,1,4500,0.2,3600.0,UPI,Delivered,5.0,3600.0
ORD103581,2025-01-01,CUST1435,Customer 486,Delhi,Delhi,Headphones,Electronics,1,2500,0.0,2500.0,Debit Card,Returned,,2500.0
ORD101602,2025-08-14,CUST1464,Customer 641,Mumbai,Maharashtra,Desk,Furniture,1,12000,0.0,12000.0,Cash on Delivery,Delivered,3.0,12000.0
ORD103631,2025-04-28,CUST1400,Customer 347,Pune,Maharashtra,Running Shoes,Fashion,1,4500,0.05,4275.0,Net Banking,Delivered,1.0,4275.0
ORD103866,2025-08-06,CUST1108,Customer 126,Bengaluru,Karnataka,Mixer Grinder,Home Appliances,1,3800,0.05,3610.0,Cash on Delivery,Delivered,2.0,3610.0
ORD103629,2025-02-24,CUST1535,Customer 410,Kochi,Kerala,Desk,Furniture,1,12000,0.1,10800.0,Debit Card,Delivered,5.0,10800.0
ORD102092,2025-06-08,CUST1410,Customer 91,Hyderabad,Telangana,Mixer Grinder,Home Appliances,1,3800,0.1,3420.0,Cash on Delivery,Returned,,3420.0
ORD101511,2025-09-29,CUST1212,Customer 203,Kolkata,West Bengal,Coffee Maker,Home Appliances,1,5200,0.15,4420.0,Cash on Delivery,Cancelled,,4420.0
ORD103487,2025-09-24,CUST1582,Customer 238,Hyderabad,Telangana,Mixer Grinder,Home Appliances,2,3800,0.0,7600.0,Debit Card,Delivered,2.0,7600.0
ORD103772,2025-11-22,CUST1571,Customer 238,Ahmedabad,Gujarat,Backpack,Accessories,1,1800,0.05,1710.0,Cash on Delivery,Returned,,1710.0
ORD102552,2025-05-13,CUST1312,Customer 469,Jaipur,Rajasthan,T-Shirt,Fashion,2,900,0.05,1710.0,Credit Card,Delivered,1.0,1710.0
ORD104184,2025-10-19,CUST1046,Customer 234,Delhi,Delhi,T-Shirt,Fashion,1,900,0.0,900.0,Debit Card,Delivered,2.0,900.0
ORD101896,2025-12-27,CUST1066,Customer 60,Hyderabad,Telangana,Laptop,Electronics,1,55000,0.0,55000.0,UPI,Delivered,1.0,55000.0
ORD103941,2025-11-29,CUST1450,Customer 378,Kochi,Kerala,Keyboard,Accessories,1,2200,0.1,1980.0,UPI,Returned,,1980.0
ORD101763,2025-04-03,CUST1411,Customer 412,Jaipur,Rajasthan,Laptop,Electronics,1,55000,0.0,55000.0,Net Banking,Delivered,5.0,55000.0
ORD101003,2025-06-27,CUST1104,Customer 167,Ahmedabad,Gujarat,Smartwatch,Electronics,1,6500,0.0,6500.0,Net Banking,Delivered,4.0,6500.0
ORD100840,2025-05-02,CUST1562,Customer 216,Mumbai,Maharashtra,Office Chair,Furniture,2,9000,0.0,18000.0,Cash on Delivery,Delivered,5.0,18000.0
ORD101765,2025-01-08,CUST1059,Customer 519,Hyderabad,Telangana,Backpack,Accessories,1,1800,0.1,1620.0,Credit Card,Delivered,4.0,1620.0
ORD102173,2025-05-26,CUST1358,Customer 13,Chennai,Tamil Nadu,Mixer Grinder,Home Appliances,1,3800,0.0,3800.0,Cash on Delivery,Delivered,1.0,3800.0
ORD102877,2025-01-21,CUST1402,Customer 146,Hyderabad,Telangana,Backpack,Accessories,1,1800,0.0,1800.0,Cash on Delivery,Returned,,1800.0
ORD101784,2025-01-09,CUST1572,Customer 461,Hyderabad,Telangana,Headphones,Electronics,1,2500,0.05,2375.0,Debit Card,Delivered,3.0,2375.0
ORD103637,2025-08-21,CUST1077,Customer 49,Kolkata,West Bengal,Smartwatch,Electronics,1,6500,0.15,5525.0,Net Banking,Delivered,2.0,5525.0
ORD100736,2025-10-10,CUST1422,Customer 67,Chennai,Tamil Nadu,Smartphone,Electronics,1,28000,0.1,25200.0,Debit Card,Delivered,1.0,25200.0
ORD100108,2025-08-19,CUST1336,Customer 298,Pune,Maharashtra,Coffee Maker,Home Appliances,1,5200,0.05,4940.0,Cash on Delivery,Cancelled,,4940.0
ORD102365,2025-12-08,CUST1114,Customer 172,Jaipur,Rajasthan,Laptop,Electronics,2,55000,0.0,110000.0,Credit Card,Delivered,3.0,110000.0
ORD100833,2025-07-14,CUST1506,Customer 58,Chennai,Tamil Nadu,Running Shoes,Fashion,1,4500,0.1,4050.0,Debit Card,Cancelled,,4050.0
ORD100689,2025-05-02,CUST1271,Customer 134,Pune,Maharashtra,Smartwatch,Electronics,1,6500,0.2,5200.0,Debit Card,Cancelled,,5200.0
ORD103261,2025-01-17,CUST1577,Customer 176,Chennai,Tamil Nadu,Backpack,Accessories,1,1800,0.2,1440.0,UPI,Cancelled,,1440.0
ORD100040,2025-09-01,CUST1071,Customer 519,Hyderabad,Telangana,Smartwatch,Electronics,3,6500,0.1,17550.0,Debit Card,Delivered,5.0,17550.0
ORD101163,2025-07-01,CUST1282,Customer 394,Jaipur,Rajasthan,Desk,Furniture,1,12000,0.0,12000.0,Credit Card,Delivered,3.0,12000.0
ORD102353,2025-12-07,CUST1626,Customer 26,Chennai,Tamil Nadu,Laptop,Electronics,1,55000,0.05,52250.0,Cash on Delivery,Delivered,5.0,52250.0
ORD101783,2025-08-16,CUST1247,Customer 78,Kolkata,West Bengal,Running Shoes,Fashion,1,4500,0.1,4050.0,Net Banking,Delivered,5.0,4050.0
ORD104033,2025-04-09,CUST1083,Customer 6,Hyderabad,Telangana,Keyboard,Accessories,2,2200,0.0,4400.0,Cash on Delivery,Delivered,2.0,4400.0
ORD103055,2025-09-30,CUST1032,Customer 636,Bengaluru,Karnataka,Coffee Maker,Home Appliances,1,5200,0.1,4680.0,Credit Card,Delivered,3.0,4680.0
ORD100762,2025-02-03,CUST1547,Customer 239,Bengaluru,Karnataka,Running Shoes,Fashion,1,4500,0.2,3600.0,Cash on Delivery,Delivered,1.0,3600.0
ORD100910,2025-09-30,CUST1167,Customer 343,Kochi,Kerala,Coffee Maker,Home Appliances,1,5200,0.0,5200.0,Credit Card,Delivered,1.0,5200.0
ORD100822,2025-08-28,CUST1537,Customer 368,Kolkata,West Bengal,Backpack,Accessories,1,1800,0.2,1440.0,Net Banking,Delivered,1.0,1440.0
ORD104188,2025-04-14,CUST1363,Customer 170,Bengaluru,Karnataka,Desk,Furniture,1,12000,0.1,10800.0,UPI,Delivered,2.0,10800.0
ORD103429,2025-10-01,CUST1492,Customer 500,Hyderabad,Telangana,Desk,Furniture,2,12000,0.2,19200.0,Cash on Delivery,Returned,,19200.0
ORD102007,2025-10-20,CUST1456,Customer 643,Hyderabad,Telangana,Office Chair,Furniture,2,9000,0.0,18000.0,UPI,Cancelled,,18000.0
ORD100723,2025-10-16,CUST1265,Customer 264,Bengaluru,Karnataka,Backpack,Accessories,1,1800,0.15,1530.0,Debit Card,Delivered,3.0,1530.0
ORD103820,2025-06-24,CUST1257,Customer 329,Mumbai,Maharashtra,Keyboard,Accessories,1,2200,0.0,2200.0,UPI,Delivered,3.0,2200.0
ORD102615,2025-06-23,CUST1562,Customer 309,Bengaluru,Karnataka,Running Shoes,Fashion,1,4500,0.0,4500.0,Net Banking,Delivered,4.0,4500.0
ORD103246,2025-03-31,CUST1122,Customer 27,Hyderabad,Telangana,Coffee Maker,Home Appliances,1,5200,0.1,4680.0,Credit Card,Cancelled,,4680.0
ORD101072,2025-02-08,CUST1241,Customer 509,Delhi,Delhi,Running Shoes,Fashion,1,4500,0.05,4275.0,Credit Card,Delivered,5.0,4275.0
ORD103369,2025-01-23,CUST1448,Customer 591,Mumbai,Maharashtra,Smartwatch,Electronics,1,6500,0.0,6500.0,Cash on Delivery,Delivered,4.0,6500.0
ORD101913,2025-08-08,CUST1199,Customer 36,Kochi,Kerala,Laptop,Electronics,1,55000,0.0,55000.0,Credit Card,Delivered,2.0,55000.0
ORD102890,2025-11-23,CUST1127,Customer 246,Jaipur,Rajasthan,Smartwatch,Electronics,1,6500,0.0,6500.0,Credit Card,Delivered,3.0,6500.0
ORD101099,2025-10-30,CUST1335,Customer 252,Kochi,Kerala,Laptop,Electronics,2,55000,0.05,104500.0,Net Banking,Returned,,104500.0
ORD100296,2025-07-27,CUST1537,Customer 452,Mumbai,Maharashtra,Coffee Maker,Home Appliances,1,5200,0.1,4680.0,UPI,Delivered,3.0,4680.0
ORD103082,2025-07-10,CUST1492,Customer 504,Kolkata,West Bengal,Running Shoes,Fashion,1,4500,0.0,4500.0,Credit Card,Cancelled,,4500.0
ORD100046,2025-11-25,CUST1646,Customer 133,Kolkata,West Bengal,Laptop,Electronics,1,55000,0.0,55000.0,Credit Card,Returned,,55000.0
ORD102251,2025-05-26,CUST1129,Customer 638,Ahmedabad,Gujarat,Desk,Furniture,3,12000,0.2,28800.0,UPI,Delivered,3.0,28800.0
ORD100039,2025-02-24,CUST1210,Customer 49,Ahmedabad,Gujarat,Backpack,Accessories,1,1800,0.1,1620.0,Debit Card,Delivered,3.0,1620.0
ORD103233,2025-10-18,CUST1471,Customer 170,Ahmedabad,Gujarat,Desk,Furniture,1,12000,0.1,10800.0,Debit Card,Cancelled,,10800.0
ORD101705,2025-07-29,CUST1444,Customer 382,Hyderabad,Telangana,Mixer Grinder,Home Appliances,1,3800,0.1,3420.0,Debit Card,Delivered,5.0,3420.0
ORD103088,2025-05-22,CUST1008,Customer 159,Ahmedabad,Gujarat,Keyboard,Accessories,1,2200,0.05,2090.0,Debit Card,Delivered,1.0,2090.0
ORD100855,2025-02-03,CUST1135,Customer 83,Jaipur,Rajasthan,Running Shoes,Fashion,1,4500,0.0,4500.0,UPI,Delivered,5.0,4500.0
ORD101912,2025-01-04,CUST1104,Customer 445,Pune,Maharashtra,Office Chair,Furniture,2,9000,0.15,15300.0,Cash on Delivery,Delivered,5.0,15300.0
ORD102076,2025-10-31,CUST1580,Customer 526,Mumbai,Maharashtra,Headphones,Electronics,1,2500,0.1,2250.0,Net Banking,Returned,,2250.0
ORD100033,2025-07-07,CUST1443,Customer 601,Ahmedabad,Gujarat,Mixer Grinder,Home Appliances,1,3800,0.0,3800.0,UPI,Cancelled,,3800.0
ORD100019,2025-09-15,CUST1431,Customer 542,Mumbai,Maharashtra,Running Shoes,Fashion,1,4500,0.0,4500.0,Debit Card,Delivered,2.0,4500.0
ORD100248,2025-11-04,CUST1255,Customer 23,Kochi,Kerala,Headphones,Electronics,1,2500,0.15,2125.0,UPI,Delivered,3.0,2125.0
ORD102413,2025-01-12,CUST1246,Customer 245,Kochi,Kerala,Mixer Grinder,Home Appliances,1,3800,0.1,3420.0,Debit Card,Delivered,3.0,3420.0
ORD101253,2025-11-09,CUST1252,Customer 3,Mumbai,Maharashtra,Keyboard,Accessories,2,2200,0.0,4400.0,Credit Card,Delivered,4.0,4400.0
ORD100196,2025-04-23,CUST1386,Customer 312,Bengaluru,Karnataka,Smartphone,Electronics,1,28000,0.15,23800.0,Debit Card,Delivered,3.0,23800.0
ORD100204,2025-03-22,CUST1511,Customer 286,Bengaluru,Karnataka,Desk,Furniture,1,12000,0.0,12000.0,Credit Card,Delivered,2.0,12000.0
ORD100293,2025-07-13,CUST1645,Customer 506,Jaipur,Rajasthan,Mixer Grinder,Home Appliances,1,3800,0.05,3610.0,UPI,Delivered,3.0,3610.0
ORD101346,2025-06-14,CUST1435,Customer 233,Bengaluru,Karnataka,Running Shoes,Fashion,1,4500,0.05,4275.0,Cash on Delivery,Cancelled,,4275.0
ORD100913,2025-05-06,CUST1202,Customer 503,Bengaluru,Karnataka,Smartwatch,Electronics,1,6500,0.1,5850.0,UPI,Delivered,4.0,5850.0
ORD100114,2025-09-25,CUST1508,Customer 209,Jaipur,Rajasthan,Keyboard,Accessories,1,2200,0.2,1760.0,Cash on Delivery,Cancelled,,1760.0
ORD101640,2025-06-18,CUST1054,Customer 245,Ahmedabad,Gujarat,Smartwatch,Electronics,1,6500,0.1,5850.0,Cash on Delivery,Delivered,4.0,5850.0
ORD103331,2025-01-02,CUST1099,Customer 341,Jaipur,Rajasthan,Coffee Maker,Home Appliances,2,5200,0.0,10400.0,Net Banking,Delivered,1.0,10400.0
ORD101934,2025-05-11,CUST1462,Customer 81,Mumbai,Maharashtra,Office Chair,Furniture,2,9000,0.1,16200.0,Credit Card,Delivered,3.0,16200.0
ORD103760,2025-04-19,CUST1570,Customer 354,Kolkata,West Bengal,Desk,Furniture,1,12000,0.15,10200.0,Cash on Delivery,Delivered,5.0,10200.0
ORD103924,2025-03-27,CUST1526,Customer 13,Bengaluru,Karnataka,Backpack,Accessories,2,1800,0.05,3420.0,Credit Card,Delivered,4.0,3420.0
ORD101630,2025-09-19,CUST1504,Customer 145,Pune,Maharashtra,T-Shirt,Fashion,1,900,0.05,855.0,Debit Card,Returned,,855.0
ORD103103,2025-02-07,CUST1616,Customer 418,Hyderabad,Telangana,Mixer Grinder,Home Appliances,1,3800,0.0,3800.0,Net Banking,Delivered,2.0,3800.0
ORD102216,2025-10-20,CUST1601,Customer 16,Ahmedabad,Gujarat,Laptop,Electronics,1,55000,0.0,55000.0,UPI,Delivered,2.0,55000.0
ORD100005,2025-03-13,CUST1307,Customer 432,Pune,Maharashtra,Smartwatch,Electronics,1,6500,0.1,5850.0,Cash on Delivery,Cancelled,,5850.0
ORD100176,2025-10-10,CUST1440,Customer 519,Kochi,Kerala,T-Shirt,Fashion,1,900,0.1,810.0,Credit Card,Returned,,810.0
ORD100413,2025-02-22,CUST1169,Customer 316,Hyderabad,Telangana,Running Shoes,Fashion,1,4500,0.0,4500.0,Cash on Delivery,Cancelled,,4500.0
ORD102163,2025-02-21,CUST1403,Customer 288,Ahmedabad,Gujarat,Office Chair,Furniture,2,9000,0.0,18000.0,Debit Card,Returned,,18000.0
ORD101431,2025-02-26,CUST1318,Customer 364,Delhi,Delhi,Running Shoes,Fashion,1,4500,0.0,4500.0,Net Banking,Delivered,4.0,4500.0
ORD103003,2025-05-09,CUST1001,Customer 629,Bengaluru,Karnataka,Mixer Grinder,Home Appliances,1,3800,0.05,3610.0,Credit Card,Cancelled,,3610.0
ORD100024,2025-06-10,CUST1233,Customer 36,Chennai,Tamil Nadu,Office Chair,Furniture,1,9000,0.0,9000.0,Cash on Delivery,Delivered,4.0,9000.0
ORD104182,2025-08-05,CUST1286,Customer 331,Delhi,Delhi,T-Shirt,Fashion,1,900,0.15,765.0,UPI,Delivered,3.0,765.0
ORD104024,2025-06-09,CUST1582,Customer 218,Hyderabad,Telangana,Smartwatch,Electronics,1,6500,0.1,5850.0,Cash on Delivery,Returned,,5850.0
ORD102349,2025-04-24,CUST1575,Customer 173,Hyderabad,Telangana,Headphones,Electronics,1,2500,0.05,2375.0,Cash on Delivery,Delivered,3.0,2375.0
ORD102837,2025-04-16,CUST1540,Customer 619,Bengaluru,Karnataka,Smartwatch,Electronics,1,6500,0.0,6500.0,Cash on Delivery,Returned,,6500.0
ORD104030,2025-04-27,CUST1486,Customer 219,Kolkata,West Bengal,Mixer Grinder,Home Appliances,2,3800,0.2,6080.0,UPI,Delivered,3.0,6080.0
ORD102019,2025-06-28,CUST1337,Customer 521,Kolkata,West Bengal,Keyboard,Accessories,1,2200,0.1,1980.0,Net Banking,Cancelled,,1980.0
ORD100027,2025-09-10,CUST1027,Customer 584,Ahmedabad,Gujarat,Keyboard,Accessories,1,2200,0.0,2200.0,Cash on Delivery,Cancelled,,2200.0
ORD100421,2025-12-16,CUST1285,Customer 421,Hyderabad,Telangana,Mixer Grinder,Home Appliances,1,3800,0.1,3420.0,UPI,Delivered,2.0,3420.0
ORD100960,2025-01-31,CUST1464,Customer 624,Kolkata,West Bengal,Laptop,Electronics,3,55000,0.15,140250.0,Net Banking,Delivered,5.0,140250.0
ORD100603,2025-03-15,CUST1259,Customer 243,Kolkata,West Bengal,Running Shoes,Fashion,1,4500,0.1,4050.0,Cash on Delivery,Returned,,4050.0
ORD102962,2025-07-16,CUST1204,Customer 302,Mumbai,Maharashtra,T-Shirt,Fashion,1,900,0.05,855.0,Debit Card,Delivered,3.0,855.0
ORD100830,2025-12-26,CUST1185,Unknown Customer,Bengaluru,Karnataka,Running Shoes,Fashion,1,4500,0.0,4500.0,Debit Card,Delivered,2.0,4500.0
ORD100516,2025-02-12,CUST1119,Customer 382,Mumbai,Maharashtra,Smartphone,Electronics,1,28000,0.05,26600.0,Credit Card,Delivered,2.0,26600.0
ORD104141,2025-11-10,CUST1221,Customer 61,Bengaluru,Karnataka,Laptop,Electronics,3,55000,0.0,165000.0,UPI,Cancelled,,165000.0
ORD102868,2025-07-22,CUST1475,Customer 637,Kochi,Kerala,Smartphone,Electronics,1,28000,0.2,22400.0,UPI,Delivered,5.0,22400.0
ORD103931,2025-01-03,CUST1373,Customer 8,Jaipur,Rajasthan,Laptop,Electronics,1,55000,0.05,52250.0,Net Banking,Delivered,5.0,52250.0
ORD102845,2025-07-01,CUST1608,Customer 323,Pune,Maharashtra,Smartwatch,Electronics,2,6500,0.1,11700.0,Net Banking,Cancelled,,11700.0
ORD101690,2025-12-01,CUST1339,Customer 260,Kolkata,West Bengal,Mixer Grinder,Home Appliances,1,3800,0.1,3420.0,Cash on Delivery,Returned,,3420.0
ORD101128,2025-05-14,CUST1412,Customer 114,Kochi,Kerala,Backpack,Accessories,2,1800,0.05,3420.0,Debit Card,Delivered,4.0,3420.0
ORD101842,2025-11-13,CUST1416,Customer 571,Hyderabad,Telangana,Coffee Maker,Home Appliances,1,5200,0.2,4160.0,Credit Card,Delivered,4.0,4160.0
ORD100450,2025-04-06,CUST1148,Customer 471,Ahmedabad,Gujarat,Laptop,Electronics,1,55000,0.0,55000.0,Debit Card,Delivered,3.0,55000.0
ORD102847,2025-08-05,CUST1202,Customer 225,Kolkata,West Bengal,Smartphone,Electronics,1,28000,0.0,28000.0,Debit Card,Delivered,3.0,28000.0
ORD103710,2025-04-22,CUST1224,Customer 419,Chennai,Tamil Nadu,Mixer Grinder,Home Appliances,1,3800,0.1,3420.0,Credit Card,Delivered,3.0,3420.0
ORD101577,2025-08-04,CUST1172,Customer 212,Kolkata,West Bengal,Backpack,Accessories,1,1800,0.1,1620.0,Cash on Delivery,Delivered,5.0,1620.0
ORD100583,2025-05-31,CUST1332,Customer 212,Pune,Maharashtra,Smartphone,Electronics,1,28000,0.0,28000.0,UPI,Delivered,3.0,28000.0
ORD101746,2025-05-27,CUST1084,Customer 259,Jaipur,Rajasthan,Backpack,Accessories,1,1800,0.15,1530.0,Net Banking,Delivered,3.0,1530.0
ORD102303,2025-12-20,CUST1470,Customer 380,Kolkata,West Bengal,Coffee Maker,Home Appliances,1,5200,0.0,5200.0,UPI,Returned,,5200.0
ORD101863,2025-11-10,CUST1362,Customer 169,Jaipur,Rajasthan,Smartwatch,Electronics,1,6500,0.15,5525.0,Net Banking,Cancelled,,5525.0
ORD101090,2025-11-18,CUST1386,Customer 208,Kolkata,West Bengal,Running Shoes,Fashion,1,4500,0.15,3825.0,Cash on Delivery,Delivered,1.0,3825.0
ORD101693,2025-10-05,CUST1288,Customer 255,Kochi,Kerala,Smartwatch,Electronics,2,6500,0.0,13000.0,UPI,Delivered,3.0,13000.0
ORD102447,2025-03-21,CUST1271,Customer 201,Jaipur,Rajasthan,Headphones,Electronics,1,2500,0.0,2500.0,Net Banking,Delivered,2.0,2500.0
ORD101824,2025-01-02,CUST1607,Customer 584,Pune,Maharashtra,Laptop,Electronics,1,55000,0.1,49500.0,Debit Card,Returned,,49500.0
ORD100698,2025-08-08,CUST1650,Customer 611,Ahmedabad,Gujarat,Mixer Grinder,Home Appliances,1,3800,0.0,3800.0,Credit Card,Delivered,3.0,3800.0
ORD102920,2025-06-16,CUST1248,Customer 141,Chennai,Tamil Nadu,T-Shirt,Fashion,2,900,0.0,1800.0,Net Banking,Cancelled,,1800.0
ORD102489,2025-06-30,CUST1372,Customer 431,Ahmedabad,Gujarat,Coffee Maker,Home Appliances,2,5200,0.15,8840.0,Debit Card,Delivered,4.0,8840.0
ORD103545,2025-10-14,CUST1225,Customer 168,Jaipur,Rajasthan,Running Shoes,Fashion,1,4500,0.0,4500.0,Cash on Delivery,Delivered,5.0,4500.0
ORD100455,2025-08-25,CUST1287,Customer 475,Kochi,Kerala,Keyboard,Accessories,1,2200,0.0,2200.0,Credit Card,Cancelled,,2200.0
ORD102799,2025-12-03,CUST1624,Customer 612,Hyderabad,Telangana,T-Shirt,Fashion,1,900,0.0,900.0,UPI,Returned,,900.0
ORD100276,2025-05-11,CUST1568,Customer 590,Pune,Maharashtra,T-Shirt,Fashion,2,900,0.1,1620.0,UPI,Delivered,4.0,1620.0
ORD102434,2025-12-11,CUST1083,Customer 434,Kochi,Kerala,Smartwatch,Electronics,2,6500,0.1,11700.0,UPI,Delivered,1.0,11700.0
ORD100082,2025-08-01,CUST1563,Customer 564,Pune,Maharashtra,Coffee Maker,Home Appliances,1,5200,0.1,4680.0,Credit Card,Delivered,2.0,4680.0
ORD101677,2025-12-26,CUST1488,Customer 531,Chennai,Tamil Nadu,Office Chair,Furniture,1,9000,0.05,8550.0,Net Banking,Delivered,4.0,8550.0
ORD102568,2025-05-18,CUST1491,Customer 444,Kochi,Kerala,Mixer Grinder,Home Appliances,2,3800,0.0,7600.0,Net Banking,Returned,,7600.0
ORD100862,2025-02-16,CUST1573,Customer 279,Ahmedabad,Gujarat,Desk,Furniture,2,12000,0.0,24000.0,UPI,Cancelled,,24000.0
ORD100502,2025-09-15,CUST1399,Customer 346,Bengaluru,Karnataka,T-Shirt,Fashion,1,900,0.15,765.0,Debit Card,Delivered,1.0,765.0
ORD103818,2025-06-05,CUST1106,Customer 391,Hyderabad,Telangana,Running Shoes,Fashion,1,4500,0.0,4500.0,Debit Card,Delivered,1.0,4500.0
ORD101567,2025-06-26,CUST1016,Customer 523,Ahmedabad,Gujarat,Headphones,Electronics,1,2500,0.05,2375.0,Debit Card,Delivered,2.0,2375.0
ORD103874,2025-11-27,CUST1449,Customer 576,Kolkata,West Bengal,Smartphone,Electronics,1,28000,0.15,23800.0,Debit Card,Delivered,2.0,23800.0
ORD103644,2025-10-08,CUST1260,Customer 366,Bengaluru,Karnataka,Office Chair,Furniture,1,9000,0.0,9000.0,Net Banking,Cancelled,,9000.0
ORD102306,2025-09-21,CUST1021,Customer 590,Kochi,Kerala,Keyboard,Accessories,1,2200,0.0,2200.0,Debit Card,Delivered,2.0,2200.0
ORD103475,2025-12-07,CUST1131,Customer 234,Kochi,Kerala,Coffee Maker,Home Appliances,2,5200,0.05,9880.0,Credit Card,Cancelled,,9880.0
ORD103255,2025-08-21,CUST1621,Customer 614,Chennai,Tamil Nadu,Smartphone,Electronics,1,28000,0.05,26600.0,Net Banking,Delivered,2.0,26600.0
ORD101191,2025-01-25,CUST1449,Customer 635,Chennai,Tamil Nadu,Keyboard,Accessories,2,2200,0.1,3960.0,Net Banking,Delivered,5.0,3960.0
ORD101367,2025-03-05,CUST1047,Customer 207,Mumbai,Maharashtra,Smartphone,Electronics,1,28000,0.0,28000.0,Debit Card,Delivered,2.0,28000.0
ORD100321,2025-04-07,CUST1639,Customer 587,Kolkata,West Bengal,Desk,Furniture,1,12000,0.1,10800.0,Credit Card,Delivered,2.0,10800.0
ORD104193,2025-06-16,CUST1508,Customer 612,Bengaluru,Karnataka,Smartphone,Electronics,1,28000,0.15,23800.0,Net Banking,Returned,,23800.0
ORD100259,2025-09-09,CUST1092,Customer 185,Jaipur,Rajasthan,Backpack,Accessories,1,1800,0.0,1800.0,Net Banking,Delivered,4.0,1800.0
ORD101295,2025-07-14,CUST1451,Customer 433,Pune,Maharashtra,Laptop,Electronics,1,55000,0.1,49500.0,Debit Card,Delivered,3.0,49500.0
ORD103916,2025-01-15,CUST1451,Customer 594,Chennai,Tamil Nadu,Coffee Maker,Home Appliances,1,5200,0.15,4420.0,Cash on Delivery,Delivered,1.0,4420.0
ORD103764,2025-06-11,CUST1650,Customer 23,Kolkata,West Bengal,Keyboard,Accessories,1,2200,0.0,2200.0,Debit Card,Cancelled,,2200.0
ORD101162,2025-04-20,CUST1617,Customer 71,Bengaluru,Karnataka,T-Shirt,Fashion,2,900,0.05,1710.0,Net Banking,Delivered,1.0,1710.0
ORD102137,2025-10-20,CUST1393,Customer 300,Pune,Maharashtra,Smartphone,Electronics,1,28000,0.05,26600.0,Debit Card,Cancelled,,26600.0
ORD100933,2025-02-11,CUST1527,Customer 333,Ahmedabad,Gujarat,Office Chair,Furniture,1,9000,0.2,7200.0,Credit Card,Returned,,7200.0
ORD103364,2025-06-05,CUST1585,Customer 539,Chennai,Tamil Nadu,Headphones,Electronics,2,2500,0.0,5000.0,Net Banking,Returned,,5000.0
ORD104106,2025-11-19,CUST1294,Customer 325,Kochi,Kerala,Desk,Furniture,1,12000,0.0,12000.0,UPI,Delivered,3.0,12000.0
ORD100546,2025-02-05,CUST1065,Customer 615,Kochi,Kerala,Keyboard,Accessories,1,2200,0.1,1980.0,Cash on Delivery,Delivered,5.0,1980.0
ORD103889,2025-09-24,CUST1178,Customer 444,Ahmedabad,Gujarat,Keyboard,Accessories,1,2200,0.05,2090.0,Net Banking,Delivered,2.0,2090.0
ORD102718,2025-11-06,CUST1056,Customer 387,Mumbai,Maharashtra,Smartphone,Electronics,1,28000,0.1,25200.0,Cash on Delivery,Delivered,3.0,25200.0
ORD103366,2025-12-01,CUST1423,Customer 157,Chennai,Tamil Nadu,Mixer Grinder,Home Appliances,1,3800,0.0,3800.0,Credit Card,Delivered,2.0,3800.0
ORD100473,2025-08-26,CUST1519,Customer 197,Kochi,Kerala,Mixer Grinder,Home Appliances,1,3800,0.05,3610.0,UPI,Delivered,2.0,3610.0
ORD101652,2025-05-13,CUST1277,Customer 156,Kolkata,West Bengal,T-Shirt,Fashion,1,900,0.0,900.0,Unknown,Returned,,900.0
ORD100310,2025-06-07,CUST1297,Customer 620,Pune,Maharashtra,Mixer Grinder,Home Appliances,1,3800,0.1,3420.0,Cash on Delivery,Cancelled,,3420.0
ORD100847,2025-01-22,CUST1229,Customer 603,Bengaluru,Karnataka,Desk,Furniture,1,12000,0.15,10200.0,Credit Card,Delivered,3.0,10200.0
ORD101549,2025-05-28,CUST1120,Customer 619,Kolkata,West Bengal,Smartphone,Electronics,1,28000,0.1,25200.0,Credit Card,Returned,,25200.0
ORD100997,2025-10-20,CUST1165,Customer 609,Pune,Maharashtra,Smartwatch,Electronics,2,6500,0.15,11050.0,UPI,Delivered,3.0,11050.0
ORD102723,2025-07-07,CUST1426,Customer 315,Bengaluru,Karnataka,Headphones,Electronics,1,2500,0.0,2500.0,Cash on Delivery,Delivered,3.0,2500.0
ORD102162,2025-11-30,CUST1369,Customer 636,Bengaluru,Karnataka,Headphones,Electronics,2,2500,0.0,5000.0,Cash on Delivery,Returned,,5000.0
ORD104032,2025-06-12,CUST1382,Customer 389,Delhi,Delhi,Laptop,Electronics,1,55000,0.0,55000.0,Credit Card,Delivered,4.0,55000.0
ORD102244,2025-03-18,CUST1531,Customer 355,Bengaluru,Karnataka,Running Shoes,Fashion,1,4500,0.0,4500.0,Net Banking,Returned,,4500.0
ORD103007,2025-06-07,CUST1229,Customer 147,Kochi,Kerala,Office Chair,Furniture,1,9000,0.0,9000.0,Credit Card,Delivered,5.0,9000.0
ORD100308,2025-01-22,CUST1246,Customer 33,Bengaluru,Karnataka,Laptop,Electronics,1,55000,0.1,49500.0,UPI,Delivered,1.0,49500.0
ORD100887,2025-01-28,CUST1575,Customer 372,Bengaluru,Karnataka,Mixer Grinder,Home Appliances,1,3800,0.1,3420.0,Cash on Delivery,Delivered,2.0,3420.0
ORD100397,2025-07-05,CUST1228,Customer 473,Kochi,Kerala,Headphones,Electronics,1,2500,0.0,2500.0,Net Banking,Cancelled,,2500.0
ORD100955,2025-06-01,CUST1254,Customer 560,Hyderabad,Telangana,Laptop,Electronics,1,55000,0.05,52250.0,Credit Card,Returned,,52250.0
ORD100875,2025-09-14,CUST1476,Customer 590,Delhi,Delhi,T-Shirt,Fashion,1,900,0.1,810.0,Cash on Delivery,Delivered,2.0,810.0
ORD103811,2025-08-16,CUST1032,Customer 620,Hyderabad,Telangana,Smartwatch,Electronics,1,6500,0.0,6500.0,Debit Card,Delivered,1.0,6500.0
ORD100169,2025-10-13,CUST1328,Customer 407,Mumbai,Maharashtra,Mixer Grinder,Home Appliances,1,3800,0.2,3040.0,UPI,Delivered,4.0,3040.0
ORD100626,2025-05-12,CUST1571,Customer 576,Delhi,Delhi,Keyboard,Accessories,2,2200,0.0,4400.0,Credit Card,Delivered,5.0,4400.0
ORD101142,2025-06-20,CUST1464,Customer 141,Ahmedabad,Gujarat,Coffee Maker,Home Appliances,1,5200,0.2,4160.0,Credit Card,Delivered,2.0,4160.0
ORD101903,2025-07-26,CUST1315,Customer 238,Hyderabad,Telangana,T-Shirt,Fashion,1,900,0.0,900.0,Debit Card,Cancelled,,900.0
ORD103446,2025-12-09,CUST1564,Customer 181,Mumbai,Maharashtra,Laptop,Electronics,1,55000,0.0,55000.0,Credit Card,Returned,,55000.0
ORD103528,2025-06-12,CUST1239,Customer 566,Mumbai,Maharashtra,T-Shirt,Fashion,1,900,0.0,900.0,Net Banking,Delivered,1.0,900.0
ORD102391,2025-09-13,CUST1292,Customer 174,Chennai,Tamil Nadu,Smartwatch,Electronics,1,6500,0.1,5850.0,Cash on Delivery,Returned,,5850.0
ORD100094,2025-10-28,CUST1605,Customer 467,Ahmedabad,Gujarat,Headphones,Electronics,1,2500,0.05,2375.0,Debit Card,Returned,,2375.0
ORD103840,2025-05-06,CUST1026,Customer 432,Chennai,Tamil Nadu,Smartphone,Electronics,1,28000,0.0,28000.0,Credit Card,Delivered,1.0,28000.0
ORD103887,2025-10-28,CUST1361,Customer 399,Delhi,Delhi,Desk,Furniture,1,12000,0.15,10200.0,Net Banking,Delivered,3.0,10200.0
ORD101482,2025-06-20,CUST1185,Customer 391,Mumbai,Maharashtra,Smartphone,Electronics,1,28000,0.0,28000.0,Credit Card,Delivered,4.0,28000.0
ORD101933,2025-09-25,CUST1646,Customer 34,Jaipur,Rajasthan,Keyboard,Accessories,1,2200,0.15,1870.0,UPI,Delivered,3.0,1870.0
ORD103053,2025-06-25,CUST1495,Customer 170,Kochi,Kerala,Smartphone,Electronics,1,28000,0.0,28000.0,Debit Card,Delivered,1.0,28000.0
ORD100147,2025-08-25,CUST1199,Customer 354,Bengaluru,Karnataka,Mixer Grinder,Home Appliances,3,3800,0.2,9120.0,Debit Card,Delivered,2.0,9120.0
ORD103608,2025-02-14,CUST1329,Customer 343,Pune,Maharashtra,Headphones,Electronics,1,2500,0.05,2375.0,Debit Card,Delivered,4.0,2375.0
ORD102366,2025-11-12,CUST1196,Customer 115,Pune,Maharashtra,Backpack,Accessories,1,1800,0.2,1440.0,Cash on Delivery,Delivered,3.0,1440.0
ORD100193,2025-04-06,CUST1391,Customer 428,Kochi,Kerala,Desk,Furniture,1,12000,0.1,10800.0,Credit Card,Delivered,5.0,10800.0
ORD101953,2025-11-14,CUST1311,Customer 584,Ahmedabad,Gujarat,Keyboard,Accessories,1,2200,0.05,2090.0,Net Banking,Delivered,1.0,2090.0
ORD101942,2025-01-08,CUST1440,Customer 549,Kochi,Kerala,Smartphone,Electronics,1,28000,0.0,28000.0,Cash on Delivery,Returned,,28000.0
ORD100363,2025-10-15,CUST1340,Customer 412,Hyderabad,Telangana,Smartwatch,Electronics,1,6500,0.1,5850.0,Cash on Delivery,Delivered,5.0,5850.0
ORD102972,2025-02-24,CUST1399,Customer 182,Kolkata,West Bengal,Smartwatch,Electronics,1,6500,0.0,6500.0,Cash on Delivery,Delivered,5.0,6500.0
ORD100431,2025-05-27,CUST1052,Customer 374,Bengaluru,Karnataka,Running Shoes,Fashion,1,4500,0.15,3825.0,Debit Card,Returned,,3825.0
ORD103242,2025-07-09,CUST1557,Customer 576,Chennai,Tamil Nadu,Laptop,Electronics,1,55000,0.05,52250.0,Net Banking,Delivered,5.0,52250.0
ORD100442,2025-10-06,CUST1330,Customer 339,Kolkata,West Bengal,Coffee Maker,Home Appliances,1,5200,0.0,5200.0,Cash on Delivery,Delivered,2.0,5200.0
ORD103264,2025-11-03,CUST1273,Customer 259,Chennai,Tamil Nadu,Desk,Furniture,1,12000,0.1,10800.0,Credit Card,Delivered,1.0,10800.0
ORD104038,2025-07-25,CUST1601,Customer 73,Pune,Maharashtra,Mixer Grinder,Home Appliances,1,3800,0.0,3800.0,Cash on Delivery,Delivered,4.0,3800.0
ORD101106,2025-05-16,CUST1289,Customer 258,Hyderabad,Telangana,Backpack,Accessories,1,1800,0.1,1620.0,Debit Card,Delivered,2.0,1620.0
ORD101362,2025-11-05,CUST1458,Customer 540,Kochi,Kerala,Headphones,Electronics,1,2500,0.0,2500.0,Cash on Delivery,Cancelled,,2500.0
ORD101581,2025-09-26,CUST1244,Customer 270,Delhi,Delhi,Coffee Maker,Home Appliances,1,5200,0.2,4160.0,UPI,Returned,,4160.0
ORD100152,2025-01-13,CUST1083,Customer 556,Mumbai,Maharashtra,Desk,Furniture,2,12000,0.0,24000.0,Net Banking,Returned,,24000.0
ORD102944,2025-04-02,CUST1207,Customer 341,Hyderabad,Telangana,Office Chair,Furniture,3,9000,0.1,24300.0,Cash on Delivery,Cancelled,,24300.0
ORD101709,2025-06-24,CUST1029,Customer 179,Delhi,Delhi,Backpack,Accessories,1,1800,0.0,1800.0,UPI,Delivered,5.0,1800.0
ORD103162,2025-01-16,CUST1058,Customer 43,Chennai,Tamil Nadu,Running Shoes,Fashion,1,4500,0.1,4050.0,Credit Card,Delivered,5.0,4050.0
ORD103786,2025-02-23,CUST1204,Customer 278,Pune,Maharashtra,Headphones,Electronics,1,2500,0.0,2500.0,Net Banking,Delivered,4.0,2500.0
ORD101945,2025-03-28,CUST1353,Customer 117,Ahmedabad,Gujarat,Running Shoes,Fashion,1,4500,0.0,4500.0,Credit Card,Returned,,4500.0
ORD101556,2025-08-14,CUST1381,Customer 650,Jaipur,Rajasthan,Coffee Maker,Home Appliances,1,5200,0.0,5200.0,Credit Card,Delivered,5.0,5200.0
ORD103705,2025-11-03,CUST1513,Customer 335,Hyderabad,Telangana,Backpack,Accessories,1,1800,0.0,1800.0,Net Banking,Cancelled,,1800.0
ORD102100,2025-10-06,CUST1448,Customer 35,Chennai,Tamil Nadu,Smartphone,Electronics,1,28000,0.0,28000.0,Cash on Delivery,Cancelled,,28000.0
ORD100360,2025-06-23,CUST1008,Customer 152,Jaipur,Rajasthan,Coffee Maker,Home Appliances,1,5200,0.1,4680.0,Debit Card,Returned,,4680.0
ORD103490,2025-02-16,CUST1641,Customer 85,Kochi,Kerala,Smartwatch,Electronics,1,6500,0.05,6175.0,Cash on Delivery,Delivered,1.0,6175.0
ORD103966,2025-09-17,CUST1079,Customer 365,Pune,Maharashtra,Keyboard,Accessories,1,2200,0.0,2200.0,Net Banking,Delivered,2.0,2200.0
ORD101672,2025-02-15,CUST1057,Customer 107,Kochi,Kerala,Backpack,Accessories,3,1800,0.0,5400.0,Net Banking,Delivered,5.0,5400.0
ORD101368,2025-05-10,CUST1570,Customer 143,Chennai,Tamil Nadu,Keyboard,Accessories,1,2200,0.1,1980.0,UPI,Delivered,4.0,1980.0
ORD102830,2025-02-26,CUST1531,Customer 465,Delhi,Delhi,Running Shoes,Fashion,2,4500,0.15,7650.0,Net Banking,Cancelled,,7650.0
ORD103076,2025-07-10,CUST1621,Customer 215,Delhi,Delhi,Desk,Furniture,2,12000,0.05,22800.0,Credit Card,Cancelled,,22800.0
ORD100353,2025-01-18,CUST1055,Customer 480,Kolkata,West Bengal,Office Chair,Furniture,1,9000,0.1,8100.0,UPI,Cancelled,,8100.0
ORD100520,2025-04-05,CUST1136,Customer 591,Bengaluru,Karnataka,Desk,Furniture,1,12000,0.0,12000.0,Net Banking,Returned,,12000.0
ORD100930,2025-09-21,CUST1210,Customer 89,Mumbai,Maharashtra,Laptop,Electronics,1,55000,0.05,52250.0,Net Banking,Cancelled,,52250.0
ORD104177,2025-12-23,CUST1618,Customer 198,Delhi,Delhi,Smartphone,Electronics,3,28000,0.0,84000.0,Debit Card,Cancelled,,84000.0
ORD101710,2025-10-12,CUST1355,Customer 529,Hyderabad,Telangana,Laptop,Electronics,1,55000,0.05,52250.0,Cash on Delivery,Returned,,52250.0
ORD102230,2025-06-24,CUST1519,Customer 222,Delhi,Delhi,Coffee Maker,Home Appliances,1,5200,0.0,5200.0,Credit Card,Returned,,5200.0
ORD102564,2025-12-16,CUST1257,Customer 453,Jaipur,Rajasthan,Headphones,Electronics,1,2500,0.15,2125.0,Net Banking,Delivered,3.0,2125.0
ORD101373,2025-06-30,CUST1431,Customer 562,Chennai,Tamil Nadu,Coffee Maker,Home Appliances,1,5200,0.05,4940.0,UPI,Delivered,1.0,4940.0
ORD101358,2025-06-17,CUST1419,Customer 305,Bengaluru,Karnataka,Coffee Maker,Home Appliances,1,5200,0.05,4940.0,Cash on Delivery,Delivered,4.0,4940.0
ORD102711,2025-05-12,CUST1556,Customer 500,Kolkata,West Bengal,Desk,Furniture,2,12000,0.0,24000.0,Cash on Delivery,Delivered,5.0,24000.0
ORD102574,2025-05-16,CUST1437,Customer 12,Ahmedabad,Gujarat,Office Chair,Furniture,1,9000,0.0,9000.0,Credit Card,Delivered,3.0,9000.0
ORD102362,2025-11-07,CUST1195,Customer 321,Kochi,Kerala,Desk,Furniture,1,12000,0.0,12000.0,Credit Card,Returned,,12000.0
ORD104142,2025-11-02,CUST1416,Customer 469,Kochi,Kerala,Coffee Maker,Home Appliances,1,5200,0.05,4940.0,Cash on Delivery,Delivered,5.0,4940.0
ORD101260,2025-08-27,CUST1474,Customer 634,Mumbai,Maharashtra,Mixer Grinder,Home Appliances,2,3800,0.05,7220.0,Credit Card,Cancelled,,7220.0
ORD103575,2025-05-15,CUST1416,Customer 560,Hyderabad,Telangana,Smartphone,Electronics,1,28000,0.1,25200.0,Cash on Delivery,Delivered,1.0,25200.0
ORD103539,2025-03-04,CUST1619,Customer 155,Kochi,Kerala,Laptop,Electronics,1,55000,0.1,49500.0,Net Banking,Delivered,1.0,49500.0
ORD103979,2025-05-21,CUST1252,Customer 364,Ahmedabad,Gujarat,Smartwatch,Electronics,1,6500,0.05,6175.0,UPI,Delivered,1.0,6175.0
ORD104049,2025-09-14,CUST1146,Customer 288,Jaipur,Rajasthan,T-Shirt,Fashion,1,900,0.0,900.0,Cash on Delivery,Delivered,4.0,900.0
ORD103718,2025-06-24,CUST1547,Customer 411,Kolkata,West Bengal,Desk,Furniture,1,12000,0.1,10800.0,Net Banking,Returned,,10800.0
ORD101943,2025-04-10,CUST1382,Customer 544,Kochi,Kerala,Keyboard,Accessories,1,2200,0.05,2090.0,Unknown,Returned,,2090.0
ORD101822,2025-08-30,CUST1543,Customer 524,Kochi,Kerala,T-Shirt,Fashion,2,900,0.05,1710.0,UPI,Returned,,1710.0
ORD102242,2025-05-18,CUST1461,Customer 392,Kolkata,West Bengal,Coffee Maker,Home Appliances,1,5200,0.1,4680.0,Cash on Delivery,Cancelled,,4680.0
ORD101416,2025-02-08,CUST1344,Customer 30,Delhi,Delhi,T-Shirt,Fashion,1,900,0.1,810.0,UPI,Cancelled,,810.0
ORD103538,2025-05-27,CUST1615,Customer 565,Jaipur,Rajasthan,Headphones,Electronics,1,2500,0.0,2500.0,UPI,Delivered,5.0,2500.0
ORD102652,2025-02-13,CUST1509,Customer 392,Kochi,Kerala,T-Shirt,Fashion,1,900,0.0,900.0,Credit Card,Cancelled,,900.0
ORD100477,2025-02-08,CUST1257,Customer 217,Pune,Maharashtra,Backpack,Accessories,1,1800,0.0,1800.0,Credit Card,Delivered,5.0,1800.0
ORD101470,2025-08-11,CUST1071,Customer 551,Pune,Maharashtra,Smartwatch,Electronics,1,6500,0.2,5200.0,Credit Card,Delivered,1.0,5200.0
ORD103115,2025-09-27,CUST1510,Customer 83,Bengaluru,Karnataka,Smartwatch,Electronics,1,6500,0.05,6175.0,Cash on Delivery,Delivered,5.0,6175.0
ORD103543,2025-01-13,CUST1274,Customer 598,Hyderabad,Telangana,Desk,Furniture,1,12000,0.05,11400.0,Credit Card,Cancelled,,11400.0
ORD101625,2025-12-20,CUST1214,Customer 68,Delhi,Delhi,Coffee Maker,Home Appliances,1,5200,0.05,4940.0,Credit Card,Delivered,2.0,4940.0
ORD100641,2025-05-21,CUST1641,Customer 397,Ahmedabad,Gujarat,Smartphone,Electronics,1,28000,0.1,25200.0,Debit Card,Delivered,3.0,25200.0
ORD101836,2025-06-23,CUST1599,Customer 641,Pune,Maharashtra,Smartwatch,Electronics,1,6500,0.0,6500.0,Credit Card,Cancelled,,6500.0
ORD100380,2025-11-12,CUST1570,Customer 423,Bengaluru,Karnataka,Office Chair,Furniture,2,9000,0.1,16200.0,Net Banking,Delivered,2.0,16200.0
ORD100184,2025-11-14,CUST1047,Customer 36,Chennai,Tamil Nadu,Backpack,Accessories,1,1800,0.05,1710.0,UPI,Delivered,1.0,1710.0
ORD102160,2025-10-02,CUST1634,Customer 507,Bengaluru,Karnataka,Backpack,Accessories,1,1800,0.0,1800.0,Debit Card,Cancelled,,1800.0
ORD102869,2025-05-28,CUST1265,Customer 343,Kochi,Kerala,T-Shirt,Fashion,1,900,0.0,900.0,UPI,Delivered,4.0,900.0
ORD103486,2025-12-20,CUST1269,Customer 470,Kolkata,West Bengal,Headphones,Electronics,2,2500,0.2,4000.0,Net Banking,Returned,,4000.0
ORD100899,2025-12-29,CUST1083,Customer 546,Chennai,Tamil Nadu,Headphones,Electronics,3,2500,0.1,6750.0,Credit Card,Delivered,1.0,6750.0
ORD103697,2025-05-01,CUST1017,Customer 329,Bengaluru,Karnataka,Smartwatch,Electronics,1,6500,0.05,6175.0,Credit Card,Delivered,5.0,6175.0
ORD101271,2025-10-15,CUST1410,Customer 129,Kolkata,West Bengal,Smartphone,Electronics,2,28000,0.1,50400.0,Net Banking,Delivered,4.0,50400.0
ORD102426,2025-02-12,CUST1319,Customer 261,Hyderabad,Telangana,Smartphone,Electronics,2,28000,0.1,50400.0,UPI,Delivered,1.0,50400.0
ORD102153,2025-10-19,CUST1629,Customer 110,Delhi,Delhi,Backpack,Accessories,1,1800,0.0,1800.0,UPI,Delivered,1.0,1800.0
ORD100278,2025-02-23,CUST1445,Customer 552,Kochi,Kerala,Coffee Maker,Home Appliances,2,5200,0.1,9360.0,UPI,Delivered,1.0,9360.0
ORD101585,2025-03-09,CUST1644,Customer 479,Jaipur,Rajasthan,Backpack,Accessories,1,1800,0.0,1800.0,UPI,Cancelled,,1800.0
ORD103707,2025-03-24,CUST1212,Customer 163,Mumbai,Maharashtra,Mixer Grinder,Home Appliances,1,3800,0.05,3610.0,Cash on Delivery,Returned,,3610.0
ORD101043,2025-08-01,CUST1635,Customer 102,Bengaluru,Karnataka,Smartwatch,Electronics,1,6500,0.15,5525.0,UPI,Delivered,1.0,5525.0
ORD103121,2025-04-20,CUST1488,Customer 298,Jaipur,Rajasthan,Office Chair,Furniture,1,9000,0.15,7650.0,Cash on Delivery,Cancelled,,7650.0
ORD103654,2025-02-21,CUST1425,Customer 375,Kochi,Kerala,Desk,Furniture,1,12000,0.1,10800.0,Cash on Delivery,Delivered,3.0,10800.0
ORD101774,2025-11-12,CUST1413,Customer 209,Delhi,Delhi,Keyboard,Accessories,1,2200,0.0,2200.0,Credit Card,Delivered,2.0,2200.0
ORD100137,2025-02-11,CUST1015,Customer 370,Mumbai,Maharashtra,Laptop,Electronics,2,55000,0.0,110000.0,Cash on Delivery,Delivered,5.0,110000.0
ORD104161,2025-10-14,CUST1552,Customer 286,Chennai,Tamil Nadu,Smartwatch,Electronics,1,6500,0.1,5850.0,Debit Card,Delivered,4.0,5850.0
ORD102597,2025-12-17,CUST1534,Customer 233,Kochi,Kerala,Coffee Maker,Home Appliances,1,5200,0.2,4160.0,Credit Card,Delivered,1.0,4160.0
ORD100212,2025-08-12,CUST1606,Customer 297,Ahmedabad,Gujarat,Mixer Grinder,Home Appliances,1,3800,0.05,3610.0,UPI,Delivered,2.0,3610.0
ORD100984,2025-11-20,CUST1456,Customer 202,Kochi,Kerala,Smartwatch,Electronics,2,6500,0.1,11700.0,Credit Card,Cancelled,,11700.0
ORD102292,2025-02-27,CUST1066,Customer 405,Mumbai,Maharashtra,Desk,Furniture,1,12000,0.1,10800.0,Debit Card,Delivered,4.0,10800.0
ORD100340,2025-12-15,CUST1527,Customer 404,Delhi,Delhi,Backpack,Accessories,2,1800,0.2,2880.0,Credit Card,Delivered,4.0,2880.0
ORD102014,2025-07-17,CUST1293,Customer 150,Chennai,Tamil Nadu,T-Shirt,Fashion,1,900,0.15,765.0,UPI,Returned,,765.0
ORD101893,2025-02-06,CUST1287,Customer 186,Chennai,Tamil Nadu,Office Chair,Furniture,1,9000,0.1,8100.0,Net Banking,Delivered,1.0,8100.0
ORD103549,2025-12-15,CUST1550,Customer 8,Hyderabad,Telangana,Office Chair,Furniture,1,9000,0.15,7650.0,Debit Card,Returned,,7650.0
ORD103348,2025-08-11,CUST1603,Unknown Customer,Pune,Maharashtra,Smartwatch,Electronics,1,6500,0.1,5850.0,Credit Card,Delivered,5.0,5850.0
ORD102735,2025-12-02,CUST1586,Customer 121,Jaipur,Rajasthan,Running Shoes,Fashion,2,4500,0.1,8100.0,Credit Card,Delivered,1.0,8100.0
ORD103713,2025-07-05,CUST1166,Customer 585,Pune,Maharashtra,Smartwatch,Electronics,1,6500,0.0,6500.0,UPI,Delivered,1.0,6500.0
ORD103231,2025-12-21,CUST1295,Customer 442,Mumbai,Maharashtra,Desk,Furniture,2,12000,0.05,22800.0,Debit Card,Cancelled,,22800.0
ORD102683,2025-12-20,CUST1497,Customer 136,Hyderabad,Telangana,T-Shirt,Fashion,1,900,0.0,900.0,Debit Card,Delivered,1.0,900.0
ORD103517,2025-07-11,CUST1338,Customer 300,Chennai,Tamil Nadu,Backpack,Accessories,1,1800,0.05,1710.0,UPI,Delivered,4.0,1710.0
ORD100792,2025-11-02,CUST1533,Customer 432,Bengaluru,Karnataka,Coffee Maker,Home Appliances,3,5200,0.0,15600.0,Net Banking,Delivered,4.0,15600.0
ORD101760,2025-03-13,CUST1403,Customer 416,Mumbai,Maharashtra,Smartphone,Electronics,2,28000,0.0,56000.0,Net Banking,Delivered,5.0,56000.0
ORD101846,2025-03-14,CUST1232,Customer 589,Kolkata,West Bengal,Keyboard,Accessories,1,2200,0.0,2200.0,Debit Card,Delivered,1.0,2200.0
ORD103356,2025-03-14,CUST1156,Customer 39,Hyderabad,Telangana,Laptop,Electronics,1,55000,0.0,55000.0,Credit Card,Delivered,2.0,55000.0
ORD101198,2025-03-04,CUST1557,Customer 356,Kolkata,West Bengal,Running Shoes,Fashion,1,4500,0.1,4050.0,Cash on Delivery,Cancelled,,4050.0
ORD102075,2025-02-22,CUST1240,Customer 292,Hyderabad,Telangana,Smartphone,Electronics,2,28000,0.0,56000.0,UPI,Delivered,2.0,56000.0
ORD102495,2025-07-10,CUST1189,Customer 75,Mumbai,Maharashtra,Keyboard,Accessories,1,2200,0.1,1980.0,Credit Card,Delivered,2.0,1980.0
ORD101791,2025-03-05,CUST1134,Customer 464,Jaipur,Rajasthan,Keyboard,Accessories,1,2200,0.2,1760.0,UPI,Delivered,4.0,1760.0
ORD101345,2025-01-17,CUST1507,Customer 43,Kochi,Kerala,Keyboard,Accessories,2,2200,0.0,4400.0,Credit Card,Delivered,5.0,4400.0
ORD101806,2025-04-12,CUST1146,Customer 171,Pune,Maharashtra,Laptop,Electronics,1,55000,0.1,49500.0,UPI,Delivered,5.0,49500.0
ORD101817,2025-03-27,CUST1579,Customer 187,Ahmedabad,Gujarat,Smartphone,Electronics,1,28000,0.0,28000.0,Net Banking,Delivered,1.0,28000.0
ORD102263,2025-04-12,CUST1469,Customer 93,Bengaluru,Karnataka,Smartphone,Electronics,1,28000,0.1,25200.0,Net Banking,Returned,,25200.0
ORD103569,2025-01-19,CUST1315,Customer 495,Chennai,Tamil Nadu,Office Chair,Furniture,1,9000,0.1,8100.0,Credit Card,Delivered,3.0,8100.0
ORD100825,2025-05-31,CUST1414,Customer 9,Jaipur,Rajasthan,Desk,Furniture,1,12000,0.0,12000.0,Net Banking,Delivered,5.0,12000.0
ORD102327,2025-12-14,CUST1152,Customer 13,Kolkata,West Bengal,Coffee Maker,Home Appliances,1,5200,0.05,4940.0,Debit Card,Cancelled,,4940.0
ORD100991,2025-02-16,CUST1137,Customer 158,Pune,Maharashtra,Backpack,Accessories,1,1800,0.2,1440.0,UPI,Delivered,4.0,1440.0
ORD103257,2025-12-10,CUST1285,Customer 548,Kochi,Kerala,Smartwatch,Electronics,1,6500,0.05,6175.0,UPI,Returned,,6175.0
ORD100818,2025-07-24,CUST1234,Customer 408,Kolkata,West Bengal,Coffee Maker,Home Appliances,1,5200,0.15,4420.0,Credit Card,Returned,,4420.0
ORD100937,2025-10-09,CUST1170,Customer 323,Chennai,Tamil Nadu,T-Shirt,Fashion,1,900,0.05,855.0,Credit Card,Returned,,855.0
ORD101069,2025-11-05,CUST1382,Customer 124,Hyderabad,Telangana,Mixer Grinder,Home Appliances,1,3800,0.05,3610.0,Debit Card,Cancelled,,3610.0
ORD103502,2025-05-27,CUST1093,Customer 577,Jaipur,Rajasthan,Office Chair,Furniture,1,9000,0.0,9000.0,Net Banking,Delivered,3.0,9000.0
ORD102018,2025-06-10,CUST1172,Customer 258,Bengaluru,Karnataka,Backpack,Accessories,1,1800,0.15,1530.0,Cash on Delivery,Returned,,1530.0
ORD101392,2025-09-03,CUST1031,Customer 330,Pune,Maharashtra,Keyboard,Accessories,1,2200,0.15,1870.0,Cash on Delivery,Delivered,2.0,1870.0
ORD101018,2025-02-07,CUST1400,Customer 396,Pune,Maharashtra,Backpack,Accessories,1,1800,0.15,1530.0,Credit Card,Returned,,1530.0
ORD102387,2025-12-13,CUST1253,Customer 630,Ahmedabad,Gujarat,Coffee Maker,Home Appliances,1,5200,0.05,4940.0,Debit Card,Delivered,1.0,4940.0
ORD103065,2025-03-07,CUST1151,Customer 212,Chennai,Tamil Nadu,Backpack,Accessories,1,1800,0.1,1620.0,UPI,Delivered,3.0,1620.0
ORD100408,2025-11-22,CUST1365,Customer 199,Hyderabad,Telangana,Coffee Maker,Home Appliances,1,5200,0.05,4940.0,UPI,Delivered,3.0,4940.0
ORD102963,2025-11-03,CUST1639,Customer 191,Hyderabad,Telangana,Mixer Grinder,Home Appliances,1,3800,0.05,3610.0,Credit Card,Delivered,3.0,3610.0
ORD103815,2025-11-17,CUST1171,Customer 613,Kolkata,West Bengal,Mixer Grinder,Home Appliances,1,3800,0.0,3800.0,Net Banking,Delivered,4.0,3800.0
ORD100332,2025-08-08,CUST1295,Customer 621,Bengaluru,Karnataka,Headphones,Electronics,2,2500,0.0,5000.0,Credit Card,Delivered,4.0,5000.0
ORD102542,2025-03-28,CUST1074,Customer 50,Hyderabad,Telangana,Keyboard,Accessories,1,2200,0.1,1980.0,Credit Card,Delivered,4.0,1980.0
ORD102502,2025-02-03,CUST1064,Customer 320,Ahmedabad,Gujarat,Running Shoes,Fashion,1,4500,0.0,4500.0,Net Banking,Delivered,4.0,4500.0
ORD100168,2025-12-06,CUST1447,Customer 497,Bengaluru,Karnataka,Office Chair,Furniture,3,9000,0.2,21600.0,UPI,Delivered,4.0,21600.0
ORD103097,2025-05-14,CUST1027,Customer 449,Pune,Maharashtra,Desk,Furniture,1,12000,0.0,12000.0,Cash on Delivery,Delivered,5.0,12000.0
ORD103022,2025-10-08,CUST1455,Customer 140,Jaipur,Rajasthan,Desk,Furniture,2,12000,0.0,24000.0,Net Banking,Delivered,2.0,24000.0
ORD103736,2025-10-25,CUST1501,Customer 205,Kochi,Kerala,Smartphone,Electronics,1,28000,0.0,28000.0,Net Banking,Delivered,3.0,28000.0
ORD100297,2025-06-18,CUST1127,Customer 405,Ahmedabad,Gujarat,Smartphone,Electronics,1,28000,0.0,28000.0,Debit Card,Delivered,5.0,28000.0
ORD101214,2025-11-23,CUST1500,Customer 595,Kochi,Kerala,Backpack,Accessories,1,1800,0.1,1620.0,UPI,Delivered,2.0,1620.0
ORD100576,2025-02-21,CUST1315,Customer 294,Jaipur,Rajasthan,T-Shirt,Fashion,1,900,0.15,765.0,UPI,Cancelled,,765.0
ORD100320,2025-10-13,CUST1228,Customer 194,Kochi,Kerala,Keyboard,Accessories,1,2200,0.1,1980.0,Credit Card,Returned,,1980.0
ORD103947,2025-06-18,CUST1245,Customer 23,Chennai,Tamil Nadu,T-Shirt,Fashion,1,900,0.0,900.0,Cash on Delivery,Delivered,4.0,900.0
ORD101978,2025-04-03,CUST1123,Customer 285,Chennai,Tamil Nadu,Smartphone,Electronics,2,28000,0.0,56000.0,UPI,Delivered,3.0,56000.0
ORD100663,2025-05-29,CUST1646,Customer 221,Kolkata,West Bengal,T-Shirt,Fashion,1,900,0.1,810.0,Cash on Delivery,Returned,,810.0
ORD101197,2025-10-12,CUST1223,Customer 262,Kochi,Kerala,Laptop,Electronics,1,55000,0.0,55000.0,Cash on Delivery,Delivered,5.0,55000.0
ORD103200,2025-06-06,CUST1569,Customer 509,Kolkata,West Bengal,Keyboard,Accessories,1,2200,0.0,2200.0,Net Banking,Delivered,5.0,2200.0
ORD101301,2025-08-10,CUST1167,Customer 300,Jaipur,Rajasthan,Office Chair,Furniture,1,9000,0.15,7650.0,UPI,Delivered,4.0,7650.0
ORD102569,2025-02-07,CUST1319,Customer 118,Pune,Maharashtra,Laptop,Electronics,1,55000,0.05,52250.0,Credit Card,Delivered,1.0,52250.0
ORD103984,2025-11-17,CUST1134,Customer 59,Kolkata,West Bengal,Laptop,Electronics,1,55000,0.0,55000.0,Credit Card,Delivered,1.0,55000.0
ORD101949,2025-01-02,CUST1126,Customer 313,Hyderabad,Telangana,Backpack,Accessories,1,1800,0.1,1620.0,Net Banking,Delivered,1.0,1620.0
ORD100536,2025-03-16,CUST1516,Customer 165,Kolkata,West Bengal,Mixer Grinder,Home Appliances,1,3800,0.0,3800.0,Cash on Delivery,Cancelled,,3800.0
ORD101941,2025-10-09,CUST1528,Customer 528,Mumbai,Maharashtra,Desk,Furniture,1,12000,0.15,10200.0,Credit Card,Cancelled,,10200.0
ORD101588,2025-09-24,CUST1380,Customer 168,Jaipur,Rajasthan,Coffee Maker,Home Appliances,1,5200,0.1,4680.0,UPI,Delivered,3.0,4680.0
ORD100333,2025-06-07,CUST1342,Customer 512,Kolkata,West Bengal,Smartwatch,Electronics,1,6500,0.0,6500.0,Net Banking,Returned,,6500.0
ORD102858,2025-09-07,CUST1464,Customer 164,Mumbai,Maharashtra,Office Chair,Furniture,1,9000,0.15,7650.0,Debit Card,Delivered,4.0,7650.0
ORD101264,2025-04-07,CUST1111,Customer 544,Chennai,Tamil Nadu,Coffee Maker,Home Appliances,1,5200,0.0,5200.0,UPI,Delivered,4.0,5200.0
ORD102813,2025-03-11,CUST1125,Customer 392,Kolkata,West Bengal,Mixer Grinder,Home Appliances,1,3800,0.05,3610.0,Credit Card,Delivered,1.0,3610.0
ORD102827,2025-11-12,CUST1174,Customer 372,Mumbai,Maharashtra,Laptop,Electronics,1,55000,0.1,49500.0,UPI,Delivered,1.0,49500.0
ORD101655,2025-11-10,CUST1290,Customer 73,Pune,Maharashtra,Laptop,Electronics,1,55000,0.0,55000.0,UPI,Delivered,2.0,55000.0
ORD102531,2025-07-22,CUST1288,Customer 66,Kolkata,West Bengal,Desk,Furniture,2,12000,0.0,24000.0,Net Banking,Cancelled,,24000.0
ORD100938,2025-11-16,CUST1032,Customer 177,Hyderabad,Telangana,Running Shoes,Fashion,1,4500,0.05,4275.0,Cash on Delivery,Returned,,4275.0
ORD103212,2025-12-13,CUST1604,Customer 355,Mumbai,Maharashtra,Smartwatch,Electronics,2,6500,0.15,11050.0,Cash on Delivery,Delivered,5.0,11050.0
ORD103975,2025-09-02,CUST1181,Customer 587,Delhi,Delhi,Desk,Furniture,1,12000,0.0,12000.0,Credit Card,Delivered,5.0,12000.0
ORD102870,2025-05-23,CUST1106,Customer 247,Jaipur,Rajasthan,Smartwatch,Electronics,1,6500,0.1,5850.0,Net Banking,Delivered,2.0,5850.0
ORD100521,2025-10-29,CUST1341,Customer 257,Ahmedabad,Gujarat,T-Shirt,Fashion,1,900,0.1,810.0,Net Banking,Delivered,4.0,810.0
ORD103808,2025-01-24,CUST1106,Customer 367,Jaipur,Rajasthan,Running Shoes,Fashion,1,4500,0.05,4275.0,Credit Card,Delivered,5.0,4275.0
ORD100561,2025-09-30,CUST1031,Customer 633,Bengaluru,Karnataka,Office Chair,Furniture,1,9000,0.05,8550.0,Cash on Delivery,Delivered,3.0,8550.0
ORD103611,2025-05-03,CUST1016,Customer 411,Kolkata,West Bengal,Smartwatch,Electronics,1,6500,0.0,6500.0,Credit Card,Returned,,6500.0
ORD102435,2025-05-10,CUST1561,Customer 533,Hyderabad,Telangana,Backpack,Accessories,1,1800,0.0,1800.0,Net Banking,Delivered,3.0,1800.0
ORD100961,2025-02-09,CUST1127,Customer 392,Chennai,Tamil Nadu,Coffee Maker,Home Appliances,2,5200,0.0,10400.0,UPI,Returned,,10400.0
ORD101161,2025-12-12,CUST1299,Customer 522,Mumbai,Maharashtra,Backpack,Accessories,1,1800,0.1,1620.0,Debit Card,Delivered,1.0,1620.0
ORD103462,2025-12-20,CUST1205,Customer 228,Kochi,Kerala,Smartphone,Electronics,1,28000,0.0,28000.0,UPI,Delivered,4.0,28000.0
ORD101776,2025-01-15,CUST1019,Customer 396,Chennai,Tamil Nadu,Backpack,Accessories,1,1800,0.15,1530.0,Debit Card,Delivered,5.0,1530.0
ORD102859,2025-12-29,CUST1611,Customer 536,Hyderabad,Telangana,Office Chair,Furniture,1,9000,0.0,9000.0,Cash on Delivery,Delivered,1.0,9000.0
ORD101442,2025-08-03,CUST1588,Customer 30,Delhi,Delhi,Running Shoes,Fashion,1,4500,0.05,4275.0,Net Banking,Delivered,4.0,4275.0
ORD102405,2025-08-26,CUST1139,Customer 618,Chennai,Tamil Nadu,Desk,Furniture,1,12000,0.0,12000.0,Debit Card,Delivered,1.0,12000.0
ORD101332,2025-04-19,CUST1324,Customer 171,Pune,Maharashtra,Coffee Maker,Home Appliances,1,5200,0.0,5200.0,Net Banking,Delivered,2.0,5200.0
ORD102745,2025-03-01,CUST1059,Customer 152,Kolkata,West Bengal,Laptop,Electronics,2,55000,0.1,99000.0,Net Banking,Delivered,1.0,99000.0
ORD101441,2025-03-22,CUST1508,Customer 527,Hyderabad,Telangana,Desk,Furniture,1,12000,0.0,12000.0,Cash on Delivery,Delivered,1.0,12000.0
ORD100003,2025-09-28,CUST1379,Customer 107,Mumbai,Maharashtra,Running Shoes,Fashion,2,4500,0.1,8100.0,UPI,Delivered,5.0,8100.0
ORD100017,2025-05-30,CUST1412,Customer 405,Bengaluru,Karnataka,Laptop,Electronics,1,55000,0.1,49500.0,Credit Card,Returned,,49500.0
ORD103073,2025-09-04,CUST1316,Customer 37,Chennai,Tamil Nadu,Mixer Grinder,Home Appliances,1,3800,0.05,3610.0,Net Banking,Delivered,5.0,3610.0
ORD102887,2025-06-27,CUST1568,Customer 497,Bengaluru,Karnataka,T-Shirt,Fashion,1,900,0.05,855.0,Cash on Delivery,Delivered,4.0,855.0
ORD101132,2025-12-12,CUST1481,Unknown Customer,Delhi,Delhi,Smartphone,Electronics,1,28000,0.0,28000.0,UPI,Cancelled,,28000.0
ORD104000,2025-09-12,CUST1057,Customer 512,Delhi,Delhi,Headphones,Electronics,1,2500,0.05,2375.0,Cash on Delivery,Delivered,4.0,2375.0
ORD100095,2025-03-06,CUST1470,Customer 21,Mumbai,Maharashtra,Headphones,Electronics,1,2500,0.1,2250.0,Net Banking,Delivered,2.0,2250.0
ORD100658,2025-06-22,CUST1311,Customer 412,Hyderabad,Telangana,Mixer Grinder,Home Appliances,1,3800,0.05,3610.0,Net Banking,Delivered,3.0,3610.0
ORD101656,2025-09-06,CUST1208,Customer 260,Kolkata,West Bengal,Headphones,Electronics,2,2500,0.1,4500.0,Credit Card,Delivered,1.0,4500.0
ORD104096,2025-09-28,CUST1272,Customer 492,Kochi,Kerala,Running Shoes,Fashion,1,4500,0.1,4050.0,Debit Card,Returned,,4050.0
ORD103234,2025-08-25,CUST1201,Customer 589,Mumbai,Maharashtra,Coffee Maker,Home Appliances,1,5200,0.0,5200.0,UPI,Delivered,2.0,5200.0
ORD103083,2025-01-21,CUST1613,Customer 160,Ahmedabad,Gujarat,Coffee Maker,Home Appliances,1,5200,0.1,4680.0,UPI,Delivered,3.0,4680.0
ORD100393,2025-08-03,CUST1387,Customer 611,Bengaluru,Karnataka,Smartwatch,Electronics,1,6500,0.1,5850.0,UPI,Returned,,5850.0
ORD101696,2025-08-30,CUST1487,Customer 321,Kolkata,West Bengal,Laptop,Electronics,1,55000,0.1,49500.0,Debit Card,Cancelled,,49500.0
ORD101296,2025-04-29,CUST1550,Customer 349,Delhi,Delhi,Backpack,Accessories,1,1800,0.15,1530.0,Net Banking,Delivered,2.0,1530.0
ORD103554,2025-10-25,CUST1518,Customer 132,Hyderabad,Telangana,Office Chair,Furniture,1,9000,0.1,8100.0,Cash on Delivery,Returned,,8100.0
ORD103505,2025-04-18,CUST1272,Customer 194,Jaipur,Rajasthan,Coffee Maker,Home Appliances,1,5200,0.1,4680.0,Credit Card,Cancelled,,4680.0
ORD101643,2025-02-14,CUST1099,Customer 397,Pune,Maharashtra,Headphones,Electronics,1,2500,0.0,2500.0,Debit Card,Delivered,4.0,2500.0
ORD101428,2025-11-01,CUST1380,Customer 237,Kolkata,West Bengal,Mixer Grinder,Home Appliances,1,3800,0.15,3230.0,Net Banking,Delivered,4.0,3230.0
ORD101596,2025-11-28,CUST1066,Customer 472,Chennai,Tamil Nadu,Running Shoes,Fashion,1,4500,0.1,4050.0,Cash on Delivery,Delivered,5.0,4050.0
ORD101590,2025-11-19,CUST1443,Customer 262,Chennai,Tamil Nadu,Laptop,Electronics,1,55000,0.05,52250.0,UPI,Returned,,52250.0
ORD103699,2025-04-17,CUST1446,Customer 304,Hyderabad,Telangana,Office Chair,Furniture,1,9000,0.1,8100.0,Debit Card,Delivered,3.0,8100.0
ORD102361,2025-07-15,CUST1515,Customer 257,Delhi,Delhi,Keyboard,Accessories,1,2200,0.1,1980.0,UPI,Delivered,5.0,1980.0
ORD103365,2025-06-21,CUST1434,Customer 359,Kolkata,West Bengal,Headphones,Electronics,1,2500,0.1,2250.0,Cash on Delivery,Returned,,2250.0
ORD100722,2025-04-29,CUST1367,Customer 82,Kolkata,West Bengal,Smartphone,Electronics,1,28000,0.05,26600.0,Net Banking,Delivered,4.0,26600.0
ORD100091,2025-02-10,CUST1494,Customer 522,Kolkata,West Bengal,Mixer Grinder,Home Appliances,1,3800,0.05,3610.0,Cash on Delivery,Delivered,2.0,3610.0
ORD100181,2025-12-25,CUST1025,Customer 450,Delhi,Delhi,Coffee Maker,Home Appliances,1,5200,0.0,5200.0,Debit Card,Returned,,5200.0
ORD102467,2025-09-13,CUST1309,Customer 388,Kochi,Kerala,Desk,Furniture,1,12000,0.05,11400.0,Cash on Delivery,Returned,,11400.0
ORD104108,2025-06-30,CUST1029,Customer 538,Kochi,Kerala,Keyboard,Accessories,1,2200,0.0,2200.0,Debit Card,Returned,,2200.0
ORD101632,2025-05-27,CUST1265,Customer 440,Bengaluru,Karnataka,Office Chair,Furniture,1,9000,0.1,8100.0,UPI,Delivered,5.0,8100.0
ORD100410,2025-02-23,CUST1540,Customer 270,Jaipur,Rajasthan,Office Chair,Furniture,1,9000,0.1,8100.0,Net Banking,Delivered,2.0,8100.0
ORD103755,2025-05-17,CUST1566,Customer 132,Bengaluru,Karnataka,Running Shoes,Fashion,1,4500,0.0,4500.0,Debit Card,Delivered,3.0,4500.0
ORD101293,2025-01-11,CUST1360,Customer 5,Mumbai,Maharashtra,Smartphone,Electronics,1,28000,0.0,28000.0,Net Banking,Cancelled,,28000.0
ORD102788,2025-11-21,CUST1161,Customer 427,Chennai,Tamil Nadu,Desk,Furniture,1,12000,0.0,12000.0,Debit Card,Delivered,1.0,12000.0
ORD103311,2025-08-31,CUST1593,Customer 241,Jaipur,Rajasthan,T-Shirt,Fashion,1,900,0.05,855.0,Net Banking,Delivered,5.0,855.0
ORD102716,2025-10-20,CUST1604,Customer 261,Delhi,Delhi,Coffee Maker,Home Appliances,1,5200,0.0,5200.0,UPI,Delivered,3.0,5200.0
ORD103190,2025-12-27,CUST1006,Customer 273,Kolkata,West Bengal,Coffee Maker,Home Appliances,1,5200,0.1,4680.0,UPI,Delivered,1.0,4680.0
ORD100559,2025-12-27,CUST1343,Customer 97,Ahmedabad,Gujarat,Headphones,Electronics,1,2500,0.15,2125.0,Net Banking,Cancelled,,2125.0
ORD100988,2025-01-20,CUST1647,Customer 622,Ahmedabad,Gujarat,Running Shoes,Fashion,1,4500,0.0,4500.0,Cash on Delivery,Delivered,2.0,4500.0
ORD103471,2025-06-01,CUST1183,Customer 66,Bengaluru,Karnataka,Headphones,Electronics,1,2500,0.0,2500.0,Debit Card,Delivered,4.0,2500.0
ORD100555,2025-01-13,CUST1428,Customer 84,Pune,Maharashtra,Laptop,Electronics,1,55000,0.0,55000.0,UPI,Delivered,4.0,55000.0
ORD102921,2025-03-27,CUST1414,Customer 440,Delhi,Delhi,Mixer Grinder,Home Appliances,1,3800,0.0,3800.0,UPI,Delivered,4.0,3800.0
ORD100742,2025-01-06,CUST1404,Customer 647,Kolkata,West Bengal,Laptop,Electronics,1,55000,0.0,55000.0,Credit Card,Delivered,3.0,55000.0
ORD103060,2025-09-28,CUST1431,Customer 46,Kolkata,West Bengal,Keyboard,Accessories,1,2200,0.05,2090.0,Debit Card,Delivered,5.0,2090.0
ORD102819,2025-05-09,CUST1383,Customer 149,Ahmedabad,Gujarat,Mixer Grinder,Home Appliances,1,3800,0.0,3800.0,UPI,Delivered,1.0,3800.0
ORD102722,2025-09-17,CUST1123,Customer 228,Pune,Maharashtra,Keyboard,Accessories,1,2200,0.05,2090.0,Credit Card,Delivered,1.0,2090.0
ORD103875,2025-05-23,CUST1630,Customer 341,Ahmedabad,Gujarat,Smartwatch,Electronics,2,6500,0.05,12350.0,UPI,Delivered,3.0,12350.0
ORD100993,2025-03-31,CUST1441,Customer 126,Bengaluru,Karnataka,Backpack,Accessories,1,1800,0.0,1800.0,Debit Card,Delivered,4.0,1800.0
ORD103906,2025-10-09,CUST1197,Customer 413,Bengaluru,Karnataka,T-Shirt,Fashion,1,900,0.05,855.0,Cash on Delivery,Returned,,855.0
ORD100831,2025-07-03,CUST1168,Customer 546,Kolkata,West Bengal,Smartwatch,Electronics,1,6500,0.1,5850.0,Net Banking,Delivered,3.0,5850.0
ORD103326,2025-01-28,CUST1027,Customer 451,Delhi,Delhi,Office Chair,Furniture,2,9000,0.0,18000.0,Debit Card,Cancelled,,18000.0
ORD101669,2025-10-22,CUST1184,Customer 364,Pune,Maharashtra,Laptop,Electronics,1,55000,0.2,44000.0,UPI,Delivered,2.0,44000.0
ORD103262,2025-12-10,CUST1567,Customer 610,Delhi,Delhi,Office Chair,Furniture,1,9000,0.05,8550.0,UPI,Delivered,2.0,8550.0
ORD103498,2025-02-15,CUST1014,Customer 28,Bengaluru,Karnataka,Mixer Grinder,Home Appliances,1,3800,0.05,3610.0,Net Banking,Delivered,2.0,3610.0
ORD102056,2025-07-12,CUST1331,Customer 62,Hyderabad,Telangana,Keyboard,Accessories,1,2200,0.0,2200.0,Cash on Delivery,Delivered,5.0,2200.0
ORD101524,2025-10-20,CUST1376,Customer 392,Ahmedabad,Gujarat,Coffee Maker,Home Appliances,1,5200,0.1,4680.0,Net Banking,Delivered,4.0,4680.0
ORD102521,2025-03-01,CUST1167,Customer 569,Kochi,Kerala,Smartwatch,Electronics,1,6500,0.05,6175.0,Credit Card,Delivered,1.0,6175.0
ORD101225,2025-10-13,CUST1048,Customer 172,Kochi,Kerala,Keyboard,Accessories,1,2200,0.05,2090.0,Cash on Delivery,Delivered,3.0,2090.0
ORD104021,2025-06-04,CUST1288,Customer 258,Chennai,Tamil Nadu,Desk,Furniture,2,12000,0.05,22800.0,UPI,Cancelled,,22800.0
ORD100687,2025-06-05,CUST1406,Customer 26,Mumbai,Maharashtra,T-Shirt,Fashion,2,900,0.05,1710.0,Debit Card,Delivered,4.0,1710.0
ORD103948,2025-09-29,CUST1127,Customer 114,Pune,Maharashtra,Coffee Maker,Home Appliances,1,5200,0.1,4680.0,Cash on Delivery,Delivered,5.0,4680.0
ORD102286,2025-09-21,CUST1185,Customer 633,Chennai,Tamil Nadu,Backpack,Accessories,2,1800,0.1,3240.0,UPI,Delivered,3.0,3240.0
ORD103650,2025-02-01,CUST1369,Customer 37,Bengaluru,Karnataka,Desk,Furniture,1,12000,0.1,10800.0,Net Banking,Delivered,5.0,10800.0
ORD101704,2025-04-30,CUST1190,Customer 612,Hyderabad,Telangana,Laptop,Electronics,1,55000,0.0,55000.0,Debit Card,Delivered,2.0,55000.0
ORD103175,2025-12-23,CUST1217,Customer 470,Delhi,Delhi,Backpack,Accessories,1,1800,0.1,1620.0,Debit Card,Delivered,1.0,1620.0
ORD101422,2025-04-12,CUST1352,Customer 163,Ahmedabad,Gujarat,Laptop,Electronics,1,55000,0.0,55000.0,Debit Card,Returned,,55000.0
ORD103607,2025-10-17,CUST1180,Customer 438,Hyderabad,Telangana,Smartphone,Electronics,1,28000,0.05,26600.0,Cash on Delivery,Returned,,26600.0
ORD102805,2025-03-10,CUST1031,Customer 479,Delhi,Delhi,Smartphone,Electronics,1,28000,0.1,25200.0,Cash on Delivery,Delivered,4.0,25200.0
ORD102659,2025-07-10,CUST1329,Customer 370,Mumbai,Maharashtra,Desk,Furniture,2,12000,0.1,21600.0,Cash on Delivery,Returned,,21600.0
ORD102385,2025-06-12,CUST1353,Customer 5,Pune,Maharashtra,Laptop,Electronics,1,55000,0.0,55000.0,Net Banking,Returned,,55000.0
ORD103094,2025-07-29,CUST1240,Customer 311,Kochi,Kerala,T-Shirt,Fashion,1,900,0.0,900.0,UPI,Delivered,3.0,900.0
ORD100267,2025-05-20,CUST1017,Customer 245,Kolkata,West Bengal,Keyboard,Accessories,1,2200,0.05,2090.0,Credit Card,Delivered,5.0,2090.0
ORD102957,2025-09-19,CUST1558,Customer 370,Kochi,Kerala,Smartphone,Electronics,1,28000,0.2,22400.0,Credit Card,Cancelled,,22400.0
ORD100720,2025-12-31,CUST1457,Customer 302,Ahmedabad,Gujarat,Mixer Grinder,Home Appliances,1,3800,0.2,3040.0,UPI,Delivered,2.0,3040.0
ORD104164,2025-06-11,CUST1576,Customer 541,Kolkata,West Bengal,Smartwatch,Electronics,1,6500,0.15,5525.0,Credit Card,Delivered,2.0,5525.0
ORD101522,2025-11-20,CUST1092,Customer 289,Bengaluru,Karnataka,Desk,Furniture,0,12000,0.1,0.0,Cash on Delivery,Cancelled,,21600.0
ORD104086,2025-08-30,CUST1346,Customer 413,Delhi,Delhi,Backpack,Accessories,1,1800,0.15,1530.0,Debit Card,Returned,,1530.0
ORD103474,2025-06-14,CUST1180,Customer 380,Kolkata,West Bengal,Headphones,Electronics,1,2500,0.0,2500.0,Cash on Delivery,Delivered,1.0,2500.0
ORD100526,2025-12-03,CUST1123,Customer 156,Pune,Maharashtra,Keyboard,Accessories,1,2200,0.15,1870.0,Credit Card,Returned,,1870.0
ORD100670,2025-08-15,CUST1298,Customer 407,Kolkata,West Bengal,Mixer Grinder,Home Appliances,1,3800,0.0,3800.0,Net Banking,Delivered,1.0,3800.0
ORD103226,2025-05-16,CUST1108,Customer 331,Jaipur,Rajasthan,Laptop,Electronics,1,55000,0.0,55000.0,Net Banking,Delivered,5.0,55000.0
ORD101463,2025-01-07,CUST1085,Customer 316,Delhi,Delhi,Mixer Grinder,Home Appliances,1,3800,0.05,3610.0,Debit Card,Delivered,5.0,3610.0
ORD103896,2025-06-24,CUST1623,Customer 559,Kochi,Kerala,Smartwatch,Electronics,1,6500,0.15,5525.0,Net Banking,Delivered,3.0,5525.0
ORD102516,2025-07-11,CUST1295,Customer 208,Pune,Maharashtra,Office Chair,Furniture,2,9000,0.0,18000.0,Cash on Delivery,Delivered,2.0,18000.0
ORD100999,2025-12-22,CUST1188,Customer 63,Delhi,Delhi,Desk,Furniture,2,12000,0.05,22800.0,Net Banking,Cancelled,,22800.0
ORD103244,2025-02-12,CUST1410,Customer 15,Chennai,Tamil Nadu,Headphones,Electronics,1,2500,0.05,2375.0,Debit Card,Delivered,2.0,2375.0
ORD102964,2025-09-24,CUST1429,Customer 62,Bengaluru,Karnataka,Backpack,Accessories,1,1800,0.0,1800.0,Net Banking,Delivered,1.0,1800.0
ORD103919,2025-05-02,CUST1095,Customer 472,Delhi,Delhi,Running Shoes,Fashion,1,4500,0.0,4500.0,Credit Card,Cancelled,,4500.0
ORD104101,2025-07-08,CUST1086,Customer 378,Kolkata,West Bengal,Office Chair,Furniture,1,9000,0.0,9000.0,Debit Card,Cancelled,,9000.0
ORD102550,2025-06-01,CUST1318,Customer 333,Pune,Maharashtra,T-Shirt,Fashion,1,900,0.05,855.0,UPI,Delivered,1.0,855.0
ORD102048,2025-09-21,CUST1037,Customer 623,Kolkata,West Bengal,Smartwatch,Electronics,1,6500,0.1,5850.0,Credit Card,Delivered,1.0,5850.0
ORD100054,2025-12-12,CUST1132,Customer 324,Kolkata,West Bengal,Backpack,Accessories,1,1800,0.0,1800.0,Credit Card,Delivered,4.0,1800.0
ORD102294,2025-12-08,CUST1480,Customer 111,Delhi,Delhi,Mixer Grinder,Home Appliances,1,3800,0.0,3800.0,UPI,Delivered,5.0,3800.0
ORD101429,2025-01-17,CUST1165,Customer 277,Bengaluru,Karnataka,Laptop,Electronics,1,55000,0.05,52250.0,UPI,Returned,,52250.0
ORD100049,2025-03-30,CUST1342,Customer 304,Delhi,Delhi,Backpack,Accessories,1,1800,0.2,1440.0,Net Banking,Cancelled,,1440.0
ORD103139,2025-11-16,CUST1490,Customer 276,Jaipur,Rajasthan,Keyboard,Accessories,1,2200,0.0,2200.0,UPI,Delivered,4.0,2200.0
ORD103900,2025-07-07,CUST1566,Customer 478,Bengaluru,Karnataka,Smartphone,Electronics,1,28000,0.15,23800.0,UPI,Returned,,23800.0
ORD101825,2025-08-13,CUST1224,Customer 381,Jaipur,Rajasthan,Mixer Grinder,Home Appliances,1,3800,0.15,3230.0,Cash on Delivery,Delivered,3.0,3230.0
ORD102912,2025-01-22,CUST1254,Customer 248,Mumbai,Maharashtra,Headphones,Electronics,2,2500,0.05,4750.0,Credit Card,Delivered,1.0,4750.0
ORD101483,2025-07-02,CUST1302,Customer 216,Mumbai,Maharashtra,Laptop,Electronics,1,55000,0.0,55000.0,Cash on Delivery,Delivered,5.0,55000.0
ORD103407,2025-09-17,CUST1181,Customer 394,Jaipur,Rajasthan,T-Shirt,Fashion,1,900,0.1,810.0,UPI,Delivered,4.0,810.0
ORD102590,2025-06-13,CUST1239,Customer 492,Kochi,Kerala,Backpack,Accessories,1,1800,0.05,1710.0,UPI,Delivered,1.0,1710.0
ORD102198,2025-05-21,CUST1548,Customer 250,Ahmedabad,Gujarat,Backpack,Accessories,1,1800,0.1,1620.0,Cash on Delivery,Returned,,1620.0
ORD104083,2025-10-06,CUST1635,Customer 3,Kolkata,West Bengal,Backpack,Accessories,1,1800,0.1,1620.0,Net Banking,Delivered,4.0,1620.0
ORD104187,2025-07-13,CUST1187,Customer 36,Chennai,Tamil Nadu,Keyboard,Accessories,1,2200,0.0,2200.0,Debit Card,Delivered,1.0,2200.0
ORD103863,2025-07-24,CUST1304,Customer 109,Bengaluru,Karnataka,Desk,Furniture,1,12000,0.0,12000.0,UPI,Cancelled,,12000.0
ORD101832,2025-07-13,CUST1220,Customer 578,Kolkata,West Bengal,Headphones,Electronics,1,2500,0.15,2125.0,UPI,Delivered,2.0,2125.0
ORD102702,2025-08-31,CUST1317,Customer 576,Pune,Maharashtra,T-Shirt,Fashion,2,900,0.05,1710.0,Net Banking,Delivered,4.0,1710.0
ORD103064,2025-09-29,CUST1411,Customer 559,Delhi,Delhi,Headphones,Electronics,1,2500,0.05,2375.0,Credit Card,Delivered,5.0,2375.0
ORD100504,2025-12-06,CUST1048,Customer 649,Kochi,Kerala,Running Shoes,Fashion,2,4500,0.0,9000.0,UPI,Delivered,3.0,9000.0
ORD101193,2025-07-17,CUST1239,Customer 645,Jaipur,Rajasthan,T-Shirt,Fashion,1,900,0.05,855.0,Cash on Delivery,Returned,,855.0
ORD103970,2025-05-05,CUST1219,Customer 126,Mumbai,Maharashtra,Smartphone,Electronics,2,28000,0.2,44800.0,Credit Card,Delivered,3.0,44800.0
ORD102234,2025-06-10,CUST1344,Customer 40,Delhi,Delhi,Backpack,Accessories,1,1800,0.0,1800.0,Net Banking,Cancelled,,1800.0
ORD102696,2025-01-12,CUST1228,Customer 146,Kochi,Kerala,Office Chair,Furniture,1,9000,0.5,4500.0,Credit Card,Delivered,1.0,7650.0
ORD103862,2025-08-14,CUST1138,Customer 210,Bengaluru,Karnataka,Backpack,Accessories,2,1800,0.2,2880.0,UPI,Delivered,2.0,2880.0
ORD101981,2025-12-16,CUST1378,Customer 177,Kolkata,West Bengal,Office Chair,Furniture,1,9000,0.0,9000.0,Credit Card,Cancelled,,9000.0
ORD100291,2025-12-15,CUST1160,Customer 240,Kochi,Kerala,Keyboard,Accessories,1,2200,0.05,2090.0,Debit Card,Returned,,2090.0
ORD100941,2025-12-31,CUST1133,Customer 503,Delhi,Delhi,Laptop,Electronics,1,55000,0.0,55000.0,Cash on Delivery,Delivered,5.0,55000.0
ORD102778,2025-08-28,CUST1244,Customer 367,Jaipur,Rajasthan,Mixer Grinder,Home Appliances,2,3800,0.15,6460.0,UPI,Delivered,2.0,6460.0
ORD102201,2025-08-02,CUST1491,Customer 633,Kolkata,West Bengal,Office Chair,Furniture,2,9000,0.0,18000.0,Cash on Delivery,Cancelled,,18000.0
ORD101889,2025-10-27,CUST1202,Customer 466,Jaipur,Rajasthan,Mixer Grinder,Home Appliances,1,3800,0.1,3420.0,Credit Card,Delivered,5.0,3420.0
ORD103698,2025-03-06,CUST1310,Customer 492,Hyderabad,Telangana,Desk,Furniture,1,12000,0.0,12000.0,UPI,Delivered,1.0,12000.0
ORD103780,2025-08-23,CUST1475,Customer 364,Ahmedabad,Gujarat,Office Chair,Furniture,1,9000,0.0,9000.0,UPI,Delivered,5.0,9000.0
ORD103942,2025-02-19,CUST1241,Customer 41,Ahmedabad,Gujarat,Mixer Grinder,Home Appliances,1,3800,0.05,3610.0,Net Banking,Returned,,3610.0
ORD103459,2025-10-07,CUST1013,Customer 222,Kolkata,West Bengal,T-Shirt,Fashion,1,900,0.05,855.0,UPI,Delivered,4.0,855.0
ORD103160,2025-09-12,CUST1040,Customer 572,Ahmedabad,Gujarat,Headphones,Electronics,1,2500,0.15,2125.0,UPI,Delivered,4.0,2125.0
ORD103696,2025-05-19,CUST1644,Customer 21,Kolkata,West Bengal,Keyboard,Accessories,1,2200,0.05,2090.0,UPI,Delivered,4.0,2090.0
ORD101276,2025-08-11,CUST1113,Customer 30,Mumbai,Maharashtra,Smartwatch,Electronics,1,6500,0.1,5850.0,Net Banking,Delivered,1.0,5850.0
ORD100739,2025-04-15,CUST1230,Customer 168,Bengaluru,Karnataka,T-Shirt,Fashion,1,900,0.05,855.0,Unknown,Delivered,1.0,855.0
ORD103729,2025-04-04,CUST1406,Customer 121,Kolkata,West Bengal,Laptop,Electronics,1,55000,0.0,55000.0,Debit Card,Returned,,55000.0
ORD100992,2025-01-01,CUST1080,Customer 474,Delhi,Delhi,Office Chair,Furniture,1,9000,0.0,9000.0,UPI,Returned,,9000.0
ORD102051,2025-12-24,CUST1362,Customer 203,Ahmedabad,Gujarat,Laptop,Electronics,1,55000,0.1,49500.0,Net Banking,Returned,,49500.0
ORD103530,2025-11-25,CUST1638,Customer 577,Bengaluru,Karnataka,Laptop,Electronics,1,55000,0.15,46750.0,Cash on Delivery,Delivered,2.0,46750.0
ORD101177,2025-09-01,CUST1091,Customer 600,Jaipur,Rajasthan,Office Chair,Furniture,2,9000,0.0,18000.0,Net Banking,Returned,,18000.0
ORD100048,2025-10-01,CUST1389,Customer 444,Ahmedabad,Gujarat,Coffee Maker,Home Appliances,1,5200,0.05,4940.0,Debit Card,Delivered,1.0,4940.0
ORD100606,2025-01-07,CUST1516,Customer 42,Jaipur,Rajasthan,Smartphone,Electronics,1,28000,0.05,26600.0,UPI,Returned,,26600.0
ORD103091,2025-09-09,CUST1359,Customer 383,Delhi,Delhi,Desk,Furniture,1,12000,0.1,10800.0,Net Banking,Delivered,5.0,10800.0
ORD102181,2025-12-17,CUST1579,Customer 7,Chennai,Tamil Nadu,Coffee Maker,Home Appliances,1,5200,0.0,5200.0,UPI,Cancelled,,5200.0
ORD103873,2025-04-06,CUST1615,Customer 193,Pune,Maharashtra,Desk,Furniture,1,12000,0.2,9600.0,Cash on Delivery,Delivered,2.0,9600.0
ORD100673,2025-02-16,CUST1173,Customer 390,Kochi,Kerala,Running Shoes,Fashion,1,4500,0.15,3825.0,UPI,Delivered,5.0,3825.0
ORD100488,2025-04-10,CUST1254,Customer 87,Bengaluru,Karnataka,Backpack,Accessories,3,1800,0.0,5400.0,Cash on Delivery,Delivered,1.0,5400.0
ORD100300,2025-10-16,CUST1386,Customer 303,Kolkata,West Bengal,Coffee Maker,Home Appliances,1,5200,0.15,4420.0,Credit Card,Delivered,5.0,4420.0
ORD102750,2025-04-19,CUST1408,Customer 75,Mumbai,Maharashtra,Keyboard,Accessories,1,2200,0.0,2200.0,Net Banking,Delivered,3.0,2200.0
ORD102187,2025-11-08,CUST1469,Customer 186,Bengaluru,Karnataka,Headphones,Electronics,1,2500,0.0,2500.0,Credit Card,Delivered,5.0,2500.0
ORD103243,2025-05-16,CUST1247,Customer 329,Mumbai,Maharashtra,Office Chair,Furniture,1,9000,0.0,9000.0,Credit Card,Delivered,1.0,9000.0
ORD101930,2025-07-05,CUST1258,Customer 388,Mumbai,Maharashtra,Coffee Maker,Home Appliances,1,5200,0.0,5200.0,Cash on Delivery,Delivered,5.0,5200.0
ORD103436,2025-08-12,CUST1576,Customer 210,Hyderabad,Telangana,T-Shirt,Fashion,2,900,0.15,1530.0,UPI,Returned,,1530.0
ORD103223,2025-09-19,CUST1263,Customer 535,Pune,Maharashtra,Office Chair,Furniture,1,9000,0.2,7200.0,Net Banking,Cancelled,,7200.0
ORD103158,2025-04-30,CUST1322,Customer 340,Chennai,Tamil Nadu,Keyboard,Accessories,2,2200,0.0,4400.0,Cash on Delivery,Cancelled,,4400.0
ORD100107,2025-09-18,CUST1485,Customer 329,Kochi,Kerala,Smartwatch,Electronics,1,6500,0.1,5850.0,Debit Card,Delivered,4.0,5850.0
ORD100607,2025-06-23,CUST1142,Customer 436,Delhi,Delhi,Mixer Grinder,Home Appliances,1,3800,0.1,3420.0,Debit Card,Delivered,3.0,3420.0
ORD102454,2025-09-30,CUST1549,Customer 97,Mumbai,Maharashtra,Running Shoes,Fashion,1,4500,0.0,4500.0,Credit Card,Returned,,4500.0
ORD101222,2025-06-07,CUST1381,Customer 537,Kochi,Kerala,Smartphone,Electronics,1,28000,0.1,25200.0,Debit Card,Delivered,2.0,25200.0
ORD103853,2025-08-05,CUST1048,Customer 503,Mumbai,Maharashtra,Running Shoes,Fashion,1,4500,0.05,4275.0,Debit Card,Delivered,2.0,4275.0
ORD102864,2025-03-11,CUST1206,Customer 27,Chennai,Tamil Nadu,Backpack,Accessories,1,1800,0.15,1530.0,Credit Card,Delivered,3.0,1530.0
ORD100079,2025-09-09,CUST1578,Customer 262,Jaipur,Rajasthan,Running Shoes,Fashion,1,4500,0.1,4050.0,Credit Card,Delivered,1.0,4050.0
ORD100032,2025-06-19,CUST1221,Customer 444,Bengaluru,Karnataka,Smartwatch,Electronics,1,6500,0.1,5850.0,Cash on Delivery,Delivered,2.0,5850.0
ORD102629,2025-12-26,CUST1095,Customer 91,Chennai,Tamil Nadu,Desk,Furniture,1,12000,0.0,12000.0,Net Banking,Cancelled,,12000.0
ORD103825,2025-06-30,CUST1540,Customer 141,Bengaluru,Karnataka,Mixer Grinder,Home Appliances,2,3800,0.1,6840.0,Cash on Delivery,Cancelled,,6840.0
ORD103630,2025-01-27,CUST1447,Customer 144,Pune,Maharashtra,Keyboard,Accessories,1,2200,0.15,1870.0,UPI,Returned,,1870.0
ORD101735,2025-01-22,CUST1449,Customer 282,Pune,Maharashtra,Keyboard,Accessories,1,2200,0.15,1870.0,Debit Card,Cancelled,,1870.0
ORD100390,2025-12-20,CUST1195,Customer 30,Pune,Maharashtra,Laptop,Electronics,2,55000,0.05,104500.0,UPI,Delivered,5.0,104500.0
ORD103842,2025-01-16,CUST1009,Customer 367,Mumbai,Maharashtra,Keyboard,Accessories,2,2200,0.1,3960.0,Cash on Delivery,Delivered,2.0,3960.0
ORD100045,2025-01-21,CUST1560,Customer 477,Mumbai,Maharashtra,Keyboard,Accessories,1,2200,0.0,2200.0,Cash on Delivery,Cancelled,,2200.0
ORD101988,2025-01-01,CUST1570,Customer 108,Chennai,Tamil Nadu,Laptop,Electronics,3,55000,0.1,148500.0,Debit Card,Delivered,5.0,148500.0
ORD101960,2025-08-19,CUST1572,Customer 379,Chennai,Tamil Nadu,Smartphone,Electronics,1,28000,0.05,26600.0,Credit Card,Cancelled,,26600.0
ORD102256,2025-08-29,CUST1219,Customer 421,Hyderabad,Telangana,Desk,Furniture,2,12000,0.1,21600.0,Cash on Delivery,Delivered,4.0,21600.0
ORD102935,2025-06-03,CUST1499,Customer 239,Kolkata,West Bengal,Keyboard,Accessories,1,2200,0.0,2200.0,UPI,Delivered,4.0,2200.0
ORD103914,2025-10-06,CUST1239,Customer 475,Mumbai,Maharashtra,Coffee Maker,Home Appliances,1,5200,0.05,4940.0,Net Banking,Delivered,5.0,4940.0
ORD100708,2025-02-15,CUST1133,Customer 163,Chennai,Tamil Nadu,Smartphone,Electronics,2,28000,0.0,56000.0,Debit Card,Returned,,56000.0
ORD100811,2025-11-26,CUST1269,Customer 481,Bengaluru,Karnataka,T-Shirt,Fashion,1,900,0.0,900.0,Credit Card,Cancelled,,900.0
ORD102549,2025-04-19,CUST1574,Customer 318,Kochi,Kerala,Laptop,Electronics,1,55000,0.0,55000.0,Debit Card,Cancelled,,55000.0
ORD103553,2025-02-23,CUST1170,Customer 346,Kolkata,West Bengal,Keyboard,Accessories,1,2200,0.05,2090.0,Cash on Delivery,Delivered,4.0,2090.0
ORD103063,2025-07-31,CUST1290,Customer 202,Chennai,Tamil Nadu,Keyboard,Accessories,1,2200,0.05,2090.0,Debit Card,Delivered,2.0,2090.0
ORD103693,2025-11-16,CUST1269,Customer 565,Kochi,Kerala,Smartphone,Electronics,1,28000,0.1,25200.0,Cash on Delivery,Cancelled,,25200.0
ORD103035,2025-08-14,CUST1579,Customer 69,Kolkata,West Bengal,Office Chair,Furniture,1,9000,0.15,7650.0,Cash on Delivery,Delivered,4.0,7650.0
ORD104154,2025-01-22,CUST1301,Customer 205,Bengaluru,Karnataka,Desk,Furniture,1,12000,0.0,12000.0,Debit Card,Returned,,12000.0
ORD102623,2025-08-21,CUST1219,Customer 622,Mumbai,Maharashtra,Desk,Furniture,1,12000,0.1,10800.0,Net Banking,Delivered,3.0,10800.0
ORD102626,2025-05-29,CUST1553,Customer 459,Kochi,Kerala,Desk,Furniture,1,12000,0.15,10200.0,Debit Card,Cancelled,,10200.0
ORD103019,2025-05-11,CUST1120,Customer 208,Mumbai,Maharashtra,T-Shirt,Fashion,1,900,0.0,900.0,Cash on Delivery,Delivered,2.0,900.0
ORD100851,2025-08-21,CUST1276,Customer 90,Delhi,Delhi,Mixer Grinder,Home Appliances,1,3800,0.0,3800.0,Net Banking,Delivered,4.0,3800.0
ORD101297,2025-01-20,CUST1612,Customer 187,Kochi,Kerala,Headphones,Electronics,1,2500,0.1,2250.0,Net Banking,Returned,,2250.0
ORD102268,2025-02-05,CUST1362,Customer 408,Delhi,Delhi,Backpack,Accessories,1,1800,0.05,1710.0,Cash on Delivery,Delivered,4.0,1710.0
ORD101732,2025-05-10,CUST1182,Customer 505,Delhi,Delhi,Laptop,Electronics,1,55000,0.0,55000.0,Credit Card,Cancelled,,55000.0
ORD100258,2025-09-20,CUST1043,Customer 351,Kochi,Kerala,T-Shirt,Fashion,1,900,0.15,765.0,Cash on Delivery,Delivered,3.0,765.0
ORD104045,2025-04-01,CUST1333,Customer 608,Delhi,Delhi,Smartwatch,Electronics,2,6500,0.05,12350.0,Cash on Delivery,Cancelled,,12350.0
ORD103008,2025-09-26,CUST1335,Customer 209,Kolkata,West Bengal,Laptop,Electronics,1,55000,0.1,49500.0,Debit Card,Delivered,3.0,49500.0
ORD102728,2025-03-12,CUST1519,Customer 92,Ahmedabad,Gujarat,Smartwatch,Electronics,1,6500,0.1,5850.0,UPI,Returned,,5850.0
ORD101067,2025-05-25,CUST1239,Customer 224,Pune,Maharashtra,Mixer Grinder,Home Appliances,1,3800,0.0,3800.0,UPI,Cancelled,,3800.0
ORD101706,2025-11-02,CUST1404,Customer 593,Kochi,Kerala,Backpack,Accessories,1,1800,0.05,1710.0,Net Banking,Delivered,4.0,1710.0
ORD102540,2025-06-22,CUST1127,Customer 468,Bengaluru,Karnataka,Headphones,Electronics,1,2500,0.05,2375.0,Cash on Delivery,Delivered,4.0,2375.0
ORD101646,2025-06-19,CUST1367,Customer 128,Jaipur,Rajasthan,Keyboard,Accessories,1,2200,0.1,1980.0,Debit Card,Delivered,5.0,1980.0
ORD100324,2025-10-31,CUST1573,Customer 250,Hyderabad,Telangana,Running Shoes,Fashion,1,4500,0.05,4275.0,Net Banking,Delivered,3.0,4275.0
ORD102807,2025-11-16,CUST1039,Customer 211,Delhi,Delhi,T-Shirt,Fashion,2,900,0.0,1800.0,Net Banking,Delivered,2.0,1800.0
ORD100703,2025-05-25,CUST1599,Customer 600,Mumbai,Maharashtra,Office Chair,Furniture,1,9000,0.1,8100.0,Debit Card,Delivered,4.0,8100.0
ORD100719,2025-09-08,CUST1170,Customer 290,Ahmedabad,Gujarat,Smartphone,Electronics,1,28000,0.1,25200.0,UPI,Delivered,1.0,25200.0
ORD102261,2025-03-09,CUST1100,Customer 585,Delhi,Delhi,Headphones,Electronics,1,2500,0.1,2250.0,Debit Card,Delivered,2.0,2250.0
ORD104105,2025-01-04,CUST1011,Customer 572,Chennai,Tamil Nadu,Office Chair,Furniture,1,9000,0.05,8550.0,Debit Card,Delivered,3.0,8550.0
ORD103126,2025-11-23,CUST1524,Customer 84,Mumbai,Maharashtra,Coffee Maker,Home Appliances,1,5200,0.05,4940.0,Net Banking,Delivered,5.0,4940.0
ORD102359,2025-07-09,CUST1152,Customer 189,Jaipur,Rajasthan,Mixer Grinder,Home Appliances,1,3800,0.0,3800.0,Net Banking,Delivered,3.0,3800.0
ORD102572,2025-12-03,CUST1289,Customer 362,Pune,Maharashtra,Keyboard,Accessories,1,2200,0.1,1980.0,UPI,Delivered,2.0,1980.0
ORD103006,2025-01-21,CUST1342,Customer 48,Bengaluru,Karnataka,T-Shirt,Fashion,2,900,0.05,1710.0,Cash on Delivery,Delivered,3.0,1710.0
ORD102480,2025-03-20,CUST1506,Customer 65,Jaipur,Rajasthan,Headphones,Electronics,1,2500,0.05,2375.0,Credit Card,Delivered,2.0,2375.0
ORD103836,2025-02-24,CUST1514,Customer 410,Jaipur,Rajasthan,Running Shoes,Fashion,1,4500,0.0,4500.0,UPI,Returned,,4500.0
ORD103375,2025-04-28,CUST1004,Customer 599,Bengaluru,Karnataka,Laptop,Electronics,2,55000,0.0,110000.0,Debit Card,Delivered,2.0,110000.0
ORD102899,2025-02-12,CUST1284,Customer 98,Bengaluru,Karnataka,T-Shirt,Fashion,1,900,0.1,810.0,Net Banking,Delivered,3.0,810.0
ORD100972,2025-04-28,CUST1650,Customer 200,Kochi,Kerala,Running Shoes,Fashion,1,4500,0.1,4050.0,Cash on Delivery,Returned,,4050.0
ORD103353,2025-04-17,CUST1357,Customer 466,Mumbai,Maharashtra,Headphones,Electronics,1,2500,0.05,2375.0,Net Banking,Delivered,5.0,2375.0
ORD100231,2025-07-17,CUST1266,Customer 586,Ahmedabad,Gujarat,Coffee Maker,Home Appliances,2,5200,0.1,9360.0,Credit Card,Delivered,5.0,9360.0
ORD103481,2025-06-13,CUST1319,Customer 174,Hyderabad,Telangana,Headphones,Electronics,1,2500,0.05,2375.0,Cash on Delivery,Returned,,2375.0
ORD100954,2025-04-05,CUST1549,Customer 425,Bengaluru,Karnataka,Office Chair,Furniture,1,9000,0.1,8100.0,Cash on Delivery,Cancelled,,8100.0
ORD102172,2025-06-07,CUST1164,Customer 320,Delhi,Delhi,Mixer Grinder,Home Appliances,1,3800,0.0,3800.0,Net Banking,Delivered,2.0,3800.0
ORD103770,2025-01-03,CUST1196,Customer 354,Bengaluru,Karnataka,Mixer Grinder,Home Appliances,1,3800,0.1,3420.0,Cash on Delivery,Delivered,4.0,3420.0
ORD101543,2025-06-02,CUST1506,Customer 86,Delhi,Delhi,Mixer Grinder,Home Appliances,1,3800,0.15,3230.0,Credit Card,Delivered,5.0,3230.0
ORD101216,2025-08-12,CUST1578,Customer 32,Delhi,Delhi,T-Shirt,Fashion,1,900,0.0,900.0,Credit Card,Returned,,900.0
ORD102143,2025-11-22,CUST1382,Customer 564,Ahmedabad,Gujarat,Coffee Maker,Home Appliances,2,5200,0.05,9880.0,UPI,Delivered,4.0,9880.0
ORD101621,2025-07-05,CUST1035,Customer 557,Kochi,Kerala,Headphones,Electronics,2,2500,0.05,4750.0,Debit Card,Cancelled,,4750.0
ORD104111,2025-10-06,CUST1097,Customer 210,Chennai,Tamil Nadu,Running Shoes,Fashion,1,4500,0.1,4050.0,Net Banking,Delivered,2.0,4050.0
ORD100437,2025-02-27,CUST1086,Customer 216,Hyderabad,Telangana,Mixer Grinder,Home Appliances,1,3800,0.0,3800.0,Credit Card,Delivered,1.0,3800.0
ORD101604,2025-02-07,CUST1029,Customer 89,Kolkata,West Bengal,Coffee Maker,Home Appliances,1,5200,0.0,5200.0,Cash on Delivery,Delivered,3.0,5200.0
ORD100821,2025-02-12,CUST1626,Customer 252,Kochi,Kerala,Coffee Maker,Home Appliances,1,5200,0.1,4680.0,Net Banking,Cancelled,,4680.0
ORD103679,2025-03-20,CUST1486,Customer 510,Kochi,Kerala,Smartwatch,Electronics,1,6500,0.1,5850.0,Credit Card,Delivered,5.0,5850.0
ORD100282,2025-03-16,CUST1042,Customer 202,Hyderabad,Telangana,Smartwatch,Electronics,2,6500,0.0,13000.0,Credit Card,Cancelled,,13000.0
ORD101982,2025-12-27,CUST1217,Customer 270,Kochi,Kerala,Coffee Maker,Home Appliances,1,5200,0.0,5200.0,Net Banking,Delivered,5.0,5200.0
ORD101249,2025-06-27,CUST1042,Customer 35,Mumbai,Maharashtra,Headphones,Electronics,3,2500,0.0,7500.0,Net Banking,Cancelled,,7500.0
ORD101494,2025-08-15,CUST1513,Customer 628,Pune,Maharashtra,Desk,Furniture,2,12000,0.2,19200.0,Debit Card,Delivered,3.0,19200.0
ORD102880,2025-05-11,CUST1480,Customer 545,Bengaluru,Karnataka,Office Chair,Furniture,1,9000,0.05,8550.0,Cash on Delivery,Cancelled,,8550.0
ORD102553,2025-05-28,CUST1634,Customer 632,Mumbai,Maharashtra,Headphones,Electronics,2,2500,0.0,5000.0,UPI,Delivered,2.0,5000.0
ORD101027,2025-03-17,CUST1492,Customer 164,Delhi,Delhi,Office Chair,Furniture,1,9000,0.05,8550.0,UPI,Delivered,4.0,8550.0
ORD104126,2025-05-18,CUST1644,Customer 47,Bengaluru,Karnataka,Backpack,Accessories,1,1800,0.1,1620.0,Net Banking,Delivered,1.0,1620.0
ORD101210,2025-03-04,CUST1085,Customer 398,Kolkata,West Bengal,T-Shirt,Fashion,1,900,0.0,900.0,Debit Card,Returned,,900.0
ORD104115,2025-09-11,CUST1508,Customer 592,Mumbai,Maharashtra,Coffee Maker,Home Appliances,1,5200,0.0,5200.0,UPI,Returned,,5200.0
ORD101136,2025-05-21,CUST1003,Customer 483,Pune,Maharashtra,Keyboard,Accessories,1,2200,0.0,2200.0,Cash on Delivery,Cancelled,,2200.0
ORD102267,2025-04-19,CUST1359,Customer 646,Pune,Maharashtra,Smartphone,Electronics,1,28000,0.0,28000.0,Credit Card,Delivered,5.0,28000.0
ORD100302,2025-10-31,CUST1204,Customer 17,Mumbai,Maharashtra,Backpack,Accessories,1,1800,0.15,1530.0,Credit Card,Delivered,4.0,1530.0
ORD103880,2025-01-17,CUST1362,Customer 53,Ahmedabad,Gujarat,Laptop,Electronics,1,55000,0.15,46750.0,Credit Card,Delivered,3.0,46750.0
ORD103147,2025-11-30,CUST1472,Customer 264,Hyderabad,Telangana,Office Chair,Furniture,2,9000,0.0,18000.0,Net Banking,Returned,,18000.0
ORD102195,2025-06-22,CUST1140,Customer 306,Mumbai,Maharashtra,Backpack,Accessories,1,1800,0.05,1710.0,Net Banking,Delivered,5.0,1710.0
ORD100852,2025-01-12,CUST1091,Customer 581,Bengaluru,Karnataka,Office Chair,Furniture,1,9000,0.0,9000.0,Credit Card,Delivered,4.0,9000.0
ORD102083,2025-03-14,CUST1425,Customer 415,Chennai,Tamil Nadu,Smartphone,Electronics,2,28000,0.15,47600.0,Credit Card,Delivered,1.0,47600.0
ORD102790,2025-05-18,CUST1053,Customer 567,Mumbai,Maharashtra,Keyboard,Accessories,1,2200,0.05,2090.0,Cash on Delivery,Delivered,5.0,2090.0
ORD103774,2025-01-28,CUST1476,Customer 292,Kolkata,West Bengal,T-Shirt,Fashion,1,900,0.1,810.0,Cash on Delivery,Delivered,3.0,810.0
ORD100081,2025-10-23,CUST1630,Customer 290,Delhi,Delhi,Keyboard,Accessories,1,2200,0.0,2200.0,Cash on Delivery,Cancelled,,2200.0
ORD100884,2025-02-25,CUST1613,Customer 425,Hyderabad,Telangana,Keyboard,Accessories,2,2200,0.1,3960.0,Debit Card,Returned,,3960.0
ORD101962,2025-05-25,CUST1011,Customer 47,Ahmedabad,Gujarat,Coffee Maker,Home Appliances,1,5200,0.0,5200.0,Debit Card,Delivered,2.0,5200.0
ORD103207,2025-03-17,CUST1321,Customer 245,Jaipur,Rajasthan,Office Chair,Furniture,1,9000,0.15,7650.0,Cash on Delivery,Delivered,5.0,7650.0
ORD103434,2025-05-06,CUST1076,Customer 211,Jaipur,Rajasthan,Headphones,Electronics,1,2500,0.1,2250.0,Net Banking,Cancelled,,2250.0
ORD100980,2025-10-27,CUST1062,Customer 327,Bengaluru,Karnataka,Running Shoes,Fashion,1,4500,0.1,4050.0,Net Banking,Delivered,3.0,4050.0
ORD102545,2025-11-29,CUST1269,Customer 251,Kolkata,West Bengal,Coffee Maker,Home Appliances,1,5200,0.1,4680.0,Credit Card,Delivered,2.0,4680.0
ORD102586,2025-07-09,CUST1348,Customer 561,Kolkata,West Bengal,Keyboard,Accessories,2,2200,0.1,3960.0,Cash on Delivery,Delivered,5.0,3960.0
ORD100216,2025-02-22,CUST1078,Customer 38,Bengaluru,Karnataka,T-Shirt,Fashion,2,900,0.15,1530.0,Credit Card,Delivered,1.0,1530.0
ORD103149,2025-02-10,CUST1394,Customer 607,Ahmedabad,Gujarat,Mixer Grinder,Home Appliances,1,3800,0.0,3800.0,Cash on Delivery,Delivered,5.0,3800.0
ORD100839,2025-03-02,CUST1515,Customer 215,Hyderabad,Telangana,Running Shoes,Fashion,2,4500,0.05,8550.0,Debit Card,Delivered,2.0,8550.0
ORD102771,2025-11-09,CUST1217,Customer 77,Mumbai,Maharashtra,Keyboard,Accessories,2,2200,0.05,4180.0,Cash on Delivery,Returned,,4180.0
ORD103864,2025-03-20,CUST1120,Customer 610,Jaipur,Rajasthan,Running Shoes,Fashion,1,4500,0.1,4050.0,Credit Card,Returned,,4050.0
ORD101915,2025-01-20,CUST1256,Customer 241,Jaipur,Rajasthan,Running Shoes,Fashion,1,4500,0.0,4500.0,Cash on Delivery,Delivered,2.0,4500.0
ORD103859,2025-07-14,CUST1462,Customer 555,Chennai,Tamil Nadu,Coffee Maker,Home Appliances,1,5200,0.1,4680.0,UPI,Delivered,4.0,4680.0
ORD101687,2025-08-12,CUST1415,Customer 296,Kolkata,West Bengal,Coffee Maker,Home Appliances,1,5200,0.1,4680.0,Credit Card,Delivered,1.0,4680.0
ORD101530,2025-05-20,CUST1344,Customer 518,Kolkata,West Bengal,Smartwatch,Electronics,1,6500,0.0,6500.0,UPI,Delivered,3.0,6500.0
ORD100635,2025-07-21,CUST1581,Customer 224,Delhi,Delhi,Keyboard,Accessories,1,2200,0.1,1980.0,Net Banking,Cancelled,,1980.0
ORD102631,2025-05-15,CUST1483,Customer 189,Mumbai,Maharashtra,Coffee Maker,Home Appliances,1,5200,0.1,4680.0,Net Banking,Delivered,5.0,4680.0
ORD102354,2025-09-15,CUST1188,Customer 569,Kochi,Kerala,Headphones,Electronics,1,2500,0.1,2250.0,Debit Card,Delivered,2.0,2250.0
ORD103368,2025-03-04,CUST1536,Customer 163,Pune,Maharashtra,Desk,Furniture,1,12000,0.0,12000.0,UPI,Delivered,1.0,12000.0
ORD103527,2025-12-31,CUST1520,Customer 46,Delhi,Delhi,Mixer Grinder,Home Appliances,1,3800,0.05,3610.0,Credit Card,Delivered,2.0,3610.0
ORD103946,2025-03-11,CUST1423,Customer 531,Chennai,Tamil Nadu,Keyboard,Accessories,2,2200,0.05,4180.0,Net Banking,Delivered,2.0,4180.0
ORD101539,2025-01-11,CUST1630,Customer 548,Ahmedabad,Gujarat,Desk,Furniture,1,12000,0.0,12000.0,UPI,Delivered,2.0,12000.0
ORD101254,2025-09-04,CUST1550,Customer 468,Hyderabad,Telangana,Coffee Maker,Home Appliances,1,5200,0.0,5200.0,UPI,Delivered,4.0,5200.0
ORD100426,2025-05-24,CUST1196,Customer 262,Jaipur,Rajasthan,Office Chair,Furniture,1,9000,0.05,8550.0,Credit Card,Delivered,1.0,8550.0
ORD102905,2025-07-17,CUST1511,Customer 336,Jaipur,Rajasthan,Laptop,Electronics,1,55000,0.05,52250.0,UPI,Delivered,2.0,52250.0
ORD103886,2025-01-25,CUST1240,Customer 286,Hyderabad,Telangana,Headphones,Electronics,1,2500,0.0,2500.0,Credit Card,Cancelled,,2500.0
ORD100230,2025-04-08,CUST1537,Customer 146,Ahmedabad,Gujarat,Desk,Furniture,1,12000,0.1,10800.0,Net Banking,Returned,,10800.0
ORD104081,2025-05-13,CUST1106,Customer 641,Ahmedabad,Gujarat,Headphones,Electronics,1,2500,0.05,2375.0,UPI,Delivered,4.0,2375.0
ORD103406,2025-02-14,CUST1122,Customer 497,Kolkata,West Bengal,Mixer Grinder,Home Appliances,1,3800,0.15,3230.0,Net Banking,Cancelled,,3230.0
ORD103002,2025-01-16,CUST1551,Customer 530,Mumbai,Maharashtra,Coffee Maker,Home Appliances,1,5200,0.0,5200.0,UPI,Returned,,5200.0
ORD102152,2025-10-08,CUST1450,Customer 626,Delhi,Delhi,Running Shoes,Fashion,1,4500,0.0,4500.0,Credit Card,Delivered,5.0,4500.0
ORD101327,2025-10-05,CUST1055,Customer 77,Kochi,Kerala,Desk,Furniture,1,12000,0.0,12000.0,Debit Card,Delivered,5.0,12000.0
ORD101206,2025-06-26,CUST1298,Customer 606,Pune,Maharashtra,Desk,Furniture,1,12000,0.05,11400.0,Cash on Delivery,Delivered,5.0,11400.0
ORD103460,2025-05-05,CUST1611,Customer 616,Kolkata,West Bengal,Mixer Grinder,Home Appliances,1,3800,0.0,3800.0,UPI,Delivered,1.0,3800.0
ORD104137,2025-02-07,CUST1081,Customer 444,Ahmedabad,Gujarat,Smartphone,Electronics,1,28000,0.0,28000.0,Net Banking,Delivered,5.0,28000.0
ORD100475,2025-08-06,CUST1633,Customer 319,Kochi,Kerala,Smartphone,Electronics,2,28000,0.1,50400.0,Cash on Delivery,Returned,,50400.0
ORD101480,2025-05-11,CUST1210,Customer 272,Hyderabad,Telangana,Keyboard,Accessories,2,2200,0.15,3740.0,Net Banking,Delivered,4.0,3740.0
ORD101053,2025-03-30,CUST1573,Customer 600,Hyderabad,Telangana,Coffee Maker,Home Appliances,1,5200,0.1,4680.0,Debit Card,Cancelled,,4680.0
ORD100570,2025-08-21,CUST1425,Customer 192,Hyderabad,Telangana,Smartwatch,Electronics,2,6500,0.1,11700.0,Cash on Delivery,Delivered,4.0,11700.0
ORD100106,2025-10-16,CUST1075,Customer 3,Delhi,Delhi,Laptop,Electronics,1,55000,0.0,55000.0,Net Banking,Delivered,5.0,55000.0
ORD102202,2025-08-08,CUST1536,Customer 634,Ahmedabad,Gujarat,Running Shoes,Fashion,2,4500,0.0,9000.0,UPI,Returned,,9000.0
ORD104185,2025-03-22,CUST1544,Customer 356,Pune,Maharashtra,Smartphone,Electronics,1,28000,0.05,26600.0,Debit Card,Delivered,5.0,26600.0
ORD100254,2025-09-24,CUST1052,Customer 45,Pune,Maharashtra,Backpack,Accessories,1,1800,0.15,1530.0,Cash on Delivery,Delivered,2.0,1530.0
ORD101972,2025-10-14,CUST1501,Customer 593,Kolkata,West Bengal,Backpack,Accessories,1,1800,0.05,1710.0,Credit Card,Delivered,3.0,1710.0
ORD101423,2025-12-20,CUST1353,Customer 183,Hyderabad,Telangana,Laptop,Electronics,1,55000,0.05,52250.0,Cash on Delivery,Delivered,5.0,52250.0
ORD101287,2025-10-12,CUST1302,Customer 257,Mumbai,Maharashtra,Desk,Furniture,1,12000,0.0,12000.0,Net Banking,Delivered,1.0,12000.0
ORD102196,2025-12-28,CUST1083,Customer 334,Hyderabad,Telangana,Running Shoes,Fashion,1,4500,0.15,3825.0,Cash on Delivery,Cancelled,,3825.0
ORD103355,2025-04-09,CUST1631,Customer 621,Delhi,Delhi,Smartwatch,Electronics,1,6500,0.0,6500.0,Debit Card,Cancelled,,6500.0
ORD103051,2025-03-16,CUST1518,Customer 300,Chennai,Tamil Nadu,Headphones,Electronics,1,2500,0.15,2125.0,Debit Card,Cancelled,,2125.0
ORD101764,2025-11-05,CUST1290,Customer 380,Chennai,Tamil Nadu,Smartwatch,Electronics,1,6500,0.0,6500.0,Net Banking,Delivered,3.0,6500.0
ORD102689,2025-04-22,CUST1092,Customer 368,Chennai,Tamil Nadu,Mixer Grinder,Home Appliances,1,3800,0.1,3420.0,Net Banking,Delivered,3.0,3420.0
ORD101313,2025-08-03,CUST1297,Customer 455,Mumbai,Maharashtra,Running Shoes,Fashion,1,4500,0.2,3600.0,UPI,Returned,,3600.0
ORD103568,2025-06-12,CUST1343,Customer 218,Jaipur,Rajasthan,Mixer Grinder,Home Appliances,1,3800,0.0,3800.0,UPI,Delivered,5.0,3800.0
ORD103558,2025-07-23,CUST1368,Customer 287,Chennai,Tamil Nadu,Smartphone,Electronics,1,28000,0.15,23800.0,Debit Card,Delivered,5.0,23800.0
ORD103735,2025-10-20,CUST1629,Customer 275,Hyderabad,Telangana,Desk,Furniture,1,12000,0.1,10800.0,Cash on Delivery,Delivered,5.0,10800.0
ORD103285,2025-10-28,CUST1283,Customer 639,Ahmedabad,Gujarat,Mixer Grinder,Home Appliances,2,3800,0.0,7600.0,Net Banking,Cancelled,,7600.0
ORD103734,2025-05-20,CUST1320,Customer 248,Kochi,Kerala,Coffee Maker,Home Appliances,2,5200,0.1,9360.0,Debit Card,Cancelled,,9360.0
ORD100391,2025-11-18,CUST1591,Customer 91,Bengaluru,Karnataka,Office Chair,Furniture,1,9000,0.1,8100.0,Net Banking,Delivered,4.0,8100.0
ORD103480,2025-04-11,CUST1319,Customer 227,Jaipur,Rajasthan,T-Shirt,Fashion,1,900,0.05,855.0,Net Banking,Delivered,4.0,855.0
ORD103964,2025-12-24,CUST1322,Customer 443,Hyderabad,Telangana,Office Chair,Furniture,2,9000,0.0,18000.0,Credit Card,Delivered,5.0,18000.0
ORD100007,2025-01-21,CUST1089,Customer 512,Bengaluru,Karnataka,Keyboard,Accessories,1,2200,0.1,1980.0,Net Banking,Cancelled,,1980.0
ORD103445,2025-11-05,CUST1387,Customer 254,Mumbai,Maharashtra,Running Shoes,Fashion,3,4500,0.05,12825.0,Net Banking,Delivered,2.0,12825.0
ORD102519,2025-05-09,CUST1216,Customer 321,Delhi,Delhi,Backpack,Accessories,1,1800,0.15,1530.0,Net Banking,Delivered,5.0,1530.0
ORD100661,2025-11-13,CUST1633,Customer 602,Kochi,Kerala,Office Chair,Furniture,2,9000,0.05,17100.0,Net Banking,Delivered,1.0,17100.0
ORD103829,2025-08-10,CUST1060,Customer 312,Mumbai,Maharashtra,Smartwatch,Electronics,1,6500,0.1,5850.0,Credit Card,Delivered,1.0,5850.0
ORD102281,2025-05-10,CUST1157,Customer 80,Mumbai,Maharashtra,Backpack,Accessories,1,1800,0.0,1800.0,Net Banking,Returned,,1800.0
ORD100185,2025-06-14,CUST1228,Customer 520,Delhi,Delhi,Office Chair,Furniture,1,9000,0.0,9000.0,Net Banking,Delivered,5.0,9000.0
ORD103423,2025-05-04,CUST1035,Customer 535,Mumbai,Maharashtra,T-Shirt,Fashion,2,900,0.0,1800.0,Cash on Delivery,Delivered,5.0,1800.0
ORD103150,2025-07-15,CUST1530,Customer 187,Pune,Maharashtra,Running Shoes,Fashion,1,4500,0.05,4275.0,Net Banking,Returned,,4275.0
ORD101202,2025-02-18,CUST1016,Customer 277,Mumbai,Maharashtra,Backpack,Accessories,1,1800,0.1,1620.0,Cash on Delivery,Delivered,3.0,1620.0
ORD103276,2025-01-01,CUST1049,Customer 426,Kochi,Kerala,Backpack,Accessories,1,1800,0.2,1440.0,Credit Card,Delivered,2.0,1440.0
ORD100274,2025-10-31,CUST1048,Unknown Customer,Delhi,Delhi,Laptop,Electronics,1,55000,0.0,55000.0,Cash on Delivery,Delivered,3.0,55000.0
ORD101689,2025-03-01,CUST1589,Customer 477,Hyderabad,Telangana,Backpack,Accessories,1,1800,0.1,1620.0,Debit Card,Returned,,1620.0
ORD101424,2025-01-12,CUST1377,Customer 640,Kolkata,West Bengal,Desk,Furniture,2,12000,0.1,21600.0,Credit Card,Delivered,3.0,21600.0
ORD102668,2025-08-17,CUST1077,Customer 550,Hyderabad,Telangana,Running Shoes,Fashion,3,4500,0.15,11475.0,Debit Card,Cancelled,,11475.0
ORD102165,2025-06-06,CUST1509,Customer 580,Mumbai,Maharashtra,Headphones,Electronics,1,2500,0.0,2500.0,Cash on Delivery,Delivered,2.0,2500.0
ORD101284,2025-05-27,CUST1077,Customer 18,Delhi,Delhi,Running Shoes,Fashion,1,4500,0.15,3825.0,UPI,Delivered,1.0,3825.0
ORD102344,2025-02-07,CUST1372,Customer 36,Bengaluru,Karnataka,Smartwatch,Electronics,1,6500,0.15,5525.0,Debit Card,Returned,,5525.0
ORD101768,2025-06-23,CUST1498,Customer 537,Delhi,Delhi,Laptop,Electronics,1,55000,0.0,55000.0,Credit Card,Delivered,5.0,55000.0
ORD104001,2025-06-20,CUST1026,Customer 393,Pune,Maharashtra,Headphones,Electronics,1,2500,0.0,2500.0,Debit Card,Delivered,5.0,2500.0
ORD103702,2025-06-11,CUST1278,Customer 190,Jaipur,Rajasthan,Smartphone,Electronics,2,28000,0.0,56000.0,Debit Card,Cancelled,,56000.0
ORD100828,2025-04-05,CUST1416,Customer 600,Delhi,Delhi,T-Shirt,Fashion,1,900,0.2,720.0,UPI,Delivered,3.0,720.0
ORD102169,2025-05-16,CUST1233,Customer 71,Jaipur,Rajasthan,Keyboard,Accessories,1,2200,0.1,1980.0,Cash on Delivery,Cancelled,,1980.0
ORD101056,2025-10-22,CUST1422,Customer 598,Bengaluru,Karnataka,Laptop,Electronics,1,55000,0.05,52250.0,Cash on Delivery,Delivered,4.0,52250.0
ORD100981,2025-05-13,CUST1189,Customer 356,Mumbai,Maharashtra,Headphones,Electronics,2,2500,0.1,4500.0,Credit Card,Returned,,4500.0
ORD102906,2025-04-08,CUST1022,Customer 220,Bengaluru,Karnataka,Running Shoes,Fashion,1,4500,0.05,4275.0,Debit Card,Delivered,5.0,4275.0
ORD102712,2025-01-20,CUST1200,Customer 236,Ahmedabad,Gujarat,Coffee Maker,Home Appliances,1,5200,0.1,4680.0,Cash on Delivery,Returned,,4680.0
ORD102567,2025-11-16,CUST1246,Customer 177,Ahmedabad,Gujarat,Mixer Grinder,Home Appliances,1,3800,0.1,3420.0,Cash on Delivery,Delivered,2.0,3420.0
ORD100721,2025-01-05,CUST1637,Customer 112,Hyderabad,Telangana,Laptop,Electronics,1,55000,0.1,49500.0,UPI,Returned,,49500.0
ORD100469,2025-08-08,CUST1285,Customer 484,Bengaluru,Karnataka,T-Shirt,Fashion,1,900,0.05,855.0,Debit Card,Delivered,4.0,855.0
ORD101859,2025-09-08,CUST1544,Customer 110,Pune,Maharashtra,Desk,Furniture,1,12000,0.0,12000.0,Cash on Delivery,Delivered,2.0,12000.0
ORD102093,2025-11-20,CUST1089,Unknown Customer,Jaipur,Rajasthan,Keyboard,Accessories,1,2200,0.1,1980.0,UPI,Cancelled,,1980.0
ORD101778,2025-08-10,CUST1412,Customer 183,Kochi,Kerala,Smartwatch,Electronics,1,6500,0.1,5850.0,UPI,Returned,,5850.0
ORD103790,2025-10-30,CUST1057,Customer 249,Pune,Maharashtra,Backpack,Accessories,1,1800,0.1,1620.0,Net Banking,Cancelled,,1620.0
ORD100127,2025-05-11,CUST1505,Customer 244,Delhi,Delhi,Desk,Furniture,1,12000,0.0,12000.0,Credit Card,Returned,,12000.0
ORD103592,2025-02-04,CUST1476,Customer 317,Pune,Maharashtra,T-Shirt,Fashion,1,900,0.05,855.0,UPI,Delivered,5.0,855.0
ORD101987,2025-06-20,CUST1630,Customer 95,Hyderabad,Telangana,Laptop,Electronics,1,55000,0.05,52250.0,UPI,Returned,,52250.0
ORD100652,2025-07-10,CUST1120,Customer 573,Ahmedabad,Gujarat,Backpack,Accessories,1,1800,0.15,1530.0,Cash on Delivery,Cancelled,,1530.0
ORD100235,2025-07-20,CUST1346,Customer 81,Jaipur,Rajasthan,Office Chair,Furniture,1,9000,0.1,8100.0,Net Banking,Delivered,3.0,8100.0
ORD101405,2025-06-03,CUST1574,Customer 93,Delhi,Delhi,Office Chair,Furniture,1,9000,0.05,8550.0,Net Banking,Delivered,4.0,8550.0
ORD103302,2025-06-10,CUST1533,Customer 502,Ahmedabad,Gujarat,Smartwatch,Electronics,1,6500,0.05,6175.0,Credit Card,Delivered,2.0,6175.0
ORD102763,2025-07-02,CUST1377,Customer 32,Hyderabad,Telangana,Keyboard,Accessories,1,2200,0.1,1980.0,UPI,Delivered,4.0,1980.0
ORD100199,2025-09-25,CUST1028,Customer 475,Kochi,Kerala,Laptop,Electronics,1,55000,0.2,44000.0,Net Banking,Cancelled,,44000.0
ORD103746,2025-08-15,CUST1447,Unknown Customer,Kolkata,West Bengal,Smartwatch,Electronics,1,6500,0.0,6500.0,Debit Card,Delivered,2.0,6500.0
ORD102095,2025-04-12,CUST1444,Customer 234,Ahmedabad,Gujarat,Smartwatch,Electronics,1,6500,0.2,5200.0,UPI,Cancelled,,5200.0
ORD103584,2025-08-20,CUST1231,Customer 12,Kochi,Kerala,Smartwatch,Electronics,1,6500,0.15,5525.0,Net Banking,Delivered,1.0,5525.0
ORD100775,2025-08-24,CUST1107,Customer 111,Delhi,Delhi,Smartphone,Electronics,1,28000,0.0,28000.0,Cash on Delivery,Delivered,2.0,28000.0
ORD101098,2025-06-08,CUST1038,Customer 97,Hyderabad,Telangana,Smartphone,Electronics,2,28000,0.05,53200.0,Net Banking,Returned,,53200.0
ORD102186,2025-03-12,CUST1457,Customer 361,Kochi,Kerala,T-Shirt,Fashion,1,900,0.05,855.0,Cash on Delivery,Delivered,5.0,855.0
ORD102381,2025-12-02,CUST1499,Customer 265,Jaipur,Rajasthan,Headphones,Electronics,1,2500,0.1,2250.0,Net Banking,Cancelled,,2250.0
ORD104190,2025-04-06,CUST1341,Customer 46,Mumbai,Maharashtra,Keyboard,Accessories,2,2200,0.15,3740.0,Credit Card,Delivered,5.0,3740.0
ORD100694,2025-07-05,CUST1002,Customer 168,Ahmedabad,Gujarat,Office Chair,Furniture,2,9000,0.1,16200.0,Cash on Delivery,Cancelled,,16200.0
ORD102959,2025-10-06,CUST1483,Customer 367,Jaipur,Rajasthan,T-Shirt,Fashion,1,900,0.15,765.0,UPI,Delivered,5.0,765.0
ORD100043,2025-11-03,CUST1138,Customer 433,Jaipur,Rajasthan,Desk,Furniture,1,12000,0.1,10800.0,UPI,Delivered,5.0,10800.0
ORD102955,2025-02-11,CUST1628,Customer 395,Delhi,Delhi,T-Shirt,Fashion,1,900,0.05,855.0,Cash on Delivery,Delivered,2.0,855.0
ORD101095,2025-12-19,CUST1216,Customer 349,Hyderabad,Telangana,Desk,Furniture,2,12000,0.0,24000.0,Net Banking,Delivered,2.0,24000.0
ORD101448,2025-05-23,CUST1343,Customer 601,Jaipur,Rajasthan,Headphones,Electronics,1,2500,0.05,2375.0,Credit Card,Returned,,2375.0
ORD103618,2025-05-24,CUST1358,Customer 588,Jaipur,Rajasthan,Smartphone,Electronics,1,28000,0.05,26600.0,Cash on Delivery,Delivered,4.0,26600.0
ORD100249,2025-05-08,CUST1599,Customer 219,Delhi,Delhi,Desk,Furniture,1,12000,0.05,11400.0,Debit Card,Delivered,4.0,11400.0
ORD100709,2025-02-04,CUST1550,Customer 318,Delhi,Delhi,Laptop,Electronics,1,55000,0.2,44000.0,UPI,Returned,,44000.0
ORD101180,2025-03-16,CUST1420,Customer 566,Chennai,Tamil Nadu,Keyboard,Accessories,1,2200,0.0,2200.0,Net Banking,Delivered,5.0,2200.0
ORD103344,2025-08-01,CUST1166,Customer 214,Kochi,Kerala,Smartphone,Electronics,2,28000,0.0,56000.0,UPI,Delivered,5.0,56000.0
ORD102127,2025-10-09,CUST1306,Customer 626,Kolkata,West Bengal,Mixer Grinder,Home Appliances,1,3800,0.1,3420.0,Cash on Delivery,Cancelled,,3420.0
ORD101450,2025-12-31,CUST1008,Customer 462,Jaipur,Rajasthan,Headphones,Electronics,1,2500,0.0,2500.0,UPI,Delivered,1.0,2500.0
ORD103013,2025-02-28,CUST1521,Customer 497,Bengaluru,Karnataka,Smartphone,Electronics,1,28000,0.15,23800.0,UPI,Cancelled,,23800.0
ORD103066,2025-09-05,CUST1155,Customer 140,Delhi,Delhi,Mixer Grinder,Home Appliances,1,3800,0.0,3800.0,UPI,Delivered,5.0,3800.0
ORD100224,2025-07-03,CUST1461,Customer 621,Ahmedabad,Gujarat,Laptop,Electronics,1,55000,0.15,46750.0,UPI,Delivered,4.0,46750.0
ORD103095,2025-04-25,CUST1475,Customer 353,Jaipur,Rajasthan,Backpack,Accessories,1,1800,0.0,1800.0,Debit Card,Returned,,1800.0
ORD100690,2025-12-14,CUST1505,Customer 241,Jaipur,Rajasthan,Office Chair,Furniture,1,9000,0.05,8550.0,Credit Card,Cancelled,,8550.0
ORD100665,2025-08-01,CUST1024,Customer 89,Ahmedabad,Gujarat,Running Shoes,Fashion,1,4500,0.0,4500.0,Net Banking,Delivered,2.0,4500.0
ORD102705,2025-11-08,CUST1079,Customer 415,Mumbai,Maharashtra,Headphones,Electronics,1,2500,0.05,2375.0,Cash on Delivery,Delivered,5.0,2375.0
ORD101877,2025-05-02,CUST1524,Customer 283,Pune,Maharashtra,Running Shoes,Fashion,1,4500,0.05,4275.0,Cash on Delivery,Returned,,4275.0
ORD102840,2025-06-12,CUST1314,Customer 185,Ahmedabad,Gujarat,Backpack,Accessories,1,1800,0.15,1530.0,Debit Card,Delivered,1.0,1530.0
ORD101437,2025-08-04,CUST1642,Customer 224,Bengaluru,Karnataka,Laptop,Electronics,1,55000,0.05,52250.0,Debit Card,Returned,,52250.0
ORD103345,2025-03-03,CUST1052,Customer 437,Chennai,Tamil Nadu,Mixer Grinder,Home Appliances,1,3800,0.0,3800.0,Credit Card,Returned,,3800.0
ORD101740,2025-04-02,CUST1530,Customer 244,Bengaluru,Karnataka,Desk,Furniture,1,12000,0.1,10800.0,Debit Card,Returned,,10800.0
ORD104070,2025-05-29,CUST1230,Customer 193,Pune,Maharashtra,Smartphone,Electronics,1,28000,0.05,26600.0,Net Banking,Delivered,5.0,26600.0
ORD104023,2025-05-09,CUST1186,Customer 549,Delhi,Delhi,Running Shoes,Fashion,1,4500,0.05,4275.0,Net Banking,Delivered,5.0,4275.0
ORD102758,2025-06-22,CUST1560,Customer 208,Hyderabad,Telangana,Keyboard,Accessories,1,2200,0.05,2090.0,Cash on Delivery,Delivered,3.0,2090.0
ORD100429,2025-04-16,CUST1042,Customer 492,Mumbai,Maharashtra,Smartwatch,Electronics,1,6500,0.0,6500.0,Cash on Delivery,Delivered,2.0,6500.0
ORD103704,2025-12-04,CUST1339,Customer 455,Pune,Maharashtra,Backpack,Accessories,2,1800,0.0,3600.0,UPI,Delivered,2.0,3600.0
ORD102074,2025-05-22,CUST1343,Customer 400,Pune,Maharashtra,T-Shirt,Fashion,1,900,0.1,810.0,Debit Card,Delivered,2.0,810.0
ORD102699,2025-05-01,CUST1288,Customer 33,Kolkata,West Bengal,Running Shoes,Fashion,1,4500,0.05,4275.0,Net Banking,Delivered,5.0,4275.0
ORD103541,2025-11-19,CUST1322,Customer 306,Hyderabad,Telangana,Running Shoes,Fashion,1,4500,0.0,4500.0,Cash on Delivery,Delivered,4.0,4500.0
ORD101963,2025-12-11,CUST1432,Customer 130,Kolkata,West Bengal,Desk,Furniture,1,12000,0.0,12000.0,Net Banking,Delivered,5.0,12000.0
ORD102140,2025-09-28,CUST1271,Customer 121,Hyderabad,Telangana,Smartwatch,Electronics,1,6500,0.0,6500.0,Cash on Delivery,Cancelled,,6500.0
ORD101017,2025-09-22,CUST1525,Customer 440,Delhi,Delhi,Office Chair,Furniture,1,9000,0.0,9000.0,Net Banking,Returned,,9000.0
ORD101728,2025-10-12,CUST1223,Customer 196,Kolkata,West Bengal,Headphones,Electronics,1,2500,0.1,2250.0,Debit Card,Delivered,1.0,2250.0
ORD102277,2025-07-15,CUST1327,Customer 37,Kolkata,West Bengal,Coffee Maker,Home Appliances,1,5200,0.15,4420.0,Cash on Delivery,Delivered,5.0,4420.0
ORD102425,2025-12-15,CUST1394,Customer 461,Kochi,Kerala,Desk,Furniture,1,12000,0.0,12000.0,Cash on Delivery,Cancelled,,12000.0
ORD102591,2025-05-20,CUST1400,Customer 603,Delhi,Delhi,Laptop,Electronics,1,55000,0.0,55000.0,Credit Card,Delivered,3.0,55000.0
ORD101124,2025-09-11,CUST1232,Customer 402,Kolkata,West Bengal,Laptop,Electronics,2,55000,0.1,99000.0,Net Banking,Cancelled,,99000.0
ORD104196,2025-03-22,CUST1549,Customer 650,Kochi,Kerala,Laptop,Electronics,1,55000,0.15,46750.0,Credit Card,Delivered,3.0,46750.0
ORD102961,2025-06-27,CUST1555,Customer 621,Chennai,Tamil Nadu,Headphones,Electronics,1,2500,0.1,2250.0,Debit Card,Cancelled,,2250.0
ORD100598,2025-11-27,CUST1566,Customer 395,Chennai,Tamil Nadu,Headphones,Electronics,1,2500,0.2,2000.0,Cash on Delivery,Delivered,1.0,2000.0
ORD101726,2025-02-08,CUST1449,Customer 37,Jaipur,Rajasthan,Laptop,Electronics,1,55000,0.0,55000.0,Debit Card,Delivered,3.0,55000.0
ORD103391,2025-11-01,CUST1358,Customer 456,Ahmedabad,Gujarat,Running Shoes,Fashion,1,4500,0.15,3825.0,Credit Card,Delivered,2.0,3825.0
ORD100588,2025-06-30,CUST1409,Customer 340,Mumbai,Maharashtra,Smartwatch,Electronics,1,6500,0.0,6500.0,UPI,Delivered,5.0,6500.0
ORD100667,2025-09-09,CUST1102,Customer 556,Mumbai,Maharashtra,Backpack,Accessories,2,1800,0.1,3240.0,Net Banking,Delivered,1.0,3240.0
ORD100018,2025-11-05,CUST1526,Customer 347,Hyderabad,Telangana,Laptop,Electronics,1,55000,0.0,55000.0,Net Banking,Cancelled,,55000.0
ORD103858,2025-04-14,CUST1391,Customer 319,Kochi,Kerala,Desk,Furniture,1,12000,0.2,9600.0,Cash on Delivery,Delivered,1.0,9600.0
ORD101956,2025-01-14,CUST1498,Customer 462,Ahmedabad,Gujarat,Office Chair,Furniture,2,9000,0.0,18000.0,Credit Card,Returned,,18000.0
ORD102882,2025-08-06,CUST1533,Customer 646,Kolkata,West Bengal,Coffee Maker,Home Appliances,1,5200,0.15,4420.0,Debit Card,Returned,,4420.0
ORD102113,2025-05-23,CUST1642,Customer 526,Pune,Maharashtra,T-Shirt,Fashion,1,900,0.1,810.0,UPI,Delivered,4.0,810.0
ORD101255,2025-11-19,CUST1154,Customer 133,Kochi,Kerala,Desk,Furniture,1,12000,0.1,10800.0,Debit Card,Delivered,2.0,10800.0
ORD103466,2025-09-09,CUST1282,Customer 612,Jaipur,Rajasthan,Smartwatch,Electronics,1,6500,0.05,6175.0,UPI,Delivered,3.0,6175.0
ORD102953,2025-02-13,CUST1541,Customer 627,Ahmedabad,Gujarat,Headphones,Electronics,1,2500,0.05,2375.0,Credit Card,Returned,,2375.0
ORD102205,2025-09-28,CUST1341,Customer 341,Kochi,Kerala,Office Chair,Furniture,1,9000,0.15,7650.0,UPI,Cancelled,,7650.0
ORD101498,2025-09-04,CUST1261,Customer 545,Mumbai,Maharashtra,Mixer Grinder,Home Appliances,1,3800,0.0,3800.0,Unknown,Delivered,4.0,3800.0
ORD101344,2025-02-03,CUST1649,Customer 315,Hyderabad,Telangana,Mixer Grinder,Home Appliances,1,3800,0.0,3800.0,Cash on Delivery,Cancelled,,3800.0
ORD101770,2025-07-18,CUST1316,Customer 500,Kolkata,West Bengal,Keyboard,Accessories,2,2200,0.0,4400.0,Debit Card,Delivered,4.0,4400.0
ORD100646,2025-05-28,CUST1110,Customer 553,Kochi,Kerala,T-Shirt,Fashion,1,900,0.05,855.0,Net Banking,Delivered,2.0,855.0
ORD100457,2025-07-08,CUST1413,Customer 537,Pune,Maharashtra,T-Shirt,Fashion,2,900,0.0,1800.0,Cash on Delivery,Delivered,3.0,1800.0
ORD102034,2025-08-11,CUST1632,Customer 237,Hyderabad,Telangana,Keyboard,Accessories,1,2200,0.05,2090.0,Cash on Delivery,Delivered,3.0,2090.0
ORD101319,2025-01-14,CUST1600,Customer 465,Kolkata,West Bengal,Smartwatch,Electronics,1,6500,0.05,6175.0,UPI,Returned,,6175.0
ORD103277,2025-06-17,CUST1056,Customer 456,Delhi,Delhi,Office Chair,Furniture,2,9000,0.2,14400.0,Cash on Delivery,Cancelled,,14400.0
ORD100813,2025-12-06,CUST1257,Customer 43,Bengaluru,Karnataka,Laptop,Electronics,1,55000,0.1,49500.0,Credit Card,Returned,,49500.0
ORD100309,2025-08-26,CUST1079,Customer 169,Bengaluru,Karnataka,Office Chair,Furniture,1,9000,0.0,9000.0,Credit Card,Delivered,4.0,9000.0
ORD101007,2025-06-21,CUST1478,Customer 414,Mumbai,Maharashtra,Headphones,Electronics,1,2500,0.0,2500.0,Debit Card,Delivered,2.0,2500.0
ORD103174,2025-10-03,CUST1178,Customer 276,Kolkata,West Bengal,Desk,Furniture,1,12000,0.0,12000.0,Credit Card,Delivered,2.0,12000.0
ORD103945,2025-06-05,CUST1507,Customer 95,Mumbai,Maharashtra,Running Shoes,Fashion,2,4500,0.1,8100.0,Credit Card,Delivered,1.0,8100.0
ORD103684,2025-04-06,CUST1229,Customer 30,Chennai,Tamil Nadu,Smartphone,Electronics,1,28000,0.2,22400.0,UPI,Returned,,22400.0
ORD104037,2025-12-12,CUST1296,Customer 236,Ahmedabad,Gujarat,Smartphone,Electronics,2,28000,0.05,53200.0,UPI,Delivered,4.0,53200.0
ORD103101,2025-12-20,CUST1648,Customer 128,Ahmedabad,Gujarat,Smartphone,Electronics,2,28000,0.0,56000.0,Debit Card,Delivered,5.0,56000.0
ORD103339,2025-08-23,CUST1151,Customer 261,Kochi,Kerala,Smartphone,Electronics,2,28000,0.1,50400.0,Credit Card,Delivered,3.0,50400.0
ORD104089,2025-08-09,CUST1251,Customer 510,Chennai,Tamil Nadu,Backpack,Accessories,3,1800,0.0,5400.0,Net Banking,Delivered,1.0,5400.0
ORD101886,2025-07-02,CUST1087,Customer 101,Hyderabad,Telangana,Coffee Maker,Home Appliances,2,5200,0.0,10400.0,UPI,Delivered,3.0,10400.0
ORD102931,2025-02-18,CUST1152,Customer 363,Ahmedabad,Gujarat,Mixer Grinder,Home Appliances,1,3800,0.0,3800.0,Cash on Delivery,Returned,,3800.0
ORD102967,2025-01-08,CUST1280,Customer 244,Chennai,Tamil Nadu,Running Shoes,Fashion,1,4500,0.05,4275.0,Debit Card,Delivered,2.0,4275.0
ORD103574,2025-01-30,CUST1219,Customer 518,Kolkata,West Bengal,Office Chair,Furniture,1,9000,0.2,7200.0,Net Banking,Delivered,4.0,7200.0
ORD101238,2025-05-12,CUST1576,Customer 633,Mumbai,Maharashtra,Desk,Furniture,1,12000,0.0,12000.0,Debit Card,Delivered,2.0,12000.0
ORD101226,2025-05-24,CUST1533,Customer 420,Mumbai,Maharashtra,Desk,Furniture,1,12000,0.1,10800.0,UPI,Delivered,4.0,10800.0
ORD102565,2025-12-18,CUST1018,Customer 107,Jaipur,Rajasthan,Running Shoes,Fashion,1,4500,0.05,4275.0,UPI,Returned,,4275.0
ORD100920,2025-03-09,CUST1335,Customer 18,Ahmedabad,Gujarat,Running Shoes,Fashion,1,4500,0.05,4275.0,Debit Card,Cancelled,,4275.0
ORD101929,2025-08-31,CUST1567,Customer 405,Kochi,Kerala,Office Chair,Furniture,2,9000,0.0,18000.0,Unknown,Delivered,1.0,18000.0
ORD101619,2025-12-15,CUST1339,Customer 171,Bengaluru,Karnataka,Laptop,Electronics,1,55000,0.05,52250.0,Credit Card,Delivered,2.0,52250.0
ORD100085,2025-12-04,CUST1606,Customer 431,Mumbai,Maharashtra,Office Chair,Furniture,1,9000,0.0,9000.0,Debit Card,Cancelled,,9000.0
ORD102383,2025-01-14,CUST1136,Customer 158,Bengaluru,Karnataka,Smartwatch,Electronics,1,6500,0.1,5850.0,Credit Card,Delivered,3.0,5850.0
ORD100674,2025-08-21,CUST1020,Customer 215,Hyderabad,Telangana,Desk,Furniture,1,12000,0.0,12000.0,Debit Card,Returned,,12000.0
ORD103600,2025-12-24,CUST1081,Customer 412,Chennai,Tamil Nadu,Running Shoes,Fashion,2,4500,0.05,8550.0,Net Banking,Delivered,5.0,8550.0
ORD103963,2025-11-07,CUST1091,Customer 436,Kolkata,West Bengal,Office Chair,Furniture,1,9000,0.1,8100.0,Net Banking,Delivered,5.0,8100.0
ORD104170,2025-08-02,CUST1477,Customer 229,Mumbai,Maharashtra,Mixer Grinder,Home Appliances,1,3800,0.0,3800.0,Debit Card,Returned,,3800.0
ORD103516,2025-07-22,CUST1112,Customer 149,Hyderabad,Telangana,Office Chair,Furniture,2,9000,0.1,16200.0,Cash on Delivery,Returned,,16200.0
ORD103959,2025-12-23,CUST1031,Customer 621,Hyderabad,Telangana,Smartwatch,Electronics,1,6500,0.0,6500.0,Cash on Delivery,Returned,,6500.0
ORD101089,2025-03-27,CUST1453,Customer 404,Kolkata,West Bengal,Office Chair,Furniture,3,9000,0.05,25650.0,Cash on Delivery,Delivered,4.0,25650.0
ORD100620,2025-11-17,CUST1110,Customer 328,Chennai,Tamil Nadu,Headphones,Electronics,2,2500,0.1,4500.0,Cash on Delivery,Delivered,5.0,4500.0
ORD103043,2025-07-09,CUST1615,Customer 616,Kolkata,West Bengal,Laptop,Electronics,1,55000,0.15,46750.0,Net Banking,Cancelled,,46750.0
ORD102865,2025-05-07,CUST1362,Customer 260,Chennai,Tamil Nadu,Mixer Grinder,Home Appliances,1,3800,0.0,3800.0,Credit Card,Delivered,4.0,3800.0
ORD101215,2025-09-14,CUST1352,Customer 573,Chennai,Tamil Nadu,Running Shoes,Fashion,1,4500,0.05,4275.0,UPI,Delivered,1.0,4275.0
ORD101703,2025-01-22,CUST1134,Customer 157,Kolkata,West Bengal,Desk,Furniture,2,12000,0.0,24000.0,UPI,Delivered,3.0,24000.0
ORD102066,2025-03-17,CUST1566,Customer 575,Pune,Maharashtra,Backpack,Accessories,1,1800,0.1,1620.0,UPI,Delivered,4.0,1620.0
ORD100784,2025-12-07,CUST1172,Customer 318,Ahmedabad,Gujarat,Mixer Grinder,Home Appliances,1,3800,0.0,3800.0,Net Banking,Returned,,3800.0
ORD103275,2025-02-14,CUST1208,Customer 74,Pune,Maharashtra,Running Shoes,Fashion,2,4500,0.1,8100.0,Net Banking,Delivered,5.0,8100.0
ORD102609,2025-05-04,CUST1450,Customer 240,Ahmedabad,Gujarat,T-Shirt,Fashion,1,900,0.0,900.0,Net Banking,Delivered,2.0,900.0
ORD102517,2025-01-17,CUST1437,Customer 301,Jaipur,Rajasthan,T-Shirt,Fashion,2,900,0.0,1800.0,Debit Card,Returned,,1800.0
ORD101580,2025-08-15,CUST1085,Customer 590,Kolkata,West Bengal,Smartphone,Electronics,2,28000,0.2,44800.0,Cash on Delivery,Delivered,3.0,44800.0
ORD103453,2025-01-21,CUST1024,Customer 133,Jaipur,Rajasthan,T-Shirt,Fashion,1,900,0.0,900.0,Credit Card,Returned,,900.0
ORD103982,2025-12-18,CUST1510,Customer 186,Pune,Maharashtra,Office Chair,Furniture,1,9000,0.1,8100.0,Debit Card,Delivered,1.0,8100.0
ORD102871,2025-07-18,CUST1578,Customer 38,Kolkata,West Bengal,Smartwatch,Electronics,1,6500,0.1,5850.0,Debit Card,Delivered,1.0,5850.0
ORD102900,2025-06-18,CUST1208,Customer 174,Bengaluru,Karnataka,Running Shoes,Fashion,2,4500,0.0,9000.0,UPI,Delivered,2.0,9000.0
ORD100625,2025-10-28,CUST1136,Customer 74,Ahmedabad,Gujarat,Desk,Furniture,1,12000,0.0,12000.0,Credit Card,Delivered,3.0,12000.0
ORD101366,2025-02-15,CUST1058,Customer 155,Jaipur,Rajasthan,Running Shoes,Fashion,1,4500,0.15,3825.0,Cash on Delivery,Delivered,3.0,3825.0
ORD102221,2025-04-10,CUST1066,Customer 144,Delhi,Delhi,Running Shoes,Fashion,1,4500,0.15,3825.0,Net Banking,Delivered,1.0,3825.0
ORD102182,2025-04-18,CUST1077,Customer 489,Delhi,Delhi,Headphones,Electronics,2,2500,0.0,5000.0,Net Banking,Delivered,5.0,5000.0
ORD103999,2025-06-05,CUST1645,Customer 488,Hyderabad,Telangana,T-Shirt,Fashion,2,900,0.0,1800.0,Net Banking,Returned,,1800.0
ORD103388,2025-06-06,CUST1054,Customer 223,Hyderabad,Telangana,Running Shoes,Fashion,1,4500,0.1,4050.0,Net Banking,Delivered,5.0,4050.0
ORD102802,2025-09-02,CUST1257,Customer 136,Kolkata,West Bengal,Laptop,Electronics,1,55000,0.1,49500.0,Cash on Delivery,Returned,,49500.0
ORD103440,2025-06-14,CUST1487,Customer 548,Delhi,Delhi,Coffee Maker,Home Appliances,2,5200,0.0,10400.0,Debit Card,Delivered,1.0,10400.0
ORD100355,2025-08-11,CUST1047,Customer 626,Delhi,Delhi,Laptop,Electronics,1,55000,0.1,49500.0,Debit Card,Delivered,5.0,49500.0
ORD102551,2025-01-17,CUST1093,Customer 649,Delhi,Delhi,Smartphone,Electronics,1,28000,0.2,22400.0,UPI,Delivered,3.0,22400.0
ORD101268,2025-04-06,CUST1094,Customer 469,Delhi,Delhi,T-Shirt,Fashion,2,900,0.0,1800.0,Cash on Delivery,Returned,,1800.0
ORD103057,2025-04-18,CUST1057,Customer 135,Kolkata,West Bengal,Keyboard,Accessories,2,2200,0.1,3960.0,UPI,Delivered,3.0,3960.0
ORD100459,2025-03-10,CUST1196,Customer 388,Kochi,Kerala,Headphones,Electronics,1,2500,0.15,2125.0,Cash on Delivery,Delivered,1.0,2125.0
ORD100009,2025-05-02,CUST1586,Customer 351,Kolkata,West Bengal,Running Shoes,Fashion,1,4500,0.0,4500.0,Net Banking,Returned,,4500.0
ORD102167,2025-06-05,CUST1296,Customer 298,Bengaluru,Karnataka,Smartphone,Electronics,1,28000,0.1,25200.0,Credit Card,Cancelled,,25200.0
ORD103675,2025-03-16,CUST1038,Customer 457,Chennai,Tamil Nadu,Office Chair,Furniture,1,9000,0.1,8100.0,UPI,Returned,,8100.0
ORD102653,2025-10-05,CUST1097,Customer 513,Kolkata,West Bengal,Smartwatch,Electronics,1,6500,0.1,5850.0,Net Banking,Cancelled,,5850.0
ORD103614,2025-03-07,CUST1205,Customer 172,Hyderabad,Telangana,Office Chair,Furniture,1,9000,0.05,8550.0,UPI,Delivered,4.0,8550.0
ORD101542,2025-08-14,CUST1477,Customer 11,Delhi,Delhi,Keyboard,Accessories,1,2200,0.2,1760.0,Net Banking,Delivered,4.0,1760.0
ORD100716,2025-11-08,CUST1518,Customer 401,Pune,Maharashtra,T-Shirt,Fashion,1,900,0.05,855.0,Net Banking,Delivered,5.0,855.0
ORD100444,2025-05-09,CUST1236,Customer 314,Mumbai,Maharashtra,Backpack,Accessories,1,1800,0.1,1620.0,UPI,Delivered,5.0,1620.0
ORD102727,2025-04-29,CUST1311,Customer 111,Mumbai,Maharashtra,Smartphone,Electronics,1,28000,0.05,26600.0,Credit Card,Delivered,1.0,26600.0
ORD102456,2025-12-25,CUST1085,Customer 322,Jaipur,Rajasthan,Running Shoes,Fashion,2,4500,0.1,8100.0,Cash on Delivery,Returned,,8100.0
ORD103518,2025-09-06,CUST1118,Customer 174,Kochi,Kerala,Smartphone,Electronics,2,28000,0.05,53200.0,Debit Card,Cancelled,,53200.0
ORD102063,2025-05-16,CUST1638,Customer 165,Kolkata,West Bengal,Headphones,Electronics,1,2500,0.0,2500.0,Cash on Delivery,Returned,,2500.0
ORD100192,2025-06-09,CUST1444,Customer 428,Jaipur,Rajasthan,Coffee Maker,Home Appliances,1,5200,0.1,4680.0,Debit Card,Delivered,5.0,4680.0
ORD102097,2025-04-12,CUST1108,Customer 71,Mumbai,Maharashtra,Keyboard,Accessories,1,2200,0.0,2200.0,Debit Card,Returned,,2200.0
ORD100425,2025-11-04,CUST1495,Customer 12,Delhi,Delhi,Laptop,Electronics,1,55000,0.0,55000.0,UPI,Delivered,4.0,55000.0
ORD101073,2025-07-17,CUST1031,Customer 223,Kochi,Kerala,Mixer Grinder,Home Appliances,2,3800,0.0,7600.0,Net Banking,Delivered,2.0,7600.0
ORD101644,2025-12-11,CUST1068,Customer 608,Chennai,Tamil Nadu,T-Shirt,Fashion,1,900,0.15,765.0,UPI,Delivered,1.0,765.0
ORD101390,2025-04-21,CUST1487,Customer 241,Jaipur,Rajasthan,Laptop,Electronics,1,55000,0.05,52250.0,Net Banking,Delivered,4.0,52250.0
ORD100182,2025-07-17,CUST1437,Customer 527,Bengaluru,Karnataka,Smartwatch,Electronics,1,6500,0.05,6175.0,Credit Card,Returned,,6175.0
ORD101681,2025-12-10,CUST1396,Customer 395,Delhi,Delhi,T-Shirt,Fashion,1,900,0.05,855.0,Debit Card,Delivered,3.0,855.0
ORD102488,2025-08-01,CUST1101,Customer 446,Kolkata,West Bengal,T-Shirt,Fashion,1,900,0.05,855.0,Credit Card,Delivered,3.0,855.0
ORD100788,2025-07-11,CUST1184,Customer 45,Delhi,Delhi,Smartphone,Electronics,1,28000,0.0,28000.0,Debit Card,Delivered,3.0,28000.0
ORD101351,2025-12-28,CUST1543,Customer 93,Delhi,Delhi,Smartphone,Electronics,1,28000,0.0,28000.0,UPI,Returned,,28000.0
ORD101491,2025-01-16,CUST1267,Customer 149,Jaipur,Rajasthan,Mixer Grinder,Home Appliances,1,3800,0.15,3230.0,Credit Card,Delivered,3.0,3230.0
ORD103537,2025-11-24,CUST1564,Customer 176,Pune,Maharashtra,Mixer Grinder,Home Appliances,1,3800,0.1,3420.0,Net Banking,Delivered,5.0,3420.0
ORD104069,2025-11-08,CUST1259,Customer 251,Mumbai,Maharashtra,Desk,Furniture,1,12000,0.15,10200.0,Cash on Delivery,Delivered,5.0,10200.0
ORD101601,2025-09-18,CUST1274,Customer 524,Kochi,Kerala,Desk,Furniture,1,12000,0.05,11400.0,Debit Card,Returned,,11400.0
ORD104097,2025-07-14,CUST1116,Customer 520,Mumbai,Maharashtra,Desk,Furniture,1,12000,0.2,9600.0,Debit Card,Cancelled,,9600.0
ORD102461,2025-08-19,CUST1559,Customer 194,Kochi,Kerala,Coffee Maker,Home Appliances,1,5200,0.05,4940.0,Cash on Delivery,Delivered,4.0,4940.0
ORD104122,2025-02-23,CUST1228,Customer 356,Mumbai,Maharashtra,Mixer Grinder,Home Appliances,1,3800,0.15,3230.0,Credit Card,Delivered,1.0,3230.0
ORD102432,2025-01-05,CUST1571,Customer 149,Bengaluru,Karnataka,Smartwatch,Electronics,1,6500,0.05,6175.0,Credit Card,Delivered,2.0,6175.0
ORD100059,2025-02-04,CUST1199,Customer 500,Kolkata,West Bengal,Running Shoes,Fashion,2,4500,0.15,7650.0,Cash on Delivery,Delivered,4.0,7650.0
ORD100523,2025-08-30,CUST1587,Customer 518,Pune,Maharashtra,Coffee Maker,Home Appliances,1,5200,0.1,4680.0,Cash on Delivery,Returned,,4680.0
ORD101901,2025-02-04,CUST1037,Customer 147,Bengaluru,Karnataka,Keyboard,Accessories,1,2200,0.1,1980.0,Debit Card,Delivered,3.0,1980.0
ORD103386,2025-05-28,CUST1518,Customer 148,Ahmedabad,Gujarat,Keyboard,Accessories,2,2200,0.0,4400.0,Debit Card,Delivered,4.0,4400.0
ORD103377,2025-06-16,CUST1538,Customer 429,Pune,Maharashtra,Laptop,Electronics,2,55000,0.05,104500.0,Cash on Delivery,Returned,,104500.0
ORD100123,2025-08-02,CUST1016,Customer 56,Chennai,Tamil Nadu,Headphones,Electronics,1,2500,0.05,2375.0,Net Banking,Delivered,1.0,2375.0
ORD101002,2025-06-10,CUST1086,Customer 16,Hyderabad,Telangana,Desk,Furniture,1,12000,0.1,10800.0,Net Banking,Cancelled,,10800.0
ORD101374,2025-10-19,CUST1021,Customer 420,Ahmedabad,Gujarat,Office Chair,Furniture,2,9000,0.05,17100.0,Debit Card,Cancelled,,17100.0
ORD100917,2025-01-13,CUST1498,Customer 85,Hyderabad,Telangana,Running Shoes,Fashion,1,4500,0.0,4500.0,Net Banking,Delivered,1.0,4500.0
ORD100827,2025-12-02,CUST1444,Customer 81,Chennai,Tamil Nadu,Headphones,Electronics,1,2500,0.05,2375.0,UPI,Delivered,1.0,2375.0
ORD100527,2025-03-31,CUST1645,Customer 394,Hyderabad,Telangana,Laptop,Electronics,2,55000,0.1,99000.0,Net Banking,Delivered,2.0,99000.0
ORD102423,2025-11-12,CUST1579,Customer 191,Chennai,Tamil Nadu,Desk,Furniture,1,12000,0.0,12000.0,Debit Card,Returned,,12000.0
ORD102002,2025-07-26,CUST1017,Customer 623,Bengaluru,Karnataka,Running Shoes,Fashion,1,4500,0.1,4050.0,Credit Card,Delivered,4.0,4050.0
ORD101547,2025-02-28,CUST1642,Customer 473,Mumbai,Maharashtra,Coffee Maker,Home Appliances,1,5200,0.1,4680.0,Credit Card,Delivered,4.0,4680.0
ORD102587,2025-09-12,CUST1630,Customer 185,Kolkata,West Bengal,Running Shoes,Fashion,1,4500,0.05,4275.0,Debit Card,Cancelled,,4275.0
ORD101137,2025-04-14,CUST1334,Customer 380,Kolkata,West Bengal,Coffee Maker,Home Appliances,1,5200,0.05,4940.0,Debit Card,Delivered,2.0,4940.0
ORD103524,2025-06-24,CUST1032,Customer 274,Kochi,Kerala,Mixer Grinder,Home Appliances,1,3800,0.0,3800.0,Cash on Delivery,Cancelled,,3800.0
ORD102573,2025-08-11,CUST1124,Customer 215,Mumbai,Maharashtra,Smartwatch,Electronics,3,6500,0.15,16575.0,Debit Card,Delivered,3.0,16575.0
ORD100279,2025-04-30,CUST1407,Customer 370,Pune,Maharashtra,Running Shoes,Fashion,1,4500,0.05,4275.0,UPI,Cancelled,,4275.0
ORD103259,2025-11-01,CUST1005,Customer 449,Jaipur,Rajasthan,Headphones,Electronics,1,2500,0.0,2500.0,Credit Card,Returned,,2500.0
ORD100883,2025-05-07,CUST1592,Customer 38,Bengaluru,Karnataka,Mixer Grinder,Home Appliances,1,3800,0.0,3800.0,Net Banking,Returned,,3800.0
ORD100738,2025-04-08,CUST1077,Customer 312,Ahmedabad,Gujarat,Mixer Grinder,Home Appliances,2,3800,0.05,7220.0,Cash on Delivery,Delivered,1.0,7220.0
ORD102746,2025-11-01,CUST1558,Customer 474,Kochi,Kerala,Smartwatch,Electronics,2,6500,0.05,12350.0,Credit Card,Returned,,12350.0
ORD104035,2025-12-25,CUST1004,Customer 109,Delhi,Delhi,Desk,Furniture,1,12000,0.1,10800.0,Cash on Delivery,Delivered,3.0,10800.0
ORD100295,2025-06-12,CUST1516,Customer 530,Kochi,Kerala,Backpack,Accessories,1,1800,0.05,1710.0,Debit Card,Delivered,4.0,1710.0
ORD100505,2025-06-01,CUST1506,Customer 130,Mumbai,Maharashtra,Smartphone,Electronics,1,28000,0.0,28000.0,Credit Card,Cancelled,,28000.0
ORD101660,2025-12-29,CUST1062,Customer 566,Mumbai,Maharashtra,Running Shoes,Fashion,2,4500,0.0,9000.0,Credit Card,Cancelled,,9000.0
ORD102120,2025-09-24,CUST1445,Customer 60,Hyderabad,Telangana,Smartwatch,Electronics,2,6500,0.0,13000.0,Net Banking,Delivered,3.0,13000.0
ORD101718,2025-05-14,CUST1506,Customer 386,Hyderabad,Telangana,Keyboard,Accessories,3,2200,0.0,6600.0,Net Banking,Returned,,6600.0
ORD102645,2025-09-15,CUST1229,Customer 534,Hyderabad,Telangana,Coffee Maker,Home Appliances,1,5200,0.05,4940.0,UPI,Delivered,5.0,4940.0
ORD104091,2025-05-27,CUST1263,Customer 131,Kolkata,West Bengal,Smartphone,Electronics,1,28000,0.1,25200.0,Debit Card,Delivered,4.0,25200.0
ORD100548,2025-06-01,CUST1227,Customer 375,Hyderabad,Telangana,Backpack,Accessories,3,1800,0.1,4860.0,Net Banking,Delivered,4.0,4860.0
ORD100004,2025-04-17,CUST1024,Customer 540,Mumbai,Maharashtra,Laptop,Electronics,1,55000,0.0,55000.0,Debit Card,Cancelled,,55000.0
ORD100979,2025-06-22,CUST1142,Customer 199,Pune,Maharashtra,Keyboard,Accessories,1,2200,0.1,1980.0,Debit Card,Delivered,4.0,1980.0
ORD101144,2025-11-20,CUST1419,Customer 347,Mumbai,Maharashtra,Running Shoes,Fashion,3,4500,0.2,10800.0,Cash on Delivery,Delivered,2.0,10800.0
ORD103997,2025-02-05,CUST1070,Customer 459,Pune,Maharashtra,Headphones,Electronics,1,2500,0.05,2375.0,Credit Card,Delivered,1.0,2375.0
ORD104169,2025-01-10,CUST1568,Customer 630,Delhi,Delhi,T-Shirt,Fashion,1,900,0.05,855.0,Net Banking,Delivered,1.0,855.0
ORD101574,2025-12-04,CUST1267,Customer 507,Mumbai,Maharashtra,Keyboard,Accessories,1,2200,0.1,1980.0,Net Banking,Returned,,1980.0
ORD102491,2025-06-22,CUST1536,Customer 456,Mumbai,Maharashtra,T-Shirt,Fashion,1,900,0.1,810.0,Net Banking,Cancelled,,810.0
ORD103114,2025-12-10,CUST1381,Customer 207,Delhi,Delhi,T-Shirt,Fashion,1,900,0.0,900.0,Credit Card,Delivered,2.0,900.0
ORD100836,2025-06-04,CUST1556,Customer 518,Kolkata,West Bengal,Running Shoes,Fashion,2,4500,0.0,9000.0,Net Banking,Returned,,9000.0
ORD100198,2025-02-21,CUST1474,Customer 396,Jaipur,Rajasthan,T-Shirt,Fashion,1,900,0.05,855.0,Net Banking,Delivered,3.0,855.0
ORD100612,2025-05-02,CUST1608,Customer 397,Kolkata,West Bengal,Desk,Furniture,1,12000,0.0,12000.0,Net Banking,Delivered,4.0,12000.0
ORD102822,2025-04-10,CUST1124,Customer 500,Kolkata,West Bengal,T-Shirt,Fashion,2,900,0.0,1800.0,Debit Card,Cancelled,,1800.0
ORD101803,2025-10-28,CUST1559,Customer 349,Hyderabad,Telangana,Running Shoes,Fashion,1,4500,0.15,3825.0,UPI,Returned,,3825.0
ORD101141,2025-11-12,CUST1130,Customer 539,Delhi,Delhi,Running Shoes,Fashion,1,4500,0.0,4500.0,Credit Card,Delivered,2.0,4500.0
ORD101022,2025-03-10,CUST1205,Customer 364,Ahmedabad,Gujarat,Headphones,Electronics,1,2500,0.0,2500.0,Cash on Delivery,Delivered,4.0,2500.0
ORD103526,2025-09-17,CUST1332,Customer 205,Jaipur,Rajasthan,Coffee Maker,Home Appliances,1,5200,0.0,5200.0,Net Banking,Cancelled,,5200.0
ORD104034,2025-04-23,CUST1574,Customer 381,Ahmedabad,Gujarat,Office Chair,Furniture,1,9000,0.0,9000.0,Net Banking,Delivered,1.0,9000.0
ORD102440,2025-03-24,CUST1312,Customer 127,Delhi,Delhi,T-Shirt,Fashion,1,900,0.0,900.0,UPI,Cancelled,,900.0
ORD101819,2025-05-28,CUST1504,Customer 78,Kolkata,West Bengal,Smartwatch,Electronics,1,6500,0.0,6500.0,Net Banking,Returned,,6500.0
ORD102697,2025-07-28,CUST1452,Customer 106,Kochi,Kerala,Coffee Maker,Home Appliances,1,5200,0.05,4940.0,Net Banking,Delivered,2.0,4940.0
ORD103678,2025-02-18,CUST1376,Customer 281,Jaipur,Rajasthan,T-Shirt,Fashion,1,900,0.2,720.0,UPI,Delivered,3.0,720.0
ORD102627,2025-05-06,CUST1478,Customer 498,Jaipur,Rajasthan,Desk,Furniture,1,12000,0.1,10800.0,Debit Card,Delivered,4.0,10800.0
ORD104104,2025-01-24,CUST1347,Customer 58,Kolkata,West Bengal,Smartphone,Electronics,1,28000,0.1,25200.0,Debit Card,Delivered,1.0,25200.0
ORD102703,2025-08-11,CUST1295,Customer 337,Pune,Maharashtra,T-Shirt,Fashion,1,900,0.05,855.0,UPI,Delivered,5.0,855.0
ORD102803,2025-02-04,CUST1369,Customer 591,Kochi,Kerala,Laptop,Electronics,1,55000,0.1,49500.0,Credit Card,Returned,,49500.0
ORD101571,2025-08-29,CUST1496,Customer 94,Kochi,Kerala,Running Shoes,Fashion,3,4500,0.1,12150.0,UPI,Cancelled,,12150.0
ORD100063,2025-12-26,CUST1434,Customer 577,Mumbai,Maharashtra,Smartwatch,Electronics,2,6500,0.0,13000.0,Debit Card,Returned,,13000.0
ORD102612,2025-08-01,CUST1028,Customer 122,Jaipur,Rajasthan,Coffee Maker,Home Appliances,1,5200,0.0,5200.0,Debit Card,Delivered,5.0,5200.0
ORD100714,2025-10-30,CUST1052,Customer 374,Chennai,Tamil Nadu,Mixer Grinder,Home Appliances,1,3800,0.0,3800.0,Debit Card,Delivered,5.0,3800.0
ORD100753,2025-05-25,CUST1164,Customer 453,Kolkata,West Bengal,Smartwatch,Electronics,2,6500,0.0,13000.0,UPI,Returned,,13000.0
ORD101223,2025-10-12,CUST1234,Customer 26,Delhi,Delhi,Running Shoes,Fashion,1,4500,0.1,4050.0,Credit Card,Delivered,2.0,4050.0
ORD103821,2025-04-14,CUST1230,Customer 222,Pune,Maharashtra,Laptop,Electronics,1,55000,0.0,55000.0,Credit Card,Delivered,1.0,55000.0
ORD100809,2025-05-18,CUST1163,Customer 593,Delhi,Delhi,Desk,Furniture,1,12000,0.0,12000.0,Credit Card,Delivered,5.0,12000.0
ORD102106,2025-11-06,CUST1582,Customer 126,Kolkata,West Bengal,Headphones,Electronics,1,2500,0.2,2000.0,Net Banking,Returned,,2000.0
ORD101928,2025-10-22,CUST1124,Customer 88,Jaipur,Rajasthan,Laptop,Electronics,2,55000,0.05,104500.0,UPI,Cancelled,,104500.0
ORD101189,2025-07-01,CUST1062,Customer 283,Kolkata,West Bengal,Mixer Grinder,Home Appliances,1,3800,0.0,3800.0,Credit Card,Delivered,4.0,3800.0
ORD101971,2025-10-30,CUST1108,Customer 24,Pune,Maharashtra,Laptop,Electronics,2,55000,0.0,110000.0,Net Banking,Delivered,1.0,110000.0
ORD103172,2025-11-21,CUST1629,Customer 517,Bengaluru,Karnataka,Keyboard,Accessories,1,2200,0.1,1980.0,UPI,Delivered,3.0,1980.0
ORD101447,2025-09-25,CUST1007,Customer 556,Pune,Maharashtra,T-Shirt,Fashion,1,900,0.0,900.0,Net Banking,Cancelled,,900.0
ORD100717,2025-10-13,CUST1156,Customer 408,Delhi,Delhi,Backpack,Accessories,3,1800,0.1,4860.0,Debit Card,Delivered,1.0,4860.0
ORD101883,2025-08-09,CUST1615,Customer 107,Bengaluru,Karnataka,Running Shoes,Fashion,1,4500,0.0,4500.0,UPI,Returned,,4500.0
ORD101300,2025-09-13,CUST1173,Customer 4,Kochi,Kerala,Running Shoes,Fashion,1,4500,0.1,4050.0,Net Banking,Cancelled,,4050.0
ORD101676,2025-01-17,CUST1162,Customer 465,Bengaluru,Karnataka,Smartwatch,Electronics,1,6500,0.1,5850.0,Net Banking,Delivered,5.0,5850.0
ORD100987,2025-08-13,CUST1606,Customer 370,Pune,Maharashtra,Running Shoes,Fashion,1,4500,0.05,4275.0,Cash on Delivery,Delivered,2.0,4275.0
ORD100141,2025-08-19,CUST1269,Customer 335,Chennai,Tamil Nadu,Mixer Grinder,Home Appliances,1,3800,0.0,3800.0,Cash on Delivery,Delivered,4.0,3800.0
ORD101924,2025-08-16,CUST1583,Customer 549,Jaipur,Rajasthan,Desk,Furniture,1,12000,0.0,12000.0,Cash on Delivery,Delivered,4.0,12000.0
ORD103037,2025-03-17,CUST1376,Customer 527,Delhi,Delhi,Smartwatch,Electronics,1,6500,0.0,6500.0,Net Banking,Delivered,3.0,6500.0
ORD101112,2025-06-22,CUST1584,Customer 144,Ahmedabad,Gujarat,T-Shirt,Fashion,2,900,0.0,1800.0,Debit Card,Cancelled,,1800.0
ORD100378,2025-11-02,CUST1045,Customer 375,Ahmedabad,Gujarat,Office Chair,Furniture,1,9000,0.05,8550.0,Debit Card,Delivered,4.0,8550.0
ORD101800,2025-06-15,CUST1619,Customer 147,Chennai,Tamil Nadu,Backpack,Accessories,1,1800,0.0,1800.0,Cash on Delivery,Delivered,5.0,1800.0
ORD101637,2025-02-28,CUST1612,Customer 428,Delhi,Delhi,Smartwatch,Electronics,1,6500,0.0,6500.0,UPI,Delivered,3.0,6500.0
ORD103996,2025-03-15,CUST1110,Customer 219,Jaipur,Rajasthan,Laptop,Electronics,1,55000,0.1,49500.0,Net Banking,Delivered,3.0,49500.0
ORD100500,2025-12-02,CUST1007,Customer 188,Delhi,Delhi,Smartwatch,Electronics,2,6500,0.1,11700.0,Net Banking,Delivered,5.0,11700.0
ORD102067,2025-11-24,CUST1602,Customer 372,Bengaluru,Karnataka,Mixer Grinder,Home Appliances,1,3800,0.0,3800.0,Credit Card,Delivered,3.0,3800.0
ORD101280,2025-09-20,CUST1571,Customer 490,Kolkata,West Bengal,T-Shirt,Fashion,1,900,0.0,900.0,Net Banking,Delivered,2.0,900.0
ORD100145,2025-08-10,CUST1540,Customer 629,Kochi,Kerala,Desk,Furniture,1,12000,0.05,11400.0,Cash on Delivery,Returned,,11400.0
ORD103800,2025-12-22,CUST1256,Customer 448,Jaipur,Rajasthan,Laptop,Electronics,1,55000,0.0,55000.0,Cash on Delivery,Returned,,55000.0
ORD102335,2025-11-17,CUST1468,Customer 513,Mumbai,Maharashtra,Smartwatch,Electronics,1,6500,0.15,5525.0,Cash on Delivery,Delivered,2.0,5525.0
ORD100367,2025-06-04,CUST1223,Customer 259,Kochi,Kerala,Laptop,Electronics,1,55000,0.05,52250.0,UPI,Returned,,52250.0
ORD103612,2025-12-24,CUST1270,Customer 52,Ahmedabad,Gujarat,Smartwatch,Electronics,1,6500,0.0,6500.0,Cash on Delivery,Delivered,1.0,6500.0
ORD101675,2025-08-21,CUST1409,Customer 553,Mumbai,Maharashtra,Backpack,Accessories,1,1800,0.0,1800.0,Debit Card,Delivered,1.0,1800.0
ORD102430,2025-05-31,CUST1635,Customer 85,Ahmedabad,Gujarat,T-Shirt,Fashion,1,900,0.0,900.0,Net Banking,Delivered,4.0,900.0
ORD102537,2025-03-20,CUST1133,Customer 25,Jaipur,Rajasthan,Running Shoes,Fashion,1,4500,0.2,3600.0,UPI,Delivered,5.0,3600.0
ORD100967,2025-08-08,CUST1308,Customer 493,Bengaluru,Karnataka,Backpack,Accessories,1,1800,0.1,1620.0,Debit Card,Delivered,2.0,1620.0
ORD102226,2025-05-26,CUST1285,Customer 550,Bengaluru,Karnataka,Smartphone,Electronics,2,28000,0.1,50400.0,Cash on Delivery,Delivered,3.0,50400.0
ORD104020,2025-09-04,CUST1185,Customer 37,Bengaluru,Karnataka,T-Shirt,Fashion,2,900,0.05,1710.0,Credit Card,Cancelled,,1710.0
ORD100238,2025-11-22,CUST1357,Customer 3,Kolkata,West Bengal,Keyboard,Accessories,1,2200,0.0,2200.0,Debit Card,Delivered,2.0,2200.0
ORD102334,2025-12-30,CUST1439,Customer 462,Bengaluru,Karnataka,Headphones,Electronics,1,2500,0.0,2500.0,Cash on Delivery,Delivered,5.0,2500.0
ORD101019,2025-04-04,CUST1396,Customer 60,Jaipur,Rajasthan,Headphones,Electronics,1,2500,0.05,2375.0,Cash on Delivery,Returned,,2375.0
ORD102346,2025-05-22,CUST1261,Customer 624,Kochi,Kerala,T-Shirt,Fashion,1,900,0.1,810.0,Debit Card,Delivered,3.0,810.0
ORD103648,2025-07-02,CUST1073,Customer 30,Delhi,Delhi,Backpack,Accessories,1,1800,0.15,1530.0,Debit Card,Returned,,1530.0
ORD102954,2025-04-07,CUST1086,Customer 116,Kolkata,West Bengal,Backpack,Accessories,1,1800,0.2,1440.0,UPI,Returned,,1440.0
ORD101146,2025-10-20,CUST1358,Customer 56,Delhi,Delhi,Mixer Grinder,Home Appliances,1,3800,0.15,3230.0,Cash on Delivery,Delivered,4.0,3230.0
ORD103359,2025-07-07,CUST1418,Customer 154,Delhi,Delhi,Backpack,Accessories,3,1800,0.1,4860.0,Cash on Delivery,Returned,,4860.0
ORD100306,2025-02-02,CUST1148,Customer 472,Kochi,Kerala,Backpack,Accessories,1,1800,0.05,1710.0,Debit Card,Returned,,1710.0
ORD103204,2025-12-14,CUST1600,Customer 410,Hyderabad,Telangana,Office Chair,Furniture,1,9000,0.0,9000.0,UPI,Delivered,3.0,9000.0
ORD101454,2025-09-23,CUST1265,Customer 227,Jaipur,Rajasthan,Smartphone,Electronics,1,28000,0.05,26600.0,UPI,Delivered,2.0,26600.0
ORD102873,2025-05-22,CUST1599,Customer 600,Kochi,Kerala,T-Shirt,Fashion,1,900,0.1,810.0,Cash on Delivery,Delivered,5.0,810.0
ORD104012,2025-12-15,CUST1052,Customer 77,Pune,Maharashtra,Smartwatch,Electronics,1,6500,0.15,5525.0,Unknown,Delivered,2.0,5525.0
ORD101496,2025-02-03,CUST1143,Customer 389,Hyderabad,Telangana,T-Shirt,Fashion,1,900,0.0,900.0,Cash on Delivery,Cancelled,,900.0
ORD100890,2025-12-31,CUST1478,Customer 440,Chennai,Tamil Nadu,Smartwatch,Electronics,2,6500,0.15,11050.0,UPI,Cancelled,,11050.0
ORD103534,2025-12-03,CUST1644,Customer 489,Chennai,Tamil Nadu,Mixer Grinder,Home Appliances,1,3800,0.15,3230.0,Net Banking,Returned,,3230.0
ORD102846,2025-04-16,CUST1080,Customer 228,Mumbai,Maharashtra,Desk,Furniture,1,12000,0.0,12000.0,Debit Card,Delivered,2.0,12000.0
ORD101481,2025-10-20,CUST1535,Customer 235,Pune,Maharashtra,Desk,Furniture,1,12000,0.05,11400.0,Debit Card,Delivered,5.0,11400.0
ORD101427,2025-02-13,CUST1063,Customer 16,Kolkata,West Bengal,Coffee Maker,Home Appliances,1,5200,0.0,5200.0,Credit Card,Cancelled,,5200.0
ORD101514,2025-09-23,CUST1075,Customer 557,Delhi,Delhi,Desk,Furniture,1,12000,0.05,11400.0,Cash on Delivery,Delivered,2.0,11400.0
ORD100654,2025-04-27,CUST1027,Customer 73,Kolkata,West Bengal,Laptop,Electronics,1,55000,0.1,49500.0,UPI,Delivered,1.0,49500.0
ORD101501,2025-10-01,CUST1163,Customer 283,Kochi,Kerala,Headphones,Electronics,1,2500,0.2,2000.0,UPI,Delivered,3.0,2000.0
ORD100631,2025-12-30,CUST1235,Customer 263,Kochi,Kerala,Smartphone,Electronics,1,28000,0.2,22400.0,Cash on Delivery,Cancelled,,22400.0
ORD101235,2025-08-10,CUST1435,Customer 625,Bengaluru,Karnataka,Smartphone,Electronics,1,28000,0.1,25200.0,Cash on Delivery,Delivered,5.0,25200.0
ORD103397,2025-07-23,CUST1036,Customer 202,Bengaluru,Karnataka,Backpack,Accessories,1,1800,0.1,1620.0,Credit Card,Returned,,1620.0
ORD104057,2025-07-22,CUST1133,Customer 197,Hyderabad,Telangana,Office Chair,Furniture,2,9000,0.1,16200.0,UPI,Delivered,5.0,16200.0
ORD101579,2025-06-09,CUST1331,Customer 433,Kochi,Kerala,Smartphone,Electronics,1,28000,0.1,25200.0,Credit Card,Cancelled,,25200.0
ORD101804,2025-08-05,CUST1027,Customer 397,Mumbai,Maharashtra,Desk,Furniture,3,12000,0.1,32400.0,UPI,Delivered,3.0,32400.0
ORD102824,2025-10-24,CUST1218,Customer 53,Bengaluru,Karnataka,Smartphone,Electronics,1,28000,0.1,25200.0,Debit Card,Delivered,1.0,25200.0
ORD103636,2025-11-17,CUST1359,Customer 399,Bengaluru,Karnataka,Running Shoes,Fashion,1,4500,0.0,4500.0,Credit Card,Delivered,5.0,4500.0
ORD103823,2025-07-05,CUST1296,Customer 198,Ahmedabad,Gujarat,Office Chair,Furniture,1,9000,0.1,8100.0,Credit Card,Returned,,8100.0
ORD101104,2025-01-15,CUST1033,Customer 465,Chennai,Tamil Nadu,Mixer Grinder,Home Appliances,1,3800,0.05,3610.0,Unknown,Cancelled,,3610.0
ORD100567,2025-01-19,CUST1369,Customer 474,Pune,Maharashtra,Mixer Grinder,Home Appliances,2,3800,0.2,6080.0,Net Banking,Delivered,3.0,6080.0
ORD101662,2025-02-08,CUST1393,Customer 631,Pune,Maharashtra,Smartwatch,Electronics,2,6500,0.1,11700.0,UPI,Delivered,1.0,11700.0
ORD103042,2025-08-06,CUST1351,Customer 17,Bengaluru,Karnataka,Mixer Grinder,Home Appliances,1,3800,0.05,3610.0,Debit Card,Delivered,4.0,3610.0
ORD103304,2025-03-23,CUST1427,Customer 307,Delhi,Delhi,Mixer Grinder,Home Appliances,2,3800,0.2,6080.0,Debit Card,Returned,,6080.0
ORD102418,2025-05-21,CUST1576,Customer 609,Kochi,Kerala,Smartwatch,Electronics,2,6500,0.05,12350.0,UPI,Delivered,3.0,12350.0
ORD101612,2025-10-11,CUST1396,Customer 397,Chennai,Tamil Nadu,Running Shoes,Fashion,1,4500,0.0,4500.0,Credit Card,Delivered,4.0,4500.0
ORD103647,2025-12-03,CUST1444,Customer 519,Bengaluru,Karnataka,Office Chair,Furniture,1,9000,0.0,9000.0,UPI,Delivered,1.0,9000.0
ORD100569,2025-04-10,CUST1432,Customer 65,Kochi,Kerala,Headphones,Electronics,1,2500,0.1,2250.0,Credit Card,Delivered,3.0,2250.0
ORD102038,2025-12-06,CUST1376,Customer 369,Hyderabad,Telangana,Running Shoes,Fashion,1,4500,0.0,4500.0,UPI,Returned,,4500.0
ORD101570,2025-01-20,CUST1297,Customer 330,Delhi,Delhi,Backpack,Accessories,1,1800,0.0,1800.0,Debit Card,Returned,,1800.0
ORD100826,2025-07-02,CUST1380,Customer 366,Kolkata,West Bengal,Running Shoes,Fashion,2,4500,0.0,9000.0,Debit Card,Delivered,4.0,9000.0
ORD101160,2025-04-11,CUST1132,Customer 120,Mumbai,Maharashtra,Mixer Grinder,Home Appliances,2,3800,0.0,7600.0,Net Banking,Returned,,7600.0
ORD103922,2025-10-21,CUST1411,Customer 403,Delhi,Delhi,Office Chair,Furniture,1,9000,0.1,8100.0,Net Banking,Returned,,8100.0
ORD101352,2025-12-08,CUST1063,Customer 612,Mumbai,Maharashtra,Coffee Maker,Home Appliances,1,5200,0.15,4420.0,Net Banking,Delivered,5.0,4420.0
ORD100223,2025-07-22,CUST1023,Customer 636,Mumbai,Maharashtra,Coffee Maker,Home Appliances,1,5200,0.2,4160.0,Debit Card,Delivered,2.0,4160.0
ORD101797,2025-11-16,CUST1253,Customer 358,Ahmedabad,Gujarat,Keyboard,Accessories,2,2200,0.05,4180.0,Credit Card,Delivered,1.0,4180.0
ORD101143,2025-12-22,CUST1439,Customer 57,Kochi,Kerala,Mixer Grinder,Home Appliances,1,3800,0.1,3420.0,Credit Card,Delivered,1.0,3420.0
ORD103266,2025-07-02,CUST1324,Customer 145,Delhi,Delhi,T-Shirt,Fashion,1,900,0.05,855.0,Unknown,Delivered,1.0,855.0
ORD102090,2025-09-02,CUST1585,Customer 248,Kolkata,West Bengal,Headphones,Electronics,1,2500,0.2,2000.0,Debit Card,Delivered,4.0,2000.0
ORD103079,2025-10-30,CUST1232,Customer 476,Hyderabad,Telangana,Headphones,Electronics,2,2500,0.05,4750.0,Cash on Delivery,Delivered,4.0,4750.0
ORD104078,2025-11-23,CUST1404,Customer 144,Pune,Maharashtra,Office Chair,Furniture,2,9000,0.1,16200.0,Net Banking,Returned,,16200.0
ORD100900,2025-08-27,CUST1287,Customer 155,Delhi,Delhi,Office Chair,Furniture,1,9000,0.0,9000.0,Cash on Delivery,Delivered,2.0,9000.0
ORD100250,2025-02-08,CUST1223,Customer 148,Kochi,Kerala,Keyboard,Accessories,1,2200,0.0,2200.0,Debit Card,Delivered,2.0,2200.0
ORD101805,2025-10-16,CUST1382,Customer 418,Bengaluru,Karnataka,Coffee Maker,Home Appliances,2,5200,0.0,10400.0,UPI,Returned,,10400.0
ORD100462,2025-09-04,CUST1363,Customer 325,Hyderabad,Telangana,Desk,Furniture,1,12000,0.0,12000.0,Credit Card,Delivered,2.0,12000.0
ORD103108,2025-02-04,CUST1233,Customer 233,Delhi,Delhi,Headphones,Electronics,1,2500,0.0,2500.0,Cash on Delivery,Delivered,5.0,2500.0
ORD103567,2025-10-30,CUST1508,Customer 28,Ahmedabad,Gujarat,Mixer Grinder,Home Appliances,1,3800,0.1,3420.0,Net Banking,Returned,,3420.0
ORD102927,2025-04-09,CUST1529,Customer 602,Kochi,Kerala,Mixer Grinder,Home Appliances,1,3800,0.0,3800.0,Debit Card,Delivered,2.0,3800.0
ORD101964,2025-01-28,CUST1032,Customer 602,Kolkata,West Bengal,T-Shirt,Fashion,2,900,0.2,1440.0,Debit Card,Delivered,1.0,1440.0
ORD100889,2025-08-04,CUST1420,Customer 567,Hyderabad,Telangana,Laptop,Electronics,1,55000,0.0,55000.0,Debit Card,Delivered,1.0,55000.0
ORD100712,2025-09-13,CUST1527,Customer 226,Kolkata,West Bengal,Laptop,Electronics,2,55000,0.0,110000.0,UPI,Delivered,3.0,110000.0
ORD103420,2025-05-05,CUST1626,Customer 266,Jaipur,Rajasthan,Smartphone,Electronics,1,28000,0.0,28000.0,Net Banking,Delivered,5.0,28000.0
ORD103330,2025-04-27,CUST1023,Customer 432,Jaipur,Rajasthan,Office Chair,Furniture,1,9000,0.05,8550.0,Net Banking,Delivered,3.0,8550.0
ORD103888,2025-12-05,CUST1063,Customer 100,Hyderabad,Telangana,Backpack,Accessories,2,1800,0.0,3600.0,Credit Card,Cancelled,,3600.0
ORD100492,2025-09-07,CUST1103,Customer 361,Hyderabad,Telangana,Smartphone,Electronics,1,28000,0.1,25200.0,Debit Card,Delivered,5.0,25200.0
ORD100124,2025-02-04,CUST1269,Customer 400,Ahmedabad,Gujarat,Keyboard,Accessories,1,2200,0.15,1870.0,UPI,Delivered,3.0,1870.0
ORD102333,2025-09-05,CUST1638,Customer 358,Jaipur,Rajasthan,Backpack,Accessories,1,1800,0.1,1620.0,Net Banking,Cancelled,,1620.0
ORD100618,2025-05-16,CUST1150,Customer 468,Chennai,Tamil Nadu,Office Chair,Furniture,1,9000,0.1,8100.0,Cash on Delivery,Delivered,3.0,8100.0
ORD103814,2025-08-18,CUST1553,Customer 224,Delhi,Delhi,Keyboard,Accessories,3,2200,0.1,5940.0,Debit Card,Delivered,4.0,5940.0
ORD103338,2025-09-25,CUST1453,Customer 413,Pune,Maharashtra,Headphones,Electronics,1,2500,0.0,2500.0,Credit Card,Delivered,3.0,2500.0
ORD101977,2025-03-21,CUST1090,Customer 6,Bengaluru,Karnataka,Smartwatch,Electronics,1,6500,0.05,6175.0,UPI,Delivered,3.0,6175.0
ORD100562,2025-03-03,CUST1504,Customer 220,Mumbai,Maharashtra,Laptop,Electronics,2,55000,0.15,93500.0,Cash on Delivery,Delivered,1.0,93500.0
ORD101698,2025-08-07,CUST1130,Customer 529,Kochi,Kerala,Laptop,Electronics,1,55000,0.0,55000.0,UPI,Delivered,2.0,55000.0
ORD100765,2025-03-13,CUST1238,Customer 584,Delhi,Delhi,Desk,Furniture,1,12000,0.05,11400.0,Debit Card,Delivered,2.0,11400.0
ORD102155,2025-02-20,CUST1278,Customer 377,Kolkata,West Bengal,Desk,Furniture,1,12000,0.15,10200.0,UPI,Delivered,2.0,10200.0
ORD100696,2025-06-27,CUST1199,Customer 77,Ahmedabad,Gujarat,Smartwatch,Electronics,1,6500,0.05,6175.0,UPI,Delivered,1.0,6175.0
ORD101267,2025-10-18,CUST1569,Customer 215,Pune,Maharashtra,Keyboard,Accessories,1,2200,0.05,2090.0,Net Banking,Cancelled,,2090.0
ORD101951,2025-11-21,CUST1039,Customer 24,Kochi,Kerala,Smartwatch,Electronics,1,6500,0.0,6500.0,Debit Card,Delivered,2.0,6500.0
ORD102714,2025-08-15,CUST1639,Customer 399,Mumbai,Maharashtra,Coffee Maker,Home Appliances,1,5200,0.05,4940.0,Debit Card,Delivered,5.0,4940.0
ORD103971,2025-12-20,CUST1551,Customer 363,Mumbai,Maharashtra,Mixer Grinder,Home Appliances,1,3800,0.0,3800.0,Cash on Delivery,Delivered,2.0,3800.0
ORD102299,2025-09-15,CUST1531,Customer 119,Chennai,Tamil Nadu,Running Shoes,Fashion,1,4500,0.0,4500.0,Credit Card,Cancelled,,4500.0
ORD102203,2025-01-26,CUST1123,Customer 294,Delhi,Delhi,T-Shirt,Fashion,2,900,0.1,1620.0,Cash on Delivery,Delivered,3.0,1620.0
ORD102020,2025-07-25,CUST1544,Customer 418,Kochi,Kerala,Headphones,Electronics,1,2500,0.2,2000.0,Debit Card,Delivered,1.0,2000.0
ORD103635,2025-10-22,CUST1099,Customer 306,Delhi,Delhi,Mixer Grinder,Home Appliances,3,3800,0.0,11400.0,Cash on Delivery,Delivered,2.0,11400.0
ORD103123,2025-07-20,CUST1052,Customer 116,Jaipur,Rajasthan,Mixer Grinder,Home Appliances,1,3800,0.1,3420.0,Net Banking,Returned,,3420.0
ORD100358,2025-11-19,CUST1010,Customer 494,Ahmedabad,Gujarat,Smartphone,Electronics,2,28000,0.1,50400.0,Credit Card,Delivered,2.0,50400.0
ORD102860,2025-01-21,CUST1124,Customer 302,Kolkata,West Bengal,Office Chair,Furniture,1,9000,0.05,8550.0,Net Banking,Returned,,8550.0
ORD103587,2025-05-08,CUST1215,Customer 30,Chennai,Tamil Nadu,T-Shirt,Fashion,1,900,0.05,855.0,Credit Card,Delivered,1.0,855.0
ORD102762,2025-04-23,CUST1479,Customer 618,Pune,Maharashtra,Office Chair,Furniture,1,9000,0.15,7650.0,Debit Card,Returned,,7650.0
ORD104156,2025-11-06,CUST1576,Customer 20,Pune,Maharashtra,T-Shirt,Fashion,2,900,0.0,1800.0,Net Banking,Delivered,2.0,1800.0
ORD100311,2025-02-07,CUST1525,Customer 188,Jaipur,Rajasthan,Mixer Grinder,Home Appliances,2,3800,0.0,7600.0,UPI,Delivered,2.0,7600.0
ORD103470,2025-09-06,CUST1586,Customer 647,Mumbai,Maharashtra,Smartphone,Electronics,1,28000,0.1,25200.0,Credit Card,Delivered,1.0,25200.0
ORD101308,2025-03-22,CUST1240,Customer 313,Jaipur,Rajasthan,T-Shirt,Fashion,1,900,0.05,855.0,Debit Card,Delivered,1.0,855.0
ORD100128,2025-09-14,CUST1549,Customer 520,Kochi,Kerala,Desk,Furniture,1,12000,0.0,12000.0,Cash on Delivery,Returned,,12000.0
ORD103370,2025-12-26,CUST1102,Customer 140,Kolkata,West Bengal,Keyboard,Accessories,1,2200,0.0,2200.0,Debit Card,Delivered,2.0,2200.0
ORD101831,2025-04-13,CUST1168,Customer 284,Kolkata,West Bengal,Backpack,Accessories,1,1800,0.15,1530.0,Net Banking,Returned,,1530.0
ORD103671,2025-12-04,CUST1247,Customer 642,Hyderabad,Telangana,Headphones,Electronics,1,2500,0.1,2250.0,Credit Card,Delivered,2.0,2250.0
ORD100660,2025-06-22,CUST1202,Customer 120,Pune,Maharashtra,Running Shoes,Fashion,1,4500,0.0,4500.0,UPI,Returned,,4500.0
ORD102884,2025-12-11,CUST1090,Customer 388,Pune,Maharashtra,Mixer Grinder,Home Appliances,1,3800,0.1,3420.0,Debit Card,Delivered,2.0,3420.0
ORD101674,2025-04-23,CUST1209,Customer 600,Chennai,Tamil Nadu,Running Shoes,Fashion,1,4500,0.1,4050.0,Cash on Delivery,Delivered,4.0,4050.0
ORD102679,2025-04-14,CUST1314,Customer 19,Jaipur,Rajasthan,Running Shoes,Fashion,1,4500,0.0,4500.0,Credit Card,Cancelled,,4500.0
ORD101531,2025-07-06,CUST1129,Customer 634,Mumbai,Maharashtra,Office Chair,Furniture,1,9000,0.1,8100.0,Debit Card,Delivered,2.0,8100.0
ORD103548,2025-01-22,CUST1329,Customer 496,Chennai,Tamil Nadu,Mixer Grinder,Home Appliances,1,3800,0.0,3800.0,Cash on Delivery,Delivered,5.0,3800.0
ORD100044,2025-05-15,CUST1345,Customer 310,Mumbai,Maharashtra,Coffee Maker,Home Appliances,1,5200,0.05,4940.0,UPI,Delivered,4.0,4940.0
ORD102505,2025-09-09,CUST1549,Customer 97,Delhi,Delhi,Smartwatch,Electronics,1,6500,0.0,6500.0,UPI,Delivered,2.0,6500.0
ORD103642,2025-10-02,CUST1630,Customer 360,Kochi,Kerala,Laptop,Electronics,2,55000,0.1,99000.0,Net Banking,Delivered,5.0,99000.0
ORD102262,2025-08-06,CUST1380,Customer 508,Pune,Maharashtra,Coffee Maker,Home Appliances,1,5200,0.05,4940.0,Credit Card,Delivered,4.0,4940.0
ORD103352,2025-10-04,CUST1448,Customer 521,Kochi,Kerala,Headphones,Electronics,1,2500,0.0,2500.0,Cash on Delivery,Returned,,2500.0
ORD103972,2025-09-30,CUST1588,Customer 489,Mumbai,Maharashtra,Laptop,Electronics,1,55000,0.1,49500.0,Credit Card,Returned,,49500.0
ORD101793,2025-07-28,CUST1258,Customer 292,Hyderabad,Telangana,Headphones,Electronics,1,2500,0.05,2375.0,Cash on Delivery,Delivered,4.0,2375.0
ORD101741,2025-01-21,CUST1484,Customer 310,Jaipur,Rajasthan,Backpack,Accessories,1,1800,0.1,1620.0,UPI,Delivered,4.0,1620.0
ORD103891,2025-12-26,CUST1168,Customer 435,Chennai,Tamil Nadu,Headphones,Electronics,1,2500,0.05,2375.0,Net Banking,Delivered,2.0,2375.0
ORD102250,2025-03-26,CUST1112,Customer 263,Hyderabad,Telangana,Desk,Furniture,1,12000,0.05,11400.0,Net Banking,Cancelled,,11400.0
ORD101419,2025-08-17,CUST1022,Customer 19,Pune,Maharashtra,Office Chair,Furniture,1,9000,0.05,8550.0,Net Banking,Returned,,8550.0
ORD101546,2025-09-17,CUST1061,Customer 85,Delhi,Delhi,Smartwatch,Electronics,1,6500,0.0,6500.0,Debit Card,Cancelled,,6500.0
ORD102539,2025-12-10,CUST1609,Customer 501,Kochi,Kerala,Office Chair,Furniture,3,9000,0.0,27000.0,UPI,Delivered,2.0,27000.0
ORD102364,2025-05-23,CUST1339,Customer 596,Kochi,Kerala,Headphones,Electronics,1,2500,0.0,2500.0,Net Banking,Returned,,2500.0
ORD103181,2025-03-06,CUST1035,Customer 371,Bengaluru,Karnataka,Headphones,Electronics,1,2500,0.1,2250.0,Debit Card,Delivered,4.0,2250.0
ORD101004,2025-01-10,CUST1324,Customer 348,Chennai,Tamil Nadu,Smartphone,Electronics,1,28000,0.1,25200.0,UPI,Delivered,4.0,25200.0
ORD103899,2025-08-04,CUST1425,Customer 328,Kochi,Kerala,Keyboard,Accessories,1,2200,0.1,1980.0,Net Banking,Delivered,3.0,1980.0
ORD102496,2025-11-04,CUST1084,Customer 212,Delhi,Delhi,Smartwatch,Electronics,1,6500,0.0,6500.0,Debit Card,Returned,,6500.0
ORD101843,2025-05-03,CUST1302,Customer 125,Ahmedabad,Gujarat,Smartwatch,Electronics,1,6500,0.05,6175.0,Credit Card,Delivered,1.0,6175.0
ORD103670,2025-10-17,CUST1384,Customer 261,Delhi,Delhi,T-Shirt,Fashion,1,900,0.1,810.0,Debit Card,Cancelled,,810.0
ORD103750,2025-07-29,CUST1180,Customer 510,Pune,Maharashtra,Smartphone,Electronics,1,28000,0.0,28000.0,Cash on Delivery,Delivered,2.0,28000.0
ORD103127,2025-07-25,CUST1152,Customer 522,Kochi,Kerala,T-Shirt,Fashion,1,900,0.1,810.0,Debit Card,Delivered,1.0,810.0
ORD101184,2025-01-17,CUST1650,Customer 49,Kolkata,West Bengal,Backpack,Accessories,1,1800,0.05,1710.0,Net Banking,Returned,,1710.0
ORD100366,2025-05-07,CUST1365,Customer 113,Ahmedabad,Gujarat,Office Chair,Furniture,1,9000,0.1,8100.0,UPI,Cancelled,,8100.0
ORD101921,2025-09-07,CUST1492,Customer 66,Chennai,Tamil Nadu,Office Chair,Furniture,1,9000,0.0,9000.0,Debit Card,Cancelled,,9000.0
ORD103985,2025-02-08,CUST1124,Customer 213,Chennai,Tamil Nadu,Desk,Furniture,1,12000,0.15,10200.0,Net Banking,Delivered,4.0,10200.0
ORD103058,2025-05-19,CUST1116,Customer 614,Jaipur,Rajasthan,Headphones,Electronics,2,2500,0.2,4000.0,Net Banking,Cancelled,,4000.0
ORD103692,2025-11-21,CUST1443,Customer 581,Hyderabad,Telangana,Backpack,Accessories,1,1800,0.15,1530.0,Debit Card,Delivered,1.0,1530.0
ORD101839,2025-04-16,CUST1197,Customer 109,Kolkata,West Bengal,Office Chair,Furniture,1,9000,0.0,9000.0,Net Banking,Delivered,4.0,9000.0
ORD101917,2025-02-19,CUST1119,Customer 505,Kochi,Kerala,Desk,Furniture,1,12000,0.15,10200.0,Cash on Delivery,Cancelled,,10200.0
ORD101495,2025-06-19,CUST1202,Customer 152,Delhi,Delhi,T-Shirt,Fashion,1,900,0.05,855.0,UPI,Delivered,2.0,855.0
ORD101756,2025-10-01,CUST1132,Customer 289,Hyderabad,Telangana,Laptop,Electronics,1,55000,0.0,55000.0,Net Banking,Cancelled,,55000.0
ORD101151,2025-10-14,CUST1516,Customer 173,Jaipur,Rajasthan,Office Chair,Furniture,1,9000,0.0,9000.0,UPI,Cancelled,,9000.0
ORD103444,2025-12-08,CUST1017,Customer 563,Pune,Maharashtra,Running Shoes,Fashion,1,4500,0.1,4050.0,Net Banking,Delivered,2.0,4050.0
ORD101285,2025-04-22,CUST1267,Customer 609,Mumbai,Maharashtra,Running Shoes,Fashion,1,4500,0.1,4050.0,Credit Card,Delivered,5.0,4050.0
ORD104114,2025-12-17,CUST1122,Customer 495,Jaipur,Rajasthan,Running Shoes,Fashion,2,4500,0.1,8100.0,Credit Card,Returned,,8100.0
ORD101599,2025-02-09,CUST1077,Customer 237,Mumbai,Maharashtra,Mixer Grinder,Home Appliances,1,3800,0.1,3420.0,Net Banking,Delivered,3.0,3420.0
ORD103427,2025-05-14,CUST1498,Customer 537,Bengaluru,Karnataka,Desk,Furniture,1,12000,0.1,10800.0,Credit Card,Delivered,2.0,10800.0
ORD101314,2025-05-08,CUST1454,Customer 449,Kochi,Kerala,Headphones,Electronics,1,2500,0.0,2500.0,Credit Card,Delivered,3.0,2500.0
ORD101959,2025-05-10,CUST1594,Customer 190,Kolkata,West Bengal,Backpack,Accessories,3,1800,0.05,5130.0,Credit Card,Delivered,3.0,5130.0
ORD100483,2025-01-23,CUST1649,Customer 149,Ahmedabad,Gujarat,Running Shoes,Fashion,1,4500,0.05,4275.0,Net Banking,Delivered,5.0,4275.0
ORD102595,2025-06-30,CUST1395,Customer 429,Kochi,Kerala,Backpack,Accessories,1,1800,0.0,1800.0,Credit Card,Cancelled,,1800.0
ORD102128,2025-11-24,CUST1567,Customer 539,Chennai,Tamil Nadu,Running Shoes,Fashion,1,4500,0.0,4500.0,Net Banking,Delivered,3.0,4500.0
ORD103282,2025-04-19,CUST1438,Customer 413,Pune,Maharashtra,Office Chair,Furniture,1,9000,0.05,8550.0,Net Banking,Delivered,5.0,8550.0
ORD102283,2025-01-27,CUST1400,Customer 449,Hyderabad,Telangana,Running Shoes,Fashion,2,4500,0.1,8100.0,Credit Card,Returned,,8100.0
ORD103033,2025-08-01,CUST1477,Customer 198,Chennai,Tamil Nadu,Smartwatch,Electronics,1,6500,0.0,6500.0,UPI,Returned,,6500.0
ORD101955,2025-04-21,CUST1087,Customer 359,Kochi,Kerala,Headphones,Electronics,1,2500,0.2,2000.0,Cash on Delivery,Cancelled,,2000.0
ORD100903,2025-08-15,CUST1281,Customer 227,Hyderabad,Telangana,Keyboard,Accessories,1,2200,0.1,1980.0,Credit Card,Delivered,1.0,1980.0
ORD103107,2025-07-09,CUST1422,Customer 615,Ahmedabad,Gujarat,Smartwatch,Electronics,1,6500,0.05,6175.0,Credit Card,Returned,,6175.0
ORD102903,2025-01-17,CUST1642,Customer 570,Kochi,Kerala,Headphones,Electronics,1,2500,0.05,2375.0,Debit Card,Delivered,2.0,2375.0
ORD101779,2025-07-25,CUST1437,Customer 318,Kolkata,West Bengal,T-Shirt,Fashion,1,900,0.15,765.0,Credit Card,Cancelled,,765.0
ORD100832,2025-10-08,CUST1010,Customer 120,Chennai,Tamil Nadu,Backpack,Accessories,2,1800,0.1,3240.0,Debit Card,Cancelled,,3240.0
ORD101364,2025-07-09,CUST1345,Customer 642,Delhi,Delhi,Backpack,Accessories,2,1800,0.0,3600.0,UPI,Delivered,1.0,3600.0
ORD102180,2025-09-20,CUST1557,Customer 201,Ahmedabad,Gujarat,Laptop,Electronics,1,55000,0.05,52250.0,Debit Card,Cancelled,,52250.0
ORD103765,2025-08-04,CUST1538,Customer 454,Pune,Maharashtra,Mixer Grinder,Home Appliances,2,3800,0.0,7600.0,Debit Card,Returned,,7600.0
ORD100650,2025-12-14,CUST1159,Customer 30,Kolkata,West Bengal,Headphones,Electronics,1,2500,0.0,2500.0,UPI,Delivered,3.0,2500.0
ORD100328,2025-07-11,CUST1146,Customer 153,Pune,Maharashtra,Coffee Maker,Home Appliances,1,5200,0.15,4420.0,Debit Card,Delivered,4.0,4420.0
ORD102273,2025-03-14,CUST1146,Customer 444,Kochi,Kerala,Backpack,Accessories,1,1800,0.0,1800.0,UPI,Delivered,5.0,1800.0
ORD104067,2025-09-13,CUST1232,Customer 249,Ahmedabad,Gujarat,Keyboard,Accessories,1,2200,0.05,2090.0,Cash on Delivery,Cancelled,,2090.0
ORD103340,2025-11-17,CUST1171,Customer 406,Kolkata,West Bengal,Office Chair,Furniture,1,9000,0.05,8550.0,Credit Card,Delivered,1.0,8550.0
ORD101126,2025-12-26,CUST1166,Customer 8,Hyderabad,Telangana,T-Shirt,Fashion,1,900,0.0,900.0,Credit Card,Delivered,1.0,900.0
ORD101509,2025-08-24,CUST1018,Customer 281,Kolkata,West Bengal,Backpack,Accessories,1,1800,0.1,1620.0,Net Banking,Returned,,1620.0
ORD100301,2025-10-04,CUST1113,Customer 36,Pune,Maharashtra,Smartphone,Electronics,1,28000,0.1,25200.0,Debit Card,Cancelled,,25200.0
ORD101048,2025-03-03,CUST1604,Customer 274,Kochi,Kerala,Smartphone,Electronics,1,28000,0.0,28000.0,Credit Card,Cancelled,,28000.0
ORD100261,2025-12-12,CUST1576,Customer 524,Delhi,Delhi,Laptop,Electronics,2,55000,0.1,99000.0,Credit Card,Returned,,99000.0
ORD102272,2025-06-13,CUST1117,Customer 458,Mumbai,Maharashtra,Running Shoes,Fashion,2,4500,0.0,9000.0,UPI,Delivered,4.0,9000.0
ORD103425,2025-02-04,CUST1445,Customer 207,Pune,Maharashtra,Keyboard,Accessories,2,2200,0.0,4400.0,UPI,Delivered,5.0,4400.0
ORD101909,2025-06-08,CUST1639,Customer 131,Chennai,Tamil Nadu,Headphones,Electronics,1,2500,0.15,2125.0,Credit Card,Delivered,2.0,2125.0
ORD101080,2025-06-06,CUST1174,Customer 354,Kochi,Kerala,Headphones,Electronics,1,2500,0.1,2250.0,Credit Card,Cancelled,,2250.0
ORD100480,2025-09-11,CUST1482,Customer 186,Kochi,Kerala,Smartwatch,Electronics,2,6500,0.05,12350.0,UPI,Delivered,4.0,12350.0
ORD102848,2025-07-24,CUST1520,Customer 183,Pune,Maharashtra,Headphones,Electronics,1,2500,0.05,2375.0,Cash on Delivery,Delivered,2.0,2375.0
ORD101340,2025-12-07,CUST1438,Customer 166,Kochi,Kerala,Coffee Maker,Home Appliances,1,5200,0.1,4680.0,UPI,Cancelled,,4680.0
ORD102424,2025-06-09,CUST1125,Customer 608,Bengaluru,Karnataka,Headphones,Electronics,1,2500,0.0,2500.0,Credit Card,Cancelled,,2500.0
ORD100513,2025-03-06,CUST1369,Customer 515,Kolkata,West Bengal,Smartphone,Electronics,1,28000,0.1,25200.0,Credit Card,Delivered,1.0,25200.0
ORD100871,2025-03-02,CUST1500,Customer 649,Ahmedabad,Gujarat,Smartwatch,Electronics,1,6500,0.1,5850.0,Debit Card,Delivered,4.0,5850.0
ORD103830,2025-08-21,CUST1445,Customer 429,Chennai,Tamil Nadu,Smartwatch,Electronics,1,6500,0.1,5850.0,Credit Card,Delivered,2.0,5850.0
ORD102460,2025-05-04,CUST1406,Customer 181,Bengaluru,Karnataka,Headphones,Electronics,1,2500,0.05,2375.0,Cash on Delivery,Delivered,3.0,2375.0
ORD103559,2025-07-13,CUST1530,Customer 413,Delhi,Delhi,T-Shirt,Fashion,2,900,0.0,1800.0,Cash on Delivery,Delivered,4.0,1800.0
ORD101900,2025-08-31,CUST1461,Customer 486,Jaipur,Rajasthan,Desk,Furniture,2,12000,0.0,24000.0,Debit Card,Delivered,1.0,24000.0
ORD101401,2025-09-01,CUST1302,Customer 476,Chennai,Tamil Nadu,Desk,Furniture,1,12000,0.1,10800.0,UPI,Returned,,10800.0
ORD102311,2025-10-14,CUST1407,Customer 158,Pune,Maharashtra,Smartwatch,Electronics,1,6500,0.05,6175.0,UPI,Delivered,3.0,6175.0
ORD102582,2025-04-15,CUST1613,Customer 129,Chennai,Tamil Nadu,Smartwatch,Electronics,1,6500,0.05,6175.0,Unknown,Returned,,6175.0
ORD101062,2025-12-19,CUST1012,Customer 166,Delhi,Delhi,Smartwatch,Electronics,1,6500,0.1,5850.0,Credit Card,Delivered,2.0,5850.0
ORD103415,2025-11-11,CUST1405,Customer 399,Bengaluru,Karnataka,Headphones,Electronics,3,2500,0.15,6375.0,Debit Card,Delivered,1.0,6375.0
ORD102881,2025-03-28,CUST1624,Customer 82,Bengaluru,Karnataka,Keyboard,Accessories,1,2200,0.05,2090.0,Cash on Delivery,Delivered,4.0,2090.0
ORD101134,2025-12-29,CUST1263,Customer 174,Chennai,Tamil Nadu,Headphones,Electronics,1,2500,0.0,2500.0,UPI,Cancelled,,2500.0
ORD100802,2025-01-30,CUST1318,Customer 559,Mumbai,Maharashtra,Smartphone,Electronics,2,28000,0.05,53200.0,Credit Card,Delivered,2.0,53200.0
ORD102178,2025-12-11,CUST1133,Customer 598,Ahmedabad,Gujarat,Desk,Furniture,2,12000,0.0,24000.0,UPI,Delivered,1.0,24000.0
ORD101815,2025-03-21,CUST1503,Customer 448,Delhi,Delhi,Running Shoes,Fashion,2,4500,0.0,9000.0,Cash on Delivery,Delivered,1.0,9000.0
ORD100510,2025-04-11,CUST1484,Customer 337,Pune,Maharashtra,Smartwatch,Electronics,1,6500,0.1,5850.0,Debit Card,Delivered,1.0,5850.0
ORD102457,2025-11-04,CUST1134,Customer 614,Kochi,Kerala,T-Shirt,Fashion,1,900,0.1,810.0,UPI,Delivered,4.0,810.0
ORD104179,2025-08-29,CUST1646,Customer 343,Kolkata,West Bengal,Mixer Grinder,Home Appliances,1,3800,0.05,3610.0,UPI,Delivered,2.0,3610.0
ORD100725,2025-05-26,CUST1350,Customer 544,Kolkata,West Bengal,Desk,Furniture,1,12000,0.2,9600.0,UPI,Returned,,9600.0
ORD103613,2025-01-16,CUST1492,Customer 380,Kochi,Kerala,Headphones,Electronics,1,2500,0.05,2375.0,Debit Card,Delivered,5.0,2375.0
ORD101856,2025-03-25,CUST1594,Customer 256,Bengaluru,Karnataka,Running Shoes,Fashion,1,4500,0.05,4275.0,UPI,Delivered,4.0,4275.0
ORD104140,2025-12-09,CUST1348,Customer 63,Chennai,Tamil Nadu,Headphones,Electronics,1,2500,0.1,2250.0,Net Banking,Delivered,1.0,2250.0
ORD101745,2025-09-19,CUST1104,Customer 104,Kochi,Kerala,Office Chair,Furniture,2,9000,0.0,18000.0,Cash on Delivery,Delivered,5.0,18000.0
ORD104093,2025-04-13,CUST1079,Customer 165,Pune,Maharashtra,Laptop,Electronics,1,55000,0.05,52250.0,Credit Card,Delivered,1.0,52250.0
ORD100761,2025-10-15,CUST1207,Customer 18,Ahmedabad,Gujarat,T-Shirt,Fashion,1,900,0.05,855.0,Debit Card,Cancelled,,855.0
ORD101397,2025-02-05,CUST1647,Customer 140,Kochi,Kerala,Coffee Maker,Home Appliances,1,5200,0.0,5200.0,UPI,Delivered,4.0,5200.0
ORD101622,2025-11-19,CUST1256,Customer 424,Kolkata,West Bengal,Office Chair,Furniture,1,9000,0.15,7650.0,Cash on Delivery,Cancelled,,7650.0
ORD100611,2025-10-10,CUST1513,Customer 69,Bengaluru,Karnataka,Running Shoes,Fashion,1,4500,0.0,4500.0,UPI,Returned,,4500.0
ORD100679,2025-02-23,CUST1392,Customer 143,Chennai,Tamil Nadu,Laptop,Electronics,2,55000,0.1,99000.0,Cash on Delivery,Delivered,3.0,99000.0
ORD100373,2025-02-08,CUST1454,Customer 305,Bengaluru,Karnataka,Office Chair,Furniture,2,9000,0.0,18000.0,Debit Card,Returned,,18000.0
ORD102159,2025-05-21,CUST1243,Customer 461,Kolkata,West Bengal,Headphones,Electronics,1,2500,0.0,2500.0,Cash on Delivery,Returned,,2500.0
ORD103129,2025-03-14,CUST1409,Customer 7,Kolkata,West Bengal,Keyboard,Accessories,1,2200,0.05,2090.0,Cash on Delivery,Delivered,3.0,2090.0
ORD102125,2025-01-03,CUST1106,Customer 101,Bengaluru,Karnataka,Smartwatch,Electronics,3,6500,0.0,19500.0,Debit Card,Returned,,19500.0
ORD103258,2025-02-06,CUST1142,Customer 646,Pune,Maharashtra,Office Chair,Furniture,1,9000,0.1,8100.0,UPI,Cancelled,,8100.0
ORD102119,2025-04-12,CUST1298,Customer 312,Delhi,Delhi,Running Shoes,Fashion,1,4500,0.2,3600.0,UPI,Delivered,3.0,3600.0
ORD104181,2025-07-10,CUST1350,Customer 639,Bengaluru,Karnataka,T-Shirt,Fashion,1,900,0.1,810.0,UPI,Returned,,810.0
ORD102350,2025-08-25,CUST1323,Customer 508,Ahmedabad,Gujarat,Backpack,Accessories,1,1800,0.0,1800.0,UPI,Delivered,4.0,1800.0
ORD101153,2025-01-29,CUST1244,Customer 393,Kochi,Kerala,Desk,Furniture,1,12000,0.05,11400.0,UPI,Delivered,1.0,11400.0
ORD101716,2025-01-29,CUST1402,Customer 125,Mumbai,Maharashtra,Smartwatch,Electronics,1,6500,0.0,6500.0,Credit Card,Delivered,4.0,6500.0
ORD100243,2025-12-12,CUST1027,Customer 550,Jaipur,Rajasthan,Headphones,Electronics,1,2500,0.15,2125.0,Net Banking,Returned,,2125.0
ORD103395,2025-06-25,CUST1410,Customer 640,Jaipur,Rajasthan,Smartwatch,Electronics,1,6500,0.1,5850.0,Net Banking,Cancelled,,5850.0
ORD100215,2025-05-10,CUST1422,Customer 478,Kochi,Kerala,Coffee Maker,Home Appliances,1,5200,0.1,4680.0,Debit Card,Returned,,4680.0
ORD101261,2025-08-17,CUST1319,Customer 230,Jaipur,Rajasthan,Headphones,Electronics,1,2500,0.15,2125.0,Credit Card,Cancelled,,2125.0
ORD102213,2025-02-18,CUST1304,Customer 288,Jaipur,Rajasthan,T-Shirt,Fashion,1,900,0.0,900.0,Debit Card,Delivered,3.0,900.0
ORD100453,2025-02-17,CUST1097,Customer 377,Ahmedabad,Gujarat,Desk,Furniture,1,12000,0.1,10800.0,Credit Card,Delivered,2.0,10800.0
ORD102794,2025-04-23,CUST1597,Customer 606,Bengaluru,Karnataka,Coffee Maker,Home Appliances,1,5200,0.1,4680.0,Credit Card,Delivered,4.0,4680.0
ORD101380,2025-01-11,CUST1279,Customer 490,Chennai,Tamil Nadu,Keyboard,Accessories,1,2200,0.0,2200.0,UPI,Delivered,1.0,2200.0
ORD102774,2025-06-10,CUST1089,Customer 38,Chennai,Tamil Nadu,Keyboard,Accessories,1,2200,0.0,2200.0,UPI,Delivered,1.0,2200.0
ORD100424,2025-11-07,CUST1620,Customer 423,Delhi,Delhi,Keyboard,Accessories,1,2200,0.15,1870.0,Net Banking,Delivered,2.0,1870.0
ORD101795,2025-10-04,CUST1091,Customer 647,Delhi,Delhi,Laptop,Electronics,1,55000,0.0,55000.0,UPI,Delivered,2.0,55000.0
ORD103682,2025-06-03,CUST1486,Customer 314,Jaipur,Rajasthan,Smartphone,Electronics,1,28000,0.1,25200.0,Credit Card,Delivered,1.0,25200.0
ORD102149,2025-10-30,CUST1594,Customer 41,Jaipur,Rajasthan,Desk,Furniture,1,12000,0.1,10800.0,Debit Card,Delivered,3.0,10800.0
ORD101333,2025-04-08,CUST1107,Customer 463,Kochi,Kerala,Office Chair,Furniture,1,9000,0.05,8550.0,UPI,Cancelled,,8550.0
ORD102886,2025-06-10,CUST1074,Customer 96,Jaipur,Rajasthan,Headphones,Electronics,1,2500,0.1,2250.0,Net Banking,Delivered,2.0,2250.0
ORD102677,2025-09-18,CUST1643,Customer 23,Ahmedabad,Gujarat,Coffee Maker,Home Appliances,1,5200,0.2,4160.0,Debit Card,Delivered,2.0,4160.0
ORD101720,2025-02-27,CUST1457,Customer 385,Hyderabad,Telangana,Running Shoes,Fashion,1,4500,0.0,4500.0,UPI,Delivered,4.0,4500.0
ORD101918,2025-06-26,CUST1466,Customer 518,Kochi,Kerala,Running Shoes,Fashion,2,4500,0.0,9000.0,Debit Card,Delivered,4.0,9000.0
ORD101679,2025-12-20,CUST1460,Customer 503,Delhi,Delhi,Coffee Maker,Home Appliances,1,5200,0.0,5200.0,Cash on Delivery,Delivered,2.0,5200.0
ORD100076,2025-10-31,CUST1272,Customer 502,Ahmedabad,Gujarat,T-Shirt,Fashion,2,900,0.0,1800.0,Credit Card,Delivered,2.0,1800.0
ORD100684,2025-08-12,CUST1146,Customer 33,Kochi,Kerala,Office Chair,Furniture,1,9000,0.1,8100.0,Net Banking,Cancelled,,8100.0
ORD101786,2025-11-15,CUST1456,Customer 526,Kolkata,West Bengal,Headphones,Electronics,1,2500,0.1,2250.0,Credit Card,Delivered,5.0,2250.0
ORD101211,2025-07-08,CUST1478,Customer 426,Bengaluru,Karnataka,Coffee Maker,Home Appliances,1,5200,0.05,4940.0,Credit Card,Returned,,4940.0
ORD101092,2025-01-05,CUST1412,Customer 519,Hyderabad,Telangana,Headphones,Electronics,1,2500,0.0,2500.0,UPI,Delivered,4.0,2500.0
ORD103128,2025-03-04,CUST1526,Customer 132,Delhi,Delhi,Smartwatch,Electronics,1,6500,0.05,6175.0,Cash on Delivery,Delivered,2.0,6175.0
ORD100935,2025-01-06,CUST1423,Customer 371,Kolkata,West Bengal,T-Shirt,Fashion,1,900,0.0,900.0,UPI,Delivered,2.0,900.0
ORD101506,2025-01-29,CUST1386,Customer 138,Mumbai,Maharashtra,Smartwatch,Electronics,1,6500,0.05,6175.0,Net Banking,Delivered,2.0,6175.0
ORD101833,2025-06-15,CUST1492,Customer 599,Chennai,Tamil Nadu,Smartphone,Electronics,1,28000,0.05,26600.0,UPI,Cancelled,,26600.0
ORD102179,2025-12-16,CUST1295,Customer 198,Bengaluru,Karnataka,Office Chair,Furniture,1,9000,0.1,8100.0,Net Banking,Delivered,3.0,8100.0
ORD102086,2025-03-30,CUST1352,Customer 329,Chennai,Tamil Nadu,Backpack,Accessories,1,1800,0.05,1710.0,Credit Card,Delivered,4.0,1710.0
ORD101994,2025-06-24,CUST1603,Customer 484,Hyderabad,Telangana,Backpack,Accessories,2,1800,0.15,3060.0,Cash on Delivery,Cancelled,,3060.0
ORD102640,2025-12-11,CUST1592,Customer 322,Bengaluru,Karnataka,T-Shirt,Fashion,1,900,0.0,900.0,Cash on Delivery,Cancelled,,900.0
ORD100666,2025-07-22,CUST1438,Customer 428,Pune,Maharashtra,Backpack,Accessories,1,1800,0.0,1800.0,Credit Card,Delivered,5.0,1800.0
ORD101446,2025-03-30,CUST1107,Customer 419,Hyderabad,Telangana,T-Shirt,Fashion,1,900,0.1,810.0,Credit Card,Returned,,810.0
ORD101573,2025-06-27,CUST1186,Customer 567,Delhi,Delhi,Desk,Furniture,1,12000,0.0,12000.0,Debit Card,Delivered,4.0,12000.0
ORD102177,2025-03-31,CUST1169,Customer 515,Ahmedabad,Gujarat,Headphones,Electronics,1,2500,0.0,2500.0,Net Banking,Delivered,3.0,2500.0
ORD101727,2025-09-28,CUST1212,Customer 140,Kolkata,West Bengal,Mixer Grinder,Home Appliances,1,3800,0.15,3230.0,Credit Card,Cancelled,,3230.0
ORD101816,2025-11-06,CUST1219,Customer 417,Hyderabad,Telangana,Laptop,Electronics,1,55000,0.0,55000.0,UPI,Delivered,4.0,55000.0
ORD101231,2025-06-24,CUST1366,Customer 138,Ahmedabad,Gujarat,Laptop,Electronics,1,55000,0.1,49500.0,Debit Card,Returned,,49500.0
ORD103824,2025-10-10,CUST1006,Customer 318,Delhi,Delhi,Backpack,Accessories,1,1800,0.05,1710.0,Net Banking,Delivered,1.0,1710.0
ORD100949,2025-01-04,CUST1553,Customer 446,Hyderabad,Telangana,Smartwatch,Electronics,1,6500,0.15,5525.0,Credit Card,Delivered,4.0,5525.0
ORD104090,2025-02-10,CUST1060,Customer 342,Jaipur,Rajasthan,Desk,Furniture,1,12000,0.1,10800.0,Credit Card,Delivered,1.0,10800.0
ORD102219,2025-06-01,CUST1259,Customer 400,Mumbai,Maharashtra,Smartphone,Electronics,2,28000,0.05,53200.0,UPI,Delivered,4.0,53200.0
ORD100356,2025-02-23,CUST1176,Customer 110,Hyderabad,Telangana,Smartwatch,Electronics,2,6500,0.0,13000.0,Net Banking,Cancelled,,13000.0
ORD101691,2025-08-10,CUST1350,Customer 570,Bengaluru,Karnataka,Headphones,Electronics,1,2500,0.0,2500.0,Net Banking,Delivered,2.0,2500.0
ORD101320,2025-01-09,CUST1124,Customer 80,Pune,Maharashtra,T-Shirt,Fashion,1,900,0.0,900.0,Cash on Delivery,Delivered,4.0,900.0
ORD103730,2025-07-20,CUST1080,Customer 419,Chennai,Tamil Nadu,Office Chair,Furniture,1,9000,0.0,9000.0,Cash on Delivery,Cancelled,,9000.0
ORD102738,2025-09-11,CUST1337,Customer 532,Mumbai,Maharashtra,Laptop,Electronics,1,55000,0.1,49500.0,Credit Card,Delivered,5.0,49500.0
ORD100448,2025-08-27,CUST1358,Customer 378,Jaipur,Rajasthan,Office Chair,Furniture,1,9000,0.0,9000.0,Net Banking,Delivered,1.0,9000.0
ORD102008,2025-01-20,CUST1236,Customer 173,Bengaluru,Karnataka,Keyboard,Accessories,1,2200,0.05,2090.0,Credit Card,Delivered,3.0,2090.0
ORD103610,2025-03-24,CUST1469,Customer 321,Hyderabad,Telangana,Running Shoes,Fashion,2,4500,0.0,9000.0,Net Banking,Delivered,3.0,9000.0
ORD102685,2025-10-29,CUST1487,Customer 240,Kochi,Kerala,Smartwatch,Electronics,1,6500,0.0,6500.0,Debit Card,Delivered,1.0,6500.0
ORD104160,2025-02-28,CUST1278,Customer 340,Kochi,Kerala,Backpack,Accessories,2,1800,0.1,3240.0,Credit Card,Delivered,1.0,3240.0
ORD100057,2025-04-02,CUST1263,Customer 563,Hyderabad,Telangana,Keyboard,Accessories,1,2200,0.15,1870.0,UPI,Cancelled,,1870.0
ORD100856,2025-03-19,CUST1399,Customer 100,Bengaluru,Karnataka,T-Shirt,Fashion,1,900,0.0,900.0,Cash on Delivery,Returned,,900.0
ORD100932,2025-03-24,CUST1301,Customer 90,Jaipur,Rajasthan,Mixer Grinder,Home Appliances,1,3800,0.1,3420.0,Cash on Delivery,Delivered,3.0,3420.0
ORD103617,2025-08-22,CUST1149,Customer 623,Kolkata,West Bengal,Headphones,Electronics,3,2500,0.0,7500.0,Net Banking,Delivered,3.0,7500.0
ORD103905,2025-08-30,CUST1047,Customer 149,Hyderabad,Telangana,Smartphone,Electronics,1,28000,0.1,25200.0,Debit Card,Delivered,1.0,25200.0
ORD103254,2025-11-06,CUST1338,Customer 224,Hyderabad,Telangana,Office Chair,Furniture,1,9000,0.0,9000.0,Credit Card,Cancelled,,9000.0
ORD104042,2025-04-26,CUST1279,Customer 326,Chennai,Tamil Nadu,T-Shirt,Fashion,3,900,0.0,2700.0,Credit Card,Delivered,1.0,2700.0
ORD102578,2025-02-18,CUST1544,Customer 250,Chennai,Tamil Nadu,Backpack,Accessories,1,1800,0.05,1710.0,Debit Card,Delivered,4.0,1710.0
ORD103870,2025-04-29,CUST1252,Customer 38,Kochi,Kerala,Backpack,Accessories,3,1800,0.1,4860.0,Net Banking,Delivered,5.0,4860.0
ORD102080,2025-08-08,CUST1421,Customer 482,Ahmedabad,Gujarat,Laptop,Electronics,1,55000,0.1,49500.0,UPI,Delivered,3.0,49500.0
ORD101603,2025-05-04,CUST1479,Customer 316,Bengaluru,Karnataka,Office Chair,Furniture,1,9000,0.05,8550.0,Credit Card,Cancelled,,8550.0
ORD102170,2025-05-24,CUST1016,Customer 93,Kolkata,West Bengal,Smartwatch,Electronics,2,6500,0.1,11700.0,Cash on Delivery,Delivered,1.0,11700.0
ORD100743,2025-07-16,CUST1429,Customer 540,Bengaluru,Karnataka,Running Shoes,Fashion,1,4500,0.0,4500.0,Credit Card,Cancelled,,4500.0
ORD102998,2025-02-01,CUST1331,Customer 271,Ahmedabad,Gujarat,Smartphone,Electronics,1,28000,0.0,28000.0,Cash on Delivery,Cancelled,,28000.0
ORD100810,2025-07-03,CUST1408,Customer 194,Mumbai,Maharashtra,Smartwatch,Electronics,1,6500,0.0,6500.0,Debit Card,Returned,,6500.0
ORD100595,2025-08-03,CUST1085,Customer 245,Chennai,Tamil Nadu,Running Shoes,Fashion,1,4500,0.05,4275.0,Cash on Delivery,Delivered,4.0,4275.0
ORD100878,2025-12-21,CUST1166,Customer 17,Pune,Maharashtra,T-Shirt,Fashion,1,900,0.0,900.0,Debit Card,Returned,,900.0
ORD100381,2025-11-09,CUST1565,Customer 213,Kolkata,West Bengal,Backpack,Accessories,1,1800,0.1,1620.0,Credit Card,Delivered,5.0,1620.0
ORD102628,2025-10-29,CUST1200,Customer 463,Kolkata,West Bengal,Smartwatch,Electronics,1,6500,0.1,5850.0,Debit Card,Delivered,5.0,5850.0
ORD104199,2025-03-14,CUST1128,Customer 541,Kochi,Kerala,Smartphone,Electronics,1,28000,0.0,28000.0,Cash on Delivery,Delivered,4.0,28000.0
ORD103595,2025-04-14,CUST1400,Customer 113,Mumbai,Maharashtra,Keyboard,Accessories,1,2200,0.0,2200.0,Credit Card,Cancelled,,2200.0
ORD102585,2025-04-29,CUST1267,Customer 214,Ahmedabad,Gujarat,Office Chair,Furniture,1,9000,0.05,8550.0,Credit Card,Delivered,3.0,8550.0
ORD101884,2025-04-29,CUST1291,Customer 311,Mumbai,Maharashtra,Keyboard,Accessories,1,2200,0.0,2200.0,UPI,Cancelled,,2200.0
ORD102534,2025-09-21,CUST1183,Customer 508,Delhi,Delhi,Smartphone,Electronics,1,28000,0.0,28000.0,Credit Card,Cancelled,,28000.0
ORD101827,2025-08-21,CUST1012,Customer 476,Bengaluru,Karnataka,Desk,Furniture,2,12000,0.2,19200.0,Credit Card,Delivered,3.0,19200.0
ORD100829,2025-01-08,CUST1544,Customer 71,Chennai,Tamil Nadu,T-Shirt,Fashion,1,900,0.05,855.0,Cash on Delivery,Delivered,2.0,855.0
ORD101220,2025-11-14,CUST1142,Customer 69,Hyderabad,Telangana,Office Chair,Furniture,1,9000,0.05,8550.0,UPI,Delivered,3.0,8550.0
ORD103046,2025-02-03,CUST1366,Customer 147,Pune,Maharashtra,Headphones,Electronics,1,2500,0.0,2500.0,Credit Card,Returned,,2500.0
ORD100307,2025-06-25,CUST1066,Customer 141,Kolkata,West Bengal,Office Chair,Furniture,1,9000,0.0,9000.0,Credit Card,Delivered,5.0,9000.0
ORD103489,2025-06-22,CUST1562,Customer 566,Bengaluru,Karnataka,T-Shirt,Fashion,2,900,0.0,1800.0,UPI,Delivered,4.0,1800.0
ORD103738,2025-10-31,CUST1315,Customer 52,Bengaluru,Karnataka,Backpack,Accessories,1,1800,0.1,1620.0,Credit Card,Delivered,1.0,1620.0
ORD100507,2025-06-12,CUST1626,Customer 159,Delhi,Delhi,Backpack,Accessories,1,1800,0.05,1710.0,UPI,Returned,,1710.0
ORD103347,2025-05-07,CUST1404,Customer 303,Jaipur,Rajasthan,Running Shoes,Fashion,1,4500,0.05,4275.0,UPI,Delivered,3.0,4275.0
ORD100481,2025-08-10,CUST1507,Customer 521,Delhi,Delhi,Laptop,Electronics,1,55000,0.05,52250.0,UPI,Returned,,52250.0
ORD100609,2025-06-17,CUST1021,Customer 408,Delhi,Delhi,Coffee Maker,Home Appliances,3,5200,0.05,14820.0,UPI,Delivered,4.0,14820.0
ORD101411,2025-08-05,CUST1368,Customer 423,Jaipur,Rajasthan,T-Shirt,Fashion,1,900,0.0,900.0,Net Banking,Delivered,3.0,900.0
ORD101282,2025-05-31,CUST1533,Customer 244,Hyderabad,Telangana,Headphones,Electronics,1,2500,0.1,2250.0,Cash on Delivery,Delivered,4.0,2250.0
ORD101240,2025-02-24,CUST1134,Customer 599,Ahmedabad,Gujarat,Running Shoes,Fashion,1,4500,0.05,4275.0,Credit Card,Cancelled,,4275.0
ORD103850,2025-11-27,CUST1390,Customer 337,Bengaluru,Karnataka,Laptop,Electronics,2,55000,0.15,93500.0,Net Banking,Delivered,1.0,93500.0
ORD103960,2025-03-30,CUST1128,Customer 497,Bengaluru,Karnataka,Backpack,Accessories,1,1800,0.1,1620.0,Cash on Delivery,Delivered,5.0,1620.0
ORD103620,2025-07-07,CUST1648,Customer 638,Hyderabad,Telangana,Office Chair,Furniture,1,9000,0.0,9000.0,Debit Card,Delivered,2.0,9000.0
ORD103315,2025-10-12,CUST1428,Customer 179,Delhi,Delhi,Running Shoes,Fashion,3,4500,0.1,12150.0,Debit Card,Delivered,5.0,12150.0
ORD103192,2025-01-26,CUST1309,Customer 561,Delhi,Delhi,Desk,Furniture,2,12000,0.15,20400.0,Cash on Delivery,Delivered,4.0,20400.0
ORD100037,2025-02-20,CUST1565,Customer 106,Pune,Maharashtra,Desk,Furniture,1,12000,0.05,11400.0,Net Banking,Returned,,11400.0
ORD100859,2025-03-14,CUST1639,Customer 87,Ahmedabad,Gujarat,Headphones,Electronics,1,2500,0.1,2250.0,Cash on Delivery,Returned,,2250.0
ORD101796,2025-10-01,CUST1477,Customer 535,Kolkata,West Bengal,Smartphone,Electronics,1,28000,0.05,26600.0,Cash on Delivery,Cancelled,,26600.0
ORD101799,2025-04-05,CUST1020,Customer 593,Hyderabad,Telangana,Smartphone,Electronics,1,28000,0.05,26600.0,Net Banking,Delivered,2.0,26600.0
ORD100454,2025-03-30,CUST1506,Customer 189,Jaipur,Rajasthan,Running Shoes,Fashion,1,4500,0.1,4050.0,Net Banking,Delivered,3.0,4050.0
ORD101617,2025-08-12,CUST1290,Customer 554,Mumbai,Maharashtra,Backpack,Accessories,1,1800,0.1,1620.0,Credit Card,Delivered,5.0,1620.0
ORD103130,2025-09-08,CUST1455,Customer 586,Hyderabad,Telangana,Headphones,Electronics,1,2500,0.1,2250.0,Net Banking,Delivered,3.0,2250.0
ORD102577,2025-11-25,CUST1097,Customer 71,Delhi,Delhi,Mixer Grinder,Home Appliances,1,3800,0.0,3800.0,UPI,Returned,,3800.0
ORD102129,2025-10-31,CUST1148,Customer 642,Mumbai,Maharashtra,Smartwatch,Electronics,1,6500,0.1,5850.0,Credit Card,Delivered,3.0,5850.0
ORD103031,2025-12-30,CUST1411,Customer 429,Mumbai,Maharashtra,Keyboard,Accessories,1,2200,0.05,2090.0,Debit Card,Cancelled,,2090.0
ORD103317,2025-07-21,CUST1330,Customer 440,Mumbai,Maharashtra,Smartwatch,Electronics,1,6500,0.1,5850.0,Cash on Delivery,Delivered,3.0,5850.0
ORD101707,2025-09-27,CUST1414,Customer 453,Hyderabad,Telangana,Headphones,Electronics,1,2500,0.15,2125.0,Credit Card,Delivered,3.0,2125.0
ORD103401,2025-12-31,CUST1007,Customer 322,Pune,Maharashtra,Smartphone,Electronics,1,28000,0.0,28000.0,Net Banking,Delivered,3.0,28000.0
ORD103719,2025-01-23,CUST1586,Customer 564,Kochi,Kerala,Desk,Furniture,1,12000,0.05,11400.0,Credit Card,Returned,,11400.0
ORD103813,2025-12-12,CUST1336,Customer 611,Chennai,Tamil Nadu,Coffee Maker,Home Appliances,1,5200,0.1,4680.0,Cash on Delivery,Delivered,1.0,4680.0
ORD103832,2025-05-14,CUST1499,Customer 636,Kochi,Kerala,Headphones,Electronics,1,2500,0.05,2375.0,Net Banking,Delivered,4.0,2375.0
ORD102492,2025-06-09,CUST1131,Customer 412,Hyderabad,Telangana,Keyboard,Accessories,1,2200,0.05,2090.0,Credit Card,Delivered,2.0,2090.0
ORD100066,2025-04-16,CUST1428,Customer 559,Bengaluru,Karnataka,Mixer Grinder,Home Appliances,1,3800,0.0,3800.0,Debit Card,Cancelled,,3800.0
ORD103628,2025-04-30,CUST1267,Customer 633,Pune,Maharashtra,Smartwatch,Electronics,1,6500,0.1,5850.0,Cash on Delivery,Returned,,5850.0
ORD101044,2025-06-14,CUST1227,Customer 273,Bengaluru,Karnataka,Laptop,Electronics,2,55000,0.2,88000.0,Credit Card,Delivered,5.0,88000.0
ORD102107,2025-03-30,CUST1197,Customer 101,Jaipur,Rajasthan,Mixer Grinder,Home Appliances,1,3800,0.05,3610.0,UPI,Returned,,3610.0
ORD102043,2025-12-02,CUST1017,Customer 424,Kolkata,West Bengal,Laptop,Electronics,1,55000,0.05,52250.0,Net Banking,Cancelled,,52250.0
ORD103756,2025-11-25,CUST1075,Customer 58,Ahmedabad,Gujarat,Office Chair,Furniture,1,9000,0.1,8100.0,Debit Card,Delivered,2.0,8100.0
ORD100451,2025-05-06,CUST1455,Customer 330,Jaipur,Rajasthan,Desk,Furniture,1,12000,0.0,12000.0,Credit Card,Delivered,5.0,12000.0
ORD102614,2025-10-15,CUST1191,Customer 493,Ahmedabad,Gujarat,Mixer Grinder,Home Appliances,1,3800,0.2,3040.0,Cash on Delivery,Delivered,3.0,3040.0
ORD104150,2025-02-16,CUST1006,Customer 534,Ahmedabad,Gujarat,Smartphone,Electronics,1,28000,0.05,26600.0,Net Banking,Cancelled,,26600.0
ORD100869,2025-11-15,CUST1187,Customer 498,Pune,Maharashtra,Headphones,Electronics,2,2500,0.05,4750.0,Debit Card,Cancelled,,4750.0
ORD101331,2025-01-29,CUST1544,Customer 23,Bengaluru,Karnataka,Coffee Maker,Home Appliances,3,5200,0.1,14040.0,Credit Card,Delivered,2.0,14040.0
ORD100255,2025-05-31,CUST1380,Customer 478,Chennai,Tamil Nadu,Laptop,Electronics,1,55000,0.0,55000.0,Net Banking,Delivered,3.0,55000.0
ORD103868,2025-03-31,CUST1295,Customer 531,Jaipur,Rajasthan,Mixer Grinder,Home Appliances,1,3800,0.0,3800.0,Debit Card,Delivered,5.0,3800.0
ORD102936,2025-03-09,CUST1219,Customer 561,Mumbai,Maharashtra,Desk,Furniture,1,12000,0.05,11400.0,Debit Card,Delivered,4.0,11400.0
ORD102053,2025-03-27,CUST1364,Customer 315,Delhi,Delhi,Office Chair,Furniture,1,9000,0.1,8100.0,Cash on Delivery,Delivered,4.0,8100.0
ORD102885,2025-12-07,CUST1640,Customer 100,Bengaluru,Karnataka,Mixer Grinder,Home Appliances,1,3800,0.1,3420.0,UPI,Cancelled,,3420.0
ORD103384,2025-07-12,CUST1540,Customer 163,Kochi,Kerala,Backpack,Accessories,1,1800,0.0,1800.0,Credit Card,Cancelled,,1800.0
ORD102498,2025-07-02,CUST1384,Customer 42,Mumbai,Maharashtra,Smartphone,Electronics,1,28000,0.05,26600.0,Cash on Delivery,Returned,,26600.0
ORD102027,2025-10-26,CUST1630,Customer 1,Kolkata,West Bengal,Backpack,Accessories,1,1800,0.15,1530.0,UPI,Cancelled,,1530.0
ORD100100,2025-05-09,CUST1495,Customer 417,Jaipur,Rajasthan,Backpack,Accessories,1,1800,0.1,1620.0,Cash on Delivery,Delivered,4.0,1620.0
ORD102412,2025-06-22,CUST1034,Customer 323,Hyderabad,Telangana,Mixer Grinder,Home Appliances,2,3800,0.0,7600.0,Cash on Delivery,Delivered,3.0,7600.0
ORD102054,2025-06-24,CUST1200,Customer 180,Mumbai,Maharashtra,Coffee Maker,Home Appliances,1,5200,0.1,4680.0,Net Banking,Delivered,4.0,4680.0
ORD102969,2025-06-13,CUST1588,Customer 469,Delhi,Delhi,T-Shirt,Fashion,1,900,0.1,810.0,Cash on Delivery,Delivered,3.0,810.0
ORD102085,2025-06-18,CUST1033,Customer 412,Delhi,Delhi,Desk,Furniture,2,12000,0.05,22800.0,Credit Card,Delivered,4.0,22800.0
ORD102145,2025-12-30,CUST1041,Customer 459,Pune,Maharashtra,Running Shoes,Fashion,3,4500,0.15,11475.0,Cash on Delivery,Cancelled,,11475.0
ORD102402,2025-04-20,CUST1316,Customer 323,Jaipur,Rajasthan,Keyboard,Accessories,1,2200,0.0,2200.0,UPI,Delivered,2.0,2200.0
ORD101159,2025-10-29,CUST1371,Customer 197,Bengaluru,Karnataka,Office Chair,Furniture,1,9000,0.15,7650.0,Net Banking,Returned,,7650.0
ORD102902,2025-06-26,CUST1306,Customer 358,Kochi,Kerala,T-Shirt,Fashion,1,900,0.0,900.0,Cash on Delivery,Delivered,5.0,900.0
ORD102598,2025-10-15,CUST1237,Customer 582,Delhi,Delhi,Smartphone,Electronics,1,28000,0.15,23800.0,Cash on Delivery,Delivered,2.0,23800.0
ORD104176,2025-05-03,CUST1073,Customer 543,Chennai,Tamil Nadu,Coffee Maker,Home Appliances,2,5200,0.0,10400.0,Debit Card,Cancelled,,10400.0
ORD102968,2025-10-24,CUST1637,Customer 117,Pune,Maharashtra,Coffee Maker,Home Appliances,1,5200,0.1,4680.0,Debit Card,Delivered,1.0,4680.0
ORD101932,2025-05-05,CUST1394,Customer 275,Hyderabad,Telangana,Keyboard,Accessories,1,2200,0.1,1980.0,Debit Card,Delivered,5.0,1980.0
ORD100241,2025-05-28,CUST1538,Customer 177,Delhi,Delhi,Office Chair,Furniture,1,9000,0.0,9000.0,Cash on Delivery,Delivered,1.0,9000.0
ORD101976,2025-09-27,CUST1037,Customer 637,Kolkata,West Bengal,Running Shoes,Fashion,1,4500,0.05,4275.0,Debit Card,Delivered,4.0,4275.0
ORD103363,2025-07-14,CUST1328,Customer 421,Kochi,Kerala,Office Chair,Furniture,1,9000,0.05,8550.0,Net Banking,Cancelled,,8550.0
ORD101923,2025-12-20,CUST1205,Customer 538,Mumbai,Maharashtra,Desk,Furniture,2,12000,0.05,22800.0,Net Banking,Cancelled,,22800.0
ORD102896,2025-03-02,CUST1014,Customer 633,Chennai,Tamil Nadu,T-Shirt,Fashion,1,900,0.1,810.0,Net Banking,Returned,,810.0
ORD103428,2025-07-15,CUST1014,Customer 597,Ahmedabad,Gujarat,T-Shirt,Fashion,1,900,0.0,900.0,Net Banking,Returned,,900.0
ORD103854,2025-02-14,CUST1316,Customer 461,Kochi,Kerala,Coffee Maker,Home Appliances,1,5200,0.0,5200.0,Debit Card,Delivered,1.0,5200.0
ORD100908,2025-07-21,CUST1297,Customer 500,Bengaluru,Karnataka,Desk,Furniture,1,12000,0.1,10800.0,Debit Card,Delivered,1.0,10800.0
ORD103641,2025-02-22,CUST1045,Customer 419,Pune,Maharashtra,Office Chair,Furniture,1,9000,0.0,9000.0,Debit Card,Delivered,4.0,9000.0
ORD102343,2025-09-29,CUST1384,Customer 510,Pune,Maharashtra,Office Chair,Furniture,1,9000,0.15,7650.0,Net Banking,Delivered,2.0,7650.0
ORD100971,2025-05-14,CUST1348,Customer 142,Hyderabad,Telangana,Keyboard,Accessories,1,2200,0.05,2090.0,UPI,Delivered,5.0,2090.0
ORD103297,2025-06-24,CUST1290,Customer 209,Bengaluru,Karnataka,Coffee Maker,Home Appliances,1,5200,0.1,4680.0,Net Banking,Delivered,5.0,4680.0
ORD102715,2025-06-03,CUST1502,Customer 632,Pune,Maharashtra,Running Shoes,Fashion,1,4500,0.05,4275.0,Net Banking,Delivered,3.0,4275.0
ORD100394,2025-12-08,CUST1026,Customer 648,Jaipur,Rajasthan,Mixer Grinder,Home Appliances,1,3800,0.0,3800.0,Credit Card,Delivered,2.0,3800.0
ORD102966,2025-03-15,CUST1175,Customer 234,Kolkata,West Bengal,Backpack,Accessories,1,1800,0.0,1800.0,Net Banking,Delivered,3.0,1800.0
ORD100401,2025-05-30,CUST1010,Customer 446,Ahmedabad,Gujarat,Smartphone,Electronics,1,28000,0.05,26600.0,Credit Card,Delivered,4.0,26600.0
ORD100706,2025-08-08,CUST1367,Customer 287,Delhi,Delhi,T-Shirt,Fashion,1,900,0.0,900.0,Credit Card,Cancelled,,900.0
ORD103532,2025-04-26,CUST1241,Customer 591,Pune,Maharashtra,Headphones,Electronics,1,2500,0.0,2500.0,Credit Card,Delivered,2.0,2500.0
ORD100600,2025-08-27,CUST1286,Customer 369,Kolkata,West Bengal,Mixer Grinder,Home Appliances,2,3800,0.05,7220.0,UPI,Delivered,3.0,7220.0
ORD101537,2025-10-29,CUST1600,Customer 179,Pune,Maharashtra,Laptop,Electronics,1,55000,0.15,46750.0,Cash on Delivery,Delivered,5.0,46750.0
ORD102665,2025-04-18,CUST1554,Customer 506,Hyderabad,Telangana,Headphones,Electronics,1,2500,0.0,2500.0,Net Banking,Cancelled,,2500.0
ORD100616,2025-06-14,CUST1308,Customer 146,Delhi,Delhi,Laptop,Electronics,1,55000,0.0,55000.0,Debit Card,Delivered,4.0,55000.0
ORD100370,2025-10-26,CUST1307,Customer 267,Chennai,Tamil Nadu,Smartphone,Electronics,1,28000,0.1,25200.0,Credit Card,Cancelled,,25200.0
ORD100680,2025-09-16,CUST1553,Customer 633,Mumbai,Maharashtra,Laptop,Electronics,1,55000,0.0,55000.0,Debit Card,Cancelled,,55000.0
ORD100782,2025-07-26,CUST1358,Customer 408,Delhi,Delhi,Smartphone,Electronics,1,28000,0.0,28000.0,Cash on Delivery,Delivered,2.0,28000.0
ORD103885,2025-01-26,CUST1489,Customer 570,Bengaluru,Karnataka,Running Shoes,Fashion,1,4500,0.1,4050.0,Cash on Delivery,Delivered,3.0,4050.0
ORD103570,2025-09-21,CUST1331,Customer 194,Pune,Maharashtra,Running Shoes,Fashion,1,4500,0.05,4275.0,Credit Card,Returned,,4275.0
ORD102248,2025-10-18,CUST1473,Customer 102,Ahmedabad,Gujarat,Smartphone,Electronics,1,28000,0.05,26600.0,Credit Card,Delivered,1.0,26600.0
ORD101330,2025-06-03,CUST1384,Customer 17,Bengaluru,Karnataka,Smartwatch,Electronics,1,6500,0.15,5525.0,Credit Card,Returned,,5525.0
ORD102996,2025-09-03,CUST1151,Customer 180,Bengaluru,Karnataka,Coffee Maker,Home Appliances,1,5200,0.05,4940.0,Credit Card,Delivered,4.0,4940.0
ORD101117,2025-10-19,CUST1023,Customer 525,Delhi,Delhi,Mixer Grinder,Home Appliances,1,3800,0.1,3420.0,Credit Card,Delivered,2.0,3420.0
ORD103807,2025-07-01,CUST1361,Customer 158,Hyderabad,Telangana,Mixer Grinder,Home Appliances,1,3800,0.1,3420.0,Debit Card,Delivered,4.0,3420.0
ORD100468,2025-10-12,CUST1216,Customer 93,Kochi,Kerala,Smartwatch,Electronics,1,6500,0.0,6500.0,Net Banking,Returned,,6500.0
ORD102704,2025-03-11,CUST1415,Customer 244,Kochi,Kerala,T-Shirt,Fashion,1,900,0.05,855.0,Cash on Delivery,Returned,,855.0
ORD102003,2025-04-18,CUST1515,Customer 470,Hyderabad,Telangana,Headphones,Electronics,2,2500,0.05,4750.0,UPI,Delivered,4.0,4750.0
ORD101402,2025-12-03,CUST1397,Customer 89,Kochi,Kerala,Desk,Furniture,1,12000,0.05,11400.0,Credit Card,Cancelled,,11400.0
ORD101882,2025-06-22,CUST1464,Customer 483,Chennai,Tamil Nadu,Mixer Grinder,Home Appliances,1,3800,0.05,3610.0,Cash on Delivery,Cancelled,,3610.0
ORD103148,2025-08-10,CUST1302,Customer 242,Hyderabad,Telangana,Running Shoes,Fashion,1,4500,0.1,4050.0,Cash on Delivery,Cancelled,,4050.0
ORD101838,2025-05-23,CUST1131,Customer 370,Kolkata,West Bengal,Laptop,Electronics,1,55000,0.15,46750.0,Net Banking,Delivered,4.0,46750.0
ORD100323,2025-11-13,CUST1308,Customer 334,Kolkata,West Bengal,Backpack,Accessories,1,1800,0.15,1530.0,Credit Card,Delivered,4.0,1530.0
ORD102452,2025-04-13,CUST1631,Customer 584,Kolkata,West Bengal,Laptop,Electronics,1,55000,0.05,52250.0,Credit Card,Delivered,5.0,52250.0
ORD101878,2025-05-27,CUST1014,Customer 56,Hyderabad,Telangana,Running Shoes,Fashion,1,4500,0.0,4500.0,Debit Card,Delivered,2.0,4500.0
ORD100226,2025-09-12,CUST1228,Customer 202,Kochi,Kerala,Backpack,Accessories,1,1800,0.0,1800.0,Cash on Delivery,Returned,,1800.0
ORD100535,2025-04-24,CUST1119,Customer 133,Ahmedabad,Gujarat,Smartwatch,Electronics,1,6500,0.1,5850.0,UPI,Delivered,2.0,5850.0
ORD102832,2025-03-25,CUST1596,Customer 537,Delhi,Delhi,Coffee Maker,Home Appliances,1,5200,0.1,4680.0,Net Banking,Delivered,5.0,4680.0
ORD100614,2025-01-05,CUST1608,Customer 526,Bengaluru,Karnataka,Backpack,Accessories,1,1800,0.2,1440.0,UPI,Delivered,5.0,1440.0
ORD101642,2025-12-29,CUST1604,Customer 3,Hyderabad,Telangana,Mixer Grinder,Home Appliances,1,3800,0.05,3610.0,UPI,Returned,,3610.0
ORD102842,2025-09-27,CUST1609,Customer 224,Kochi,Kerala,Office Chair,Furniture,2,9000,0.0,18000.0,Net Banking,Cancelled,,18000.0
ORD102133,2025-06-02,CUST1283,Customer 397,Delhi,Delhi,Laptop,Electronics,1,55000,0.1,49500.0,Credit Card,Delivered,3.0,49500.0
ORD102809,2025-03-15,CUST1038,Customer 131,Bengaluru,Karnataka,Backpack,Accessories,1,1800,0.0,1800.0,UPI,Delivered,5.0,1800.0
ORD101074,2025-05-14,CUST1521,Customer 71,Bengaluru,Karnataka,Office Chair,Furniture,1,9000,0.15,7650.0,Credit Card,Returned,,7650.0
ORD101413,2025-04-14,CUST1073,Customer 147,Mumbai,Maharashtra,Smartphone,Electronics,1,28000,0.05,26600.0,Net Banking,Delivered,5.0,26600.0
ORD101628,2025-08-25,CUST1497,Customer 472,Chennai,Tamil Nadu,Laptop,Electronics,1,55000,0.0,55000.0,Debit Card,Cancelled,,55000.0
ORD102866,2025-06-09,CUST1392,Customer 246,Pune,Maharashtra,Mixer Grinder,Home Appliances,1,3800,0.2,3040.0,Debit Card,Cancelled,,3040.0
ORD101478,2025-10-28,CUST1515,Customer 449,Bengaluru,Karnataka,Smartwatch,Electronics,1,6500,0.05,6175.0,Net Banking,Cancelled,,6175.0
ORD104095,2025-11-20,CUST1329,Customer 390,Kochi,Kerala,Office Chair,Furniture,1,9000,0.0,9000.0,Net Banking,Delivered,2.0,9000.0
ORD100978,2025-01-26,CUST1180,Customer 385,Delhi,Delhi,Desk,Furniture,2,12000,0.0,24000.0,Credit Card,Delivered,3.0,24000.0
ORD102389,2025-07-25,CUST1215,Customer 367,Pune,Maharashtra,Keyboard,Accessories,1,2200,0.05,2090.0,Credit Card,Delivered,1.0,2090.0
ORD101504,2025-02-08,CUST1108,Customer 94,Kolkata,West Bengal,T-Shirt,Fashion,1,900,0.0,900.0,Net Banking,Delivered,2.0,900.0
ORD104149,2025-07-04,CUST1592,Customer 608,Delhi,Delhi,Mixer Grinder,Home Appliances,1,3800,0.15,3230.0,UPI,Delivered,4.0,3230.0
ORD102862,2025-06-27,CUST1577,Customer 424,Pune,Maharashtra,Headphones,Electronics,1,2500,0.05,2375.0,Cash on Delivery,Delivered,3.0,2375.0
ORD103706,2025-05-21,CUST1533,Customer 177,Jaipur,Rajasthan,Coffee Maker,Home Appliances,2,5200,0.1,9360.0,UPI,Returned,,9360.0
ORD100214,2025-05-06,CUST1379,Customer 168,Hyderabad,Telangana,Laptop,Electronics,1,55000,0.0,55000.0,UPI,Delivered,4.0,55000.0
ORD101032,2025-03-01,CUST1064,Customer 638,Pune,Maharashtra,Backpack,Accessories,3,1800,0.05,5130.0,Credit Card,Cancelled,,5130.0
ORD100803,2025-09-04,CUST1261,Customer 293,Kochi,Kerala,T-Shirt,Fashion,1,900,0.15,765.0,Net Banking,Delivered,3.0,765.0
ORD102146,2025-01-21,CUST1308,Customer 427,Kochi,Kerala,Backpack,Accessories,2,1800,0.0,3600.0,Net Banking,Delivered,3.0,3600.0
ORD101517,2025-03-06,CUST1232,Customer 12,Delhi,Delhi,Laptop,Electronics,3,55000,0.2,132000.0,Credit Card,Delivered,1.0,132000.0
ORD100560,2025-10-13,CUST1391,Customer 115,Chennai,Tamil Nadu,Coffee Maker,Home Appliances,1,5200,0.0,5200.0,Net Banking,Delivered,1.0,5200.0
ORD101638,2025-02-28,CUST1385,Customer 139,Delhi,Delhi,Headphones,Electronics,3,2500,0.1,6750.0,Cash on Delivery,Delivered,4.0,6750.0
ORD102045,2025-01-08,CUST1397,Customer 188,Hyderabad,Telangana,Coffee Maker,Home Appliances,2,5200,0.1,9360.0,Net Banking,Delivered,1.0,9360.0
ORD101559,2025-08-29,CUST1013,Customer 257,Delhi,Delhi,Mixer Grinder,Home Appliances,1,3800,0.05,3610.0,Credit Card,Returned,,3610.0
ORD100697,2025-01-28,CUST1280,Customer 577,Ahmedabad,Gujarat,Desk,Furniture,1,12000,0.0,12000.0,Credit Card,Returned,,12000.0
ORD103151,2025-03-09,CUST1584,Customer 249,Kochi,Kerala,T-Shirt,Fashion,1,900,0.05,855.0,UPI,Delivered,5.0,855.0
ORD101970,2025-10-28,CUST1276,Customer 373,Hyderabad,Telangana,Desk,Furniture,1,12000,0.05,11400.0,Net Banking,Delivered,5.0,11400.0
ORD103747,2025-08-24,CUST1243,Customer 70,Pune,Maharashtra,Running Shoes,Fashion,3,4500,0.0,13500.0,Cash on Delivery,Delivered,3.0,13500.0
ORD100237,2025-07-06,CUST1204,Customer 554,Jaipur,Rajasthan,Keyboard,Accessories,1,2200,0.1,1980.0,Cash on Delivery,Delivered,2.0,1980.0
ORD101528,2025-11-01,CUST1528,Customer 92,Ahmedabad,Gujarat,Laptop,Electronics,2,55000,0.0,110000.0,Debit Card,Delivered,4.0,110000.0
ORD103014,2025-09-04,CUST1172,Customer 635,Chennai,Tamil Nadu,Mixer Grinder,Home Appliances,1,3800,0.05,3610.0,Debit Card,Delivered,4.0,3610.0
ORD101715,2025-01-07,CUST1568,Customer 404,Kochi,Kerala,Laptop,Electronics,3,55000,0.05,156750.0,Cash on Delivery,Delivered,2.0,156750.0
ORD103878,2025-10-05,CUST1497,Customer 458,Bengaluru,Karnataka,Keyboard,Accessories,1,2200,0.0,2200.0,Debit Card,Returned,,2200.0
ORD103411,2025-08-22,CUST1539,Customer 346,Kolkata,West Bengal,Mixer Grinder,Home Appliances,2,3800,0.0,7600.0,Debit Card,Delivered,1.0,7600.0
ORD101708,2025-07-11,CUST1498,Customer 438,Delhi,Delhi,Desk,Furniture,1,12000,0.0,12000.0,Net Banking,Delivered,4.0,12000.0
ORD103218,2025-08-02,CUST1053,Customer 608,Pune,Maharashtra,Laptop,Electronics,1,55000,0.1,49500.0,UPI,Delivered,4.0,49500.0
ORD100407,2025-06-19,CUST1389,Customer 34,Hyderabad,Telangana,Laptop,Electronics,2,55000,0.0,110000.0,Debit Card,Returned,,110000.0
ORD103047,2025-02-10,CUST1231,Customer 451,Chennai,Tamil Nadu,Laptop,Electronics,1,55000,0.05,52250.0,Net Banking,Cancelled,,52250.0
ORD100180,2025-09-16,CUST1595,Customer 560,Delhi,Delhi,Keyboard,Accessories,1,2200,0.1,1980.0,Debit Card,Delivered,1.0,1980.0
ORD100579,2025-03-10,CUST1220,Customer 367,Kolkata,West Bengal,Laptop,Electronics,1,55000,0.0,55000.0,Net Banking,Delivered,5.0,55000.0
ORD101133,2025-10-29,CUST1017,Customer 183,Chennai,Tamil Nadu,Mixer Grinder,Home Appliances,1,3800,0.1,3420.0,Net Banking,Delivered,5.0,3420.0
ORD101758,2025-07-27,CUST1431,Customer 80,Jaipur,Rajasthan,Office Chair,Furniture,1,9000,0.0,9000.0,Debit Card,Delivered,4.0,9000.0
ORD100819,2025-05-06,CUST1497,Customer 89,Ahmedabad,Gujarat,Running Shoes,Fashion,1,4500,0.0,4500.0,Cash on Delivery,Delivered,3.0,4500.0
ORD102878,2025-03-23,CUST1012,Customer 52,Pune,Maharashtra,Running Shoes,Fashion,1,4500,0.0,4500.0,UPI,Delivered,4.0,4500.0
ORD103484,2025-04-01,CUST1181,Customer 389,Mumbai,Maharashtra,Backpack,Accessories,1,1800,0.1,1620.0,Credit Card,Delivered,1.0,1620.0
ORD100368,2025-09-30,CUST1156,Customer 55,Bengaluru,Karnataka,Desk,Furniture,1,12000,0.0,12000.0,Credit Card,Returned,,12000.0
ORD103034,2025-08-04,CUST1596,Customer 139,Delhi,Delhi,Desk,Furniture,1,12000,0.1,10800.0,Credit Card,Delivered,4.0,10800.0
ORD102348,2025-05-31,CUST1623,Customer 137,Kochi,Kerala,Headphones,Electronics,1,2500,0.2,2000.0,Cash on Delivery,Delivered,4.0,2000.0
ORD102993,2025-04-17,CUST1122,Customer 458,Hyderabad,Telangana,Smartwatch,Electronics,1,6500,0.2,5200.0,Credit Card,Cancelled,,5200.0
ORD100537,2025-08-05,CUST1605,Customer 5,Ahmedabad,Gujarat,Desk,Furniture,1,12000,0.1,10800.0,Net Banking,Delivered,5.0,10800.0
ORD100148,2025-05-23,CUST1423,Customer 348,Delhi,Delhi,Coffee Maker,Home Appliances,2,5200,0.2,8320.0,UPI,Delivered,3.0,8320.0
ORD100647,2025-11-13,CUST1151,Customer 428,Bengaluru,Karnataka,Headphones,Electronics,1,2500,0.1,2250.0,Cash on Delivery,Delivered,3.0,2250.0
ORD102791,2025-02-19,CUST1433,Customer 59,Pune,Maharashtra,Keyboard,Accessories,3,2200,0.0,6600.0,Debit Card,Delivered,4.0,6600.0
ORD100744,2025-12-17,CUST1024,Customer 368,Jaipur,Rajasthan,T-Shirt,Fashion,1,900,0.0,900.0,Credit Card,Cancelled,,900.0
ORD102001,2025-06-05,CUST1016,Customer 564,Kolkata,West Bengal,Desk,Furniture,1,12000,0.0,12000.0,Debit Card,Delivered,5.0,12000.0
ORD102427,2025-09-11,CUST1128,Customer 532,Bengaluru,Karnataka,Mixer Grinder,Home Appliances,1,3800,0.15,3230.0,Cash on Delivery,Delivered,4.0,3230.0
ORD100651,2025-07-09,CUST1107,Customer 575,Kolkata,West Bengal,Running Shoes,Fashion,1,4500,0.15,3825.0,Debit Card,Delivered,3.0,3825.0
ORD104004,2025-09-09,CUST1302,Customer 573,Kolkata,West Bengal,Backpack,Accessories,1,1800,0.05,1710.0,UPI,Delivered,5.0,1710.0
ORD100194,2025-08-21,CUST1262,Customer 159,Hyderabad,Telangana,Mixer Grinder,Home Appliances,1,3800,0.0,3800.0,UPI,Delivered,4.0,3800.0
ORD101944,2025-08-28,CUST1094,Customer 328,Jaipur,Rajasthan,Mixer Grinder,Home Appliances,1,3800,0.1,3420.0,Net Banking,Delivered,5.0,3420.0
ORD100939,2025-08-14,CUST1597,Customer 66,Kochi,Kerala,Laptop,Electronics,1,55000,0.0,55000.0,Cash on Delivery,Delivered,1.0,55000.0
ORD100167,2025-02-13,CUST1288,Customer 124,Bengaluru,Karnataka,Mixer Grinder,Home Appliances,1,3800,0.0,3800.0,Net Banking,Delivered,1.0,3800.0
ORD100543,2025-08-15,CUST1324,Customer 302,Delhi,Delhi,Smartwatch,Electronics,1,6500,0.05,6175.0,Cash on Delivery,Delivered,1.0,6175.0
ORD100649,2025-01-01,CUST1074,Customer 49,Mumbai,Maharashtra,Mixer Grinder,Home Appliances,2,3800,0.05,7220.0,Debit Card,Returned,,7220.0
ORD102817,2025-08-19,CUST1295,Customer 260,Ahmedabad,Gujarat,Headphones,Electronics,1,2500,0.1,2250.0,Credit Card,Returned,,2250.0
ORD100905,2025-07-11,CUST1122,Customer 420,Mumbai,Maharashtra,Coffee Maker,Home Appliances,2,5200,0.0,10400.0,UPI,Delivered,3.0,10400.0
ORD100628,2025-03-11,CUST1516,Customer 492,Delhi,Delhi,Smartphone,Electronics,2,28000,0.1,50400.0,UPI,Cancelled,,50400.0
ORD101967,2025-08-17,CUST1571,Customer 147,Pune,Maharashtra,Smartphone,Electronics,1,28000,0.2,22400.0,Debit Card,Returned,,22400.0
ORD103403,2025-12-10,CUST1401,Customer 357,Kochi,Kerala,Headphones,Electronics,1,2500,0.05,2375.0,Debit Card,Delivered,3.0,2375.0
ORD104118,2025-06-18,CUST1039,Customer 385,Kolkata,West Bengal,Smartwatch,Electronics,1,6500,0.05,6175.0,Cash on Delivery,Delivered,3.0,6175.0
ORD102466,2025-03-03,CUST1244,Customer 313,Mumbai,Maharashtra,Headphones,Electronics,1,2500,0.0,2500.0,Net Banking,Delivered,1.0,2500.0
ORD100440,2025-04-27,CUST1476,Customer 557,Delhi,Delhi,Keyboard,Accessories,1,2200,0.15,1870.0,Credit Card,Delivered,1.0,1870.0
ORD101102,2025-08-04,CUST1587,Customer 233,Bengaluru,Karnataka,Running Shoes,Fashion,2,4500,0.1,8100.0,UPI,Delivered,4.0,8100.0
ORD102380,2025-03-08,CUST1172,Customer 519,Ahmedabad,Gujarat,Backpack,Accessories,2,1800,0.2,2880.0,UPI,Delivered,3.0,2880.0
ORD103951,2025-09-09,CUST1064,Customer 219,Hyderabad,Telangana,Headphones,Electronics,1,2500,0.05,2375.0,Debit Card,Delivered,5.0,2375.0
ORD102678,2025-01-03,CUST1541,Customer 633,Chennai,Tamil Nadu,Backpack,Accessories,2,1800,0.1,3240.0,Credit Card,Returned,,3240.0
ORD100586,2025-02-08,CUST1055,Customer 578,Pune,Maharashtra,Backpack,Accessories,1,1800,0.1,1620.0,Debit Card,Returned,,1620.0
ORD102766,2025-04-26,CUST1512,Customer 48,Kochi,Kerala,Running Shoes,Fashion,1,4500,0.05,4275.0,UPI,Delivered,3.0,4275.0
ORD103478,2025-01-05,CUST1228,Customer 137,Chennai,Tamil Nadu,Headphones,Electronics,2,2500,0.15,4250.0,UPI,Returned,,4250.0
ORD101281,2025-06-10,CUST1329,Customer 202,Hyderabad,Telangana,Running Shoes,Fashion,1,4500,0.0,4500.0,Debit Card,Delivered,2.0,4500.0
ORD100372,2025-06-25,CUST1253,Customer 38,Delhi,Delhi,Desk,Furniture,1,12000,0.1,10800.0,Unknown,Cancelled,,10800.0
ORD101561,2025-09-19,CUST1380,Customer 117,Bengaluru,Karnataka,Coffee Maker,Home Appliances,1,5200,0.0,5200.0,Credit Card,Delivered,3.0,5200.0
ORD103256,2025-09-22,CUST1035,Customer 443,Chennai,Tamil Nadu,Headphones,Electronics,1,2500,0.05,2375.0,Cash on Delivery,Delivered,5.0,2375.0
ORD101553,2025-08-31,CUST1257,Customer 598,Kolkata,West Bengal,Office Chair,Furniture,1,9000,0.05,8550.0,Cash on Delivery,Delivered,5.0,8550.0
ORD103249,2025-09-02,CUST1650,Customer 417,Bengaluru,Karnataka,T-Shirt,Fashion,2,900,0.0,1800.0,UPI,Returned,,1800.0
ORD101754,2025-10-07,CUST1037,Unknown Customer,Chennai,Tamil Nadu,Smartphone,Electronics,1,28000,0.0,28000.0,UPI,Delivered,2.0,28000.0
ORD101272,2025-04-30,CUST1066,Customer 565,Chennai,Tamil Nadu,Mixer Grinder,Home Appliances,1,3800,0.1,3420.0,Debit Card,Delivered,1.0,3420.0
ORD101165,2025-01-01,CUST1111,Customer 616,Pune,Maharashtra,Backpack,Accessories,1,1800,0.05,1710.0,Cash on Delivery,Delivered,3.0,1710.0
ORD103131,2025-05-04,CUST1462,Customer 529,Hyderabad,Telangana,Coffee Maker,Home Appliances,1,5200,0.0,5200.0,UPI,Delivered,5.0,5200.0
ORD100290,2025-06-02,CUST1122,Customer 318,Ahmedabad,Gujarat,Backpack,Accessories,1,1800,0.1,1620.0,Net Banking,Delivered,5.0,1620.0
ORD102514,2025-04-23,CUST1037,Customer 348,Kolkata,West Bengal,T-Shirt,Fashion,1,900,0.05,855.0,Net Banking,Delivered,4.0,855.0
ORD103120,2025-03-24,CUST1519,Customer 22,Bengaluru,Karnataka,Headphones,Electronics,1,2500,0.1,2250.0,Net Banking,Returned,,2250.0
ORD102661,2025-01-19,CUST1118,Customer 421,Ahmedabad,Gujarat,T-Shirt,Fashion,1,900,0.05,855.0,Debit Card,Cancelled,,855.0
ORD102211,2025-06-01,CUST1342,Customer 240,Pune,Maharashtra,Coffee Maker,Home Appliances,1,5200,0.05,4940.0,Credit Card,Cancelled,,4940.0
ORD102526,2025-08-30,CUST1338,Customer 556,Delhi,Delhi,Smartphone,Electronics,1,28000,0.1,25200.0,UPI,Delivered,3.0,25200.0
ORD102768,2025-09-08,CUST1304,Customer 154,Mumbai,Maharashtra,Headphones,Electronics,1,2500,0.0,2500.0,Debit Card,Delivered,1.0,2500.0
ORD100904,2025-01-15,CUST1500,Customer 252,Mumbai,Maharashtra,Smartwatch,Electronics,1,6500,0.2,5200.0,Credit Card,Delivered,2.0,5200.0
ORD100326,2025-01-04,CUST1083,Customer 646,Delhi,Delhi,Headphones,Electronics,1,2500,0.05,2375.0,Debit Card,Delivered,3.0,2375.0
ORD102194,2025-06-21,CUST1373,Customer 362,Kochi,Kerala,Desk,Furniture,1,12000,0.1,10800.0,Net Banking,Delivered,1.0,10800.0
ORD101635,2025-04-02,CUST1205,Customer 40,Kolkata,West Bengal,Mixer Grinder,Home Appliances,1,3800,0.05,3610.0,Cash on Delivery,Returned,,3610.0
ORD100556,2025-10-06,CUST1106,Customer 519,Hyderabad,Telangana,Laptop,Electronics,1,55000,0.0,55000.0,Cash on Delivery,Returned,,55000.0
ORD103399,2025-01-31,CUST1468,Customer 293,Hyderabad,Telangana,Office Chair,Furniture,1,9000,0.0,9000.0,UPI,Cancelled,,9000.0
ORD103725,2025-12-30,CUST1584,Customer 342,Bengaluru,Karnataka,T-Shirt,Fashion,1,900,0.05,855.0,Debit Card,Returned,,855.0
ORD102852,2025-10-28,CUST1602,Customer 176,Pune,Maharashtra,Keyboard,Accessories,1,2200,0.05,2090.0,Cash on Delivery,Cancelled,,2090.0
ORD102479,2025-08-18,CUST1601,Customer 607,Kochi,Kerala,Headphones,Electronics,1,2500,0.0,2500.0,Net Banking,Delivered,5.0,2500.0
ORD101854,2025-12-14,CUST1411,Customer 375,Kochi,Kerala,Keyboard,Accessories,1,2200,0.0,2200.0,Credit Card,Delivered,5.0,2200.0
ORD103448,2025-12-20,CUST1282,Customer 572,Mumbai,Maharashtra,Keyboard,Accessories,1,2200,0.0,2200.0,Cash on Delivery,Delivered,4.0,2200.0
ORD103319,2025-11-27,CUST1085,Customer 521,Pune,Maharashtra,Office Chair,Furniture,1,9000,0.1,8100.0,Credit Card,Cancelled,,8100.0
ORD101650,2025-07-07,CUST1143,Customer 23,Pune,Maharashtra,Headphones,Electronics,1,2500,0.1,2250.0,Cash on Delivery,Delivered,5.0,2250.0
ORD100284,2025-04-14,CUST1104,Customer 192,Hyderabad,Telangana,Mixer Grinder,Home Appliances,1,3800,0.0,3800.0,Cash on Delivery,Cancelled,,3800.0
ORD100006,2025-07-08,CUST1118,Customer 209,Hyderabad,Telangana,Running Shoes,Fashion,1,4500,0.05,4275.0,Credit Card,Delivered,1.0,4275.0
ORD102374,2025-03-23,CUST1476,Customer 133,Bengaluru,Karnataka,Desk,Furniture,1,12000,0.0,12000.0,Credit Card,Delivered,5.0,12000.0
ORD101445,2025-01-25,CUST1636,Customer 15,Mumbai,Maharashtra,Laptop,Electronics,1,55000,0.05,52250.0,Credit Card,Cancelled,,52250.0
ORD102660,2025-04-28,CUST1038,Customer 545,Bengaluru,Karnataka,Coffee Maker,Home Appliances,3,5200,0.05,14820.0,UPI,Delivered,3.0,14820.0
ORD103980,2025-12-28,CUST1387,Customer 302,Chennai,Tamil Nadu,Running Shoes,Fashion,2,4500,0.1,8100.0,Net Banking,Delivered,3.0,8100.0
ORD102017,2025-11-21,CUST1636,Customer 368,Kochi,Kerala,Laptop,Electronics,2,55000,0.05,104500.0,Net Banking,Delivered,4.0,104500.0
ORD101394,2025-11-08,CUST1586,Customer 335,Kolkata,West Bengal,Office Chair,Furniture,3,9000,0.05,25650.0,Net Banking,Returned,,25650.0
ORD100676,2025-01-14,CUST1014,Customer 246,Chennai,Tamil Nadu,Smartphone,Electronics,1,28000,0.0,28000.0,Debit Card,Delivered,1.0,28000.0
ORD103393,2025-03-05,CUST1451,Customer 317,Hyderabad,Telangana,Running Shoes,Fashion,1,4500,0.05,4275.0,Debit Card,Delivered,1.0,4275.0
ORD102151,2025-05-04,CUST1206,Customer 521,Delhi,Delhi,Headphones,Electronics,1,2500,0.05,2375.0,UPI,Cancelled,,2375.0
ORD101294,2025-08-22,CUST1271,Customer 304,Kolkata,West Bengal,Desk,Furniture,1,12000,0.0,12000.0,Net Banking,Delivered,2.0,12000.0
ORD104056,2025-11-11,CUST1068,Customer 77,Kochi,Kerala,Laptop,Electronics,2,55000,0.1,99000.0,Net Banking,Delivered,5.0,99000.0
ORD101378,2025-09-24,CUST1292,Customer 342,Kochi,Kerala,T-Shirt,Fashion,1,900,0.0,900.0,Credit Card,Delivered,4.0,900.0
ORD101948,2025-11-30,CUST1246,Customer 114,Pune,Maharashtra,Smartphone,Electronics,2,28000,0.15,47600.0,Net Banking,Delivered,2.0,47600.0
ORD101350,2025-04-27,CUST1023,Customer 327,Chennai,Tamil Nadu,Keyboard,Accessories,2,2200,0.05,4180.0,Credit Card,Delivered,3.0,4180.0
ORD103639,2025-09-26,CUST1319,Customer 14,Chennai,Tamil Nadu,Coffee Maker,Home Appliances,1,5200,0.0,5200.0,Credit Card,Delivered,2.0,5200.0
ORD100843,2025-01-05,CUST1638,Customer 213,Kochi,Kerala,Keyboard,Accessories,1,2200,0.1,1980.0,Cash on Delivery,Delivered,3.0,1980.0
ORD101969,2025-06-13,CUST1519,Customer 362,Kochi,Kerala,Office Chair,Furniture,1,9000,0.0,9000.0,Net Banking,Delivered,3.0,9000.0
ORD100071,2025-02-13,CUST1215,Customer 375,Bengaluru,Karnataka,Mixer Grinder,Home Appliances,1,3800,0.0,3800.0,Credit Card,Cancelled,,3800.0
ORD100467,2025-07-04,CUST1106,Customer 196,Delhi,Delhi,Mixer Grinder,Home Appliances,1,3800,0.15,3230.0,UPI,Delivered,1.0,3230.0
ORD101664,2025-12-22,CUST1068,Customer 380,Chennai,Tamil Nadu,T-Shirt,Fashion,1,900,0.15,765.0,Net Banking,Delivered,3.0,765.0
ORD100047,2025-06-16,CUST1025,Customer 316,Chennai,Tamil Nadu,T-Shirt,Fashion,1,900,0.05,855.0,Debit Card,Returned,,855.0
ORD101164,2025-11-09,CUST1342,Customer 562,Hyderabad,Telangana,Smartwatch,Electronics,1,6500,0.1,5850.0,Credit Card,Cancelled,,5850.0
ORD100398,2025-03-04,CUST1458,Customer 95,Jaipur,Rajasthan,Running Shoes,Fashion,1,4500,0.2,3600.0,Cash on Delivery,Delivered,5.0,3600.0
ORD102874,2025-11-09,CUST1115,Customer 343,Kochi,Kerala,Keyboard,Accessories,1,2200,0.1,1980.0,Credit Card,Delivered,4.0,1980.0
ORD101668,2025-01-12,CUST1443,Customer 456,Delhi,Delhi,Coffee Maker,Home Appliances,2,5200,0.0,10400.0,Credit Card,Returned,,10400.0
ORD102932,2025-02-01,CUST1602,Customer 49,Hyderabad,Telangana,Mixer Grinder,Home Appliances,1,3800,0.0,3800.0,Credit Card,Cancelled,,3800.0
ORD100785,2025-03-07,CUST1118,Customer 6,Kolkata,West Bengal,Keyboard,Accessories,2,2200,0.15,3740.0,Debit Card,Delivered,3.0,3740.0
ORD101564,2025-02-23,CUST1592,Customer 407,Bengaluru,Karnataka,Laptop,Electronics,1,55000,0.1,49500.0,UPI,Delivered,1.0,49500.0
ORD103077,2025-03-08,CUST1158,Customer 474,Delhi,Delhi,Keyboard,Accessories,1,2200,0.05,2090.0,Net Banking,Cancelled,,2090.0
ORD100702,2025-07-11,CUST1577,Customer 134,Mumbai,Maharashtra,T-Shirt,Fashion,2,900,0.0,1800.0,Debit Card,Cancelled,,1800.0
ORD100423,2025-12-21,CUST1520,Customer 34,Ahmedabad,Gujarat,Laptop,Electronics,1,55000,0.0,55000.0,Cash on Delivery,Returned,,55000.0
ORD101176,2025-03-04,CUST1491,Customer 31,Hyderabad,Telangana,Coffee Maker,Home Appliances,1,5200,0.05,4940.0,Net Banking,Returned,,4940.0
ORD100925,2025-04-21,CUST1201,Customer 49,Ahmedabad,Gujarat,Mixer Grinder,Home Appliances,1,3800,0.05,3610.0,Debit Card,Cancelled,,3610.0
ORD103778,2025-01-21,CUST1451,Customer 107,Jaipur,Rajasthan,Mixer Grinder,Home Appliances,1,3800,0.05,3610.0,UPI,Delivered,2.0,3610.0
ORD101695,2025-12-18,CUST1119,Customer 302,Pune,Maharashtra,Headphones,Electronics,1,2500,0.05,2375.0,Cash on Delivery,Delivered,3.0,2375.0
ORD100817,2025-02-22,CUST1017,Customer 200,Chennai,Tamil Nadu,Desk,Furniture,2,12000,0.15,20400.0,Net Banking,Delivered,3.0,20400.0
ORD100518,2025-10-12,CUST1234,Customer 375,Pune,Maharashtra,T-Shirt,Fashion,1,900,0.0,900.0,Debit Card,Returned,,900.0
ORD104022,2025-02-03,CUST1378,Customer 469,Delhi,Delhi,Headphones,Electronics,2,2500,0.1,4500.0,UPI,Returned,,4500.0
ORD102109,2025-05-23,CUST1118,Unknown Customer,Ahmedabad,Gujarat,Keyboard,Accessories,1,2200,0.1,1980.0,Net Banking,Delivered,5.0,1980.0
ORD103191,2025-05-27,CUST1246,Customer 239,Chennai,Tamil Nadu,T-Shirt,Fashion,1,900,0.0,900.0,Credit Card,Delivered,4.0,900.0
ORD103497,2025-01-20,CUST1368,Customer 555,Bengaluru,Karnataka,Headphones,Electronics,1,2500,0.0,2500.0,Cash on Delivery,Delivered,2.0,2500.0
ORD102743,2025-06-08,CUST1191,Customer 482,Chennai,Tamil Nadu,Headphones,Electronics,1,2500,0.2,2000.0,Net Banking,Cancelled,,2000.0
ORD102121,2025-12-21,CUST1122,Customer 253,Pune,Maharashtra,Mixer Grinder,Home Appliances,1,3800,0.1,3420.0,Cash on Delivery,Delivered,4.0,3420.0
ORD103067,2025-06-05,CUST1416,Customer 329,Kochi,Kerala,Laptop,Electronics,1,55000,0.1,49500.0,Credit Card,Returned,,49500.0
ORD102523,2025-01-29,CUST1361,Customer 355,Ahmedabad,Gujarat,Running Shoes,Fashion,1,4500,0.05,4275.0,Credit Card,Delivered,4.0,4275.0
ORD101598,2025-01-09,CUST1341,Customer 557,Bengaluru,Karnataka,Laptop,Electronics,1,55000,0.1,49500.0,Cash on Delivery,Returned,,49500.0
ORD101100,2025-08-16,CUST1465,Customer 34,Ahmedabad,Gujarat,T-Shirt,Fashion,1,900,0.0,900.0,Cash on Delivery,Delivered,3.0,900.0
ORD102084,2025-06-10,CUST1303,Customer 99,Chennai,Tamil Nadu,Keyboard,Accessories,2,2200,0.1,3960.0,Cash on Delivery,Delivered,2.0,3960.0
ORD102407,2025-05-21,CUST1491,Customer 205,Ahmedabad,Gujarat,Running Shoes,Fashion,2,4500,0.0,9000.0,Cash on Delivery,Delivered,1.0,9000.0
ORD103847,2025-04-21,CUST1593,Customer 41,Kochi,Kerala,Laptop,Electronics,1,55000,0.05,52250.0,Credit Card,Delivered,4.0,52250.0
ORD101459,2025-09-07,CUST1506,Customer 388,Kolkata,West Bengal,Smartwatch,Electronics,1,6500,0.05,6175.0,Credit Card,Delivered,2.0,6175.0
ORD101717,2025-02-02,CUST1398,Customer 30,Mumbai,Maharashtra,T-Shirt,Fashion,3,900,0.05,2565.0,Credit Card,Delivered,4.0,2565.0
ORD101379,2025-10-23,CUST1469,Customer 418,Jaipur,Rajasthan,Laptop,Electronics,1,55000,0.0,55000.0,Debit Card,Delivered,5.0,55000.0
ORD103173,2025-10-31,CUST1218,Customer 254,Delhi,Delhi,Laptop,Electronics,1,55000,0.05,52250.0,Net Banking,Delivered,3.0,52250.0
ORD100989,2025-04-23,CUST1277,Customer 138,Jaipur,Rajasthan,Smartphone,Electronics,1,28000,0.05,26600.0,Credit Card,Delivered,4.0,26600.0
ORD101118,2025-10-09,CUST1629,Customer 266,Ahmedabad,Gujarat,Backpack,Accessories,1,1800,0.15,1530.0,Credit Card,Cancelled,,1530.0
ORD102078,2025-12-27,CUST1129,Customer 219,Mumbai,Maharashtra,Mixer Grinder,Home Appliances,1,3800,0.15,3230.0,Cash on Delivery,Delivered,2.0,3230.0
ORD103515,2025-08-04,CUST1100,Customer 616,Hyderabad,Telangana,Backpack,Accessories,1,1800,0.1,1620.0,Cash on Delivery,Delivered,1.0,1620.0
ORD103488,2025-11-06,CUST1600,Customer 50,Pune,Maharashtra,T-Shirt,Fashion,2,900,0.05,1710.0,Debit Card,Delivered,3.0,1710.0
ORD103550,2025-08-02,CUST1031,Customer 592,Mumbai,Maharashtra,Coffee Maker,Home Appliances,1,5200,0.1,4680.0,UPI,Returned,,4680.0
ORD101484,2025-12-30,CUST1141,Customer 483,Jaipur,Rajasthan,Keyboard,Accessories,1,2200,0.1,1980.0,UPI,Delivered,1.0,1980.0
ORD103507,2025-11-04,CUST1416,Customer 111,Ahmedabad,Gujarat,Laptop,Electronics,1,55000,0.1,49500.0,Net Banking,Delivered,3.0,49500.0
ORD103504,2025-10-31,CUST1548,Customer 226,Chennai,Tamil Nadu,Smartwatch,Electronics,1,6500,0.1,5850.0,Credit Card,Delivered,1.0,5850.0
ORD100189,2025-06-21,CUST1125,Customer 161,Pune,Maharashtra,Desk,Furniture,2,12000,0.2,19200.0,Cash on Delivery,Cancelled,,19200.0
ORD103137,2025-10-13,CUST1099,Customer 271,Kolkata,West Bengal,Keyboard,Accessories,1,2200,0.0,2200.0,Cash on Delivery,Returned,,2200.0
ORD100285,2025-12-06,CUST1549,Customer 377,Hyderabad,Telangana,Running Shoes,Fashion,1,4500,0.0,4500.0,Credit Card,Delivered,2.0,4500.0
ORD103649,2025-01-23,CUST1065,Customer 627,Chennai,Tamil Nadu,Coffee Maker,Home Appliances,2,5200,0.05,9880.0,Cash on Delivery,Cancelled,,9880.0
ORD100344,2025-04-09,CUST1575,Customer 68,Kochi,Kerala,Laptop,Electronics,2,55000,0.05,104500.0,Net Banking,Cancelled,,104500.0
ORD100008,2025-04-13,CUST1377,Customer 638,Bengaluru,Karnataka,T-Shirt,Fashion,1,900,0.15,765.0,Debit Card,Delivered,4.0,765.0
ORD100760,2025-09-17,CUST1044,Customer 32,Jaipur,Rajasthan,Desk,Furniture,1,12000,0.1,10800.0,Net Banking,Cancelled,,10800.0
ORD102062,2025-01-26,CUST1368,Customer 340,Kolkata,West Bengal,Smartwatch,Electronics,1,6500,0.05,6175.0,UPI,Delivered,4.0,6175.0
ORD103633,2025-08-19,CUST1522,Customer 111,Kochi,Kerala,Backpack,Accessories,1,1800,0.1,1620.0,Cash on Delivery,Cancelled,,1620.0
ORD102264,2025-02-11,CUST1479,Customer 167,Hyderabad,Telangana,Keyboard,Accessories,1,2200,0.0,2200.0,Net Banking,Cancelled,,2200.0
ORD102158,2025-10-04,CUST1077,Customer 580,Chennai,Tamil Nadu,T-Shirt,Fashion,1,900,0.0,900.0,Net Banking,Cancelled,,900.0
ORD101449,2025-02-28,CUST1605,Customer 650,Delhi,Delhi,Laptop,Electronics,1,55000,0.15,46750.0,Cash on Delivery,Delivered,3.0,46750.0
ORD101097,2025-10-21,CUST1298,Customer 38,Mumbai,Maharashtra,Laptop,Electronics,1,55000,0.1,49500.0,Cash on Delivery,Delivered,2.0,49500.0
ORD100055,2025-02-22,CUST1004,Customer 325,Ahmedabad,Gujarat,T-Shirt,Fashion,1,900,0.1,810.0,Cash on Delivery,Cancelled,,810.0
ORD103219,2025-06-02,CUST1417,Customer 509,Delhi,Delhi,Smartwatch,Electronics,2,6500,0.05,12350.0,UPI,Delivered,2.0,12350.0
ORD103260,2025-02-10,CUST1543,Customer 632,Chennai,Tamil Nadu,Mixer Grinder,Home Appliances,1,3800,0.0,3800.0,Debit Card,Delivered,1.0,3800.0
ORD104002,2025-08-04,CUST1097,Customer 538,Mumbai,Maharashtra,Headphones,Electronics,1,2500,0.1,2250.0,Debit Card,Delivered,5.0,2250.0
ORD101946,2025-10-25,CUST1559,Customer 503,Hyderabad,Telangana,Running Shoes,Fashion,1,4500,0.0,4500.0,Net Banking,Delivered,4.0,4500.0
ORD103751,2025-08-17,CUST1292,Customer 328,Kochi,Kerala,Office Chair,Furniture,2,9000,0.2,14400.0,Cash on Delivery,Delivered,2.0,14400.0
ORD101052,2025-02-11,CUST1176,Customer 367,Delhi,Delhi,Backpack,Accessories,1,1800,0.0,1800.0,Credit Card,Delivered,3.0,1800.0
ORD103306,2025-08-27,CUST1191,Customer 176,Ahmedabad,Gujarat,Coffee Maker,Home Appliances,2,5200,0.1,9360.0,Credit Card,Cancelled,,9360.0
ORD102279,2025-02-18,CUST1573,Customer 171,Kolkata,West Bengal,Smartphone,Electronics,3,28000,0.0,84000.0,Cash on Delivery,Delivered,1.0,84000.0
ORD102655,2025-07-08,CUST1033,Customer 388,Bengaluru,Karnataka,T-Shirt,Fashion,1,900,0.0,900.0,UPI,Delivered,2.0,900.0
ORD102555,2025-08-20,CUST1304,Customer 559,Pune,Maharashtra,Laptop,Electronics,2,55000,0.0,110000.0,UPI,Cancelled,,110000.0
ORD102464,2025-04-26,CUST1106,Customer 637,Hyderabad,Telangana,Smartwatch,Electronics,1,6500,0.0,6500.0,Debit Card,Delivered,3.0,6500.0
ORD103125,2025-06-22,CUST1566,Customer 228,Chennai,Tamil Nadu,Desk,Furniture,1,12000,0.15,10200.0,UPI,Delivered,5.0,10200.0
ORD102541,2025-03-10,CUST1609,Customer 150,Bengaluru,Karnataka,Smartphone,Electronics,3,28000,0.1,75600.0,Cash on Delivery,Delivered,1.0,75600.0
ORD102857,2025-12-04,CUST1061,Customer 553,Mumbai,Maharashtra,Headphones,Electronics,1,2500,0.1,2250.0,Credit Card,Delivered,4.0,2250.0
ORD103591,2025-06-13,CUST1609,Customer 232,Chennai,Tamil Nadu,Keyboard,Accessories,1,2200,0.1,1980.0,UPI,Cancelled,,1980.0
ORD101648,2025-07-10,CUST1495,Customer 615,Bengaluru,Karnataka,Smartphone,Electronics,1,28000,0.1,25200.0,UPI,Delivered,5.0,25200.0
ORD100882,2025-10-30,CUST1206,Customer 590,Jaipur,Rajasthan,Keyboard,Accessories,1,2200,0.0,2200.0,UPI,Delivered,2.0,2200.0
ORD101780,2025-09-30,CUST1240,Customer 59,Chennai,Tamil Nadu,Mixer Grinder,Home Appliances,1,3800,0.0,3800.0,Cash on Delivery,Delivered,3.0,3800.0
ORD101611,2025-06-25,CUST1158,Customer 151,Mumbai,Maharashtra,Backpack,Accessories,1,1800,0.1,1620.0,UPI,Delivered,4.0,1620.0
ORD103437,2025-10-05,CUST1143,Customer 54,Bengaluru,Karnataka,Coffee Maker,Home Appliances,1,5200,0.05,4940.0,Net Banking,Delivered,1.0,4940.0
ORD102012,2025-04-29,CUST1234,Customer 624,Hyderabad,Telangana,Smartwatch,Electronics,1,6500,0.05,6175.0,UPI,Returned,,6175.0
ORD102849,2025-03-11,CUST1077,Customer 55,Pune,Maharashtra,Laptop,Electronics,1,55000,0.05,52250.0,UPI,Delivered,1.0,52250.0
ORD100376,2025-01-26,CUST1036,Customer 311,Pune,Maharashtra,Desk,Furniture,1,12000,0.0,12000.0,Net Banking,Returned,,12000.0
ORD101583,2025-03-30,CUST1646,Customer 124,Chennai,Tamil Nadu,Coffee Maker,Home Appliances,1,5200,0.0,5200.0,Net Banking,Delivered,3.0,5200.0
ORD102245,2025-09-11,CUST1127,Customer 349,Delhi,Delhi,Smartwatch,Electronics,1,6500,0.0,6500.0,Net Banking,Delivered,4.0,6500.0
ORD101802,2025-01-11,CUST1545,Customer 303,Bengaluru,Karnataka,Headphones,Electronics,1,2500,0.1,2250.0,Net Banking,Delivered,4.0,2250.0
ORD103551,2025-06-20,CUST1370,Customer 320,Jaipur,Rajasthan,Desk,Furniture,1,12000,0.15,10200.0,UPI,Delivered,5.0,10200.0
ORD101337,2025-11-22,CUST1360,Customer 430,Ahmedabad,Gujarat,Backpack,Accessories,2,1800,0.2,2880.0,Cash on Delivery,Delivered,3.0,2880.0
ORD102032,2025-07-04,CUST1516,Customer 353,Ahmedabad,Gujarat,Mixer Grinder,Home Appliances,1,3800,0.05,3610.0,UPI,Delivered,5.0,3610.0
ORD101663,2025-03-23,CUST1525,Customer 301,Delhi,Delhi,T-Shirt,Fashion,1,900,0.05,855.0,Cash on Delivery,Cancelled,,855.0
ORD103287,2025-04-13,CUST1313,Customer 163,Pune,Maharashtra,Office Chair,Furniture,1,9000,0.05,8550.0,UPI,Cancelled,,8550.0
ORD100065,2025-02-23,CUST1029,Customer 304,Bengaluru,Karnataka,Keyboard,Accessories,1,2200,0.0,2200.0,Credit Card,Delivered,1.0,2200.0
ORD103907,2025-08-29,CUST1187,Customer 471,Pune,Maharashtra,Desk,Furniture,1,12000,0.0,12000.0,Debit Card,Returned,,12000.0
ORD103168,2025-03-05,CUST1076,Customer 426,Chennai,Tamil Nadu,Keyboard,Accessories,1,2200,0.05,2090.0,UPI,Delivered,3.0,2090.0
ORD102377,2025-08-04,CUST1583,Customer 245,Jaipur,Rajasthan,Mixer Grinder,Home Appliances,1,3800,0.0,3800.0,Credit Card,Cancelled,,3800.0
ORD100848,2025-11-22,CUST1590,Customer 583,Jaipur,Rajasthan,Desk,Furniture,1,12000,0.1,10800.0,Credit Card,Delivered,4.0,10800.0
ORD102428,2025-05-10,CUST1613,Customer 591,Bengaluru,Karnataka,Backpack,Accessories,3,1800,0.1,4860.0,Net Banking,Delivered,1.0,4860.0
ORD103908,2025-01-05,CUST1320,Customer 475,Chennai,Tamil Nadu,Office Chair,Furniture,1,9000,0.2,7200.0,UPI,Delivered,2.0,7200.0
ORD103020,2025-12-19,CUST1394,Customer 505,Chennai,Tamil Nadu,Laptop,Electronics,1,55000,0.1,49500.0,Debit Card,Delivered,1.0,49500.0
ORD101487,2025-01-04,CUST1241,Customer 496,Hyderabad,Telangana,Desk,Furniture,1,12000,0.1,10800.0,Net Banking,Delivered,1.0,10800.0
ORD100683,2025-11-26,CUST1129,Customer 256,Ahmedabad,Gujarat,Desk,Furniture,1,12000,0.0,12000.0,UPI,Delivered,1.0,12000.0
ORD100553,2025-09-25,CUST1629,Customer 96,Hyderabad,Telangana,Smartphone,Electronics,2,28000,0.05,53200.0,Credit Card,Cancelled,,53200.0
ORD100139,2025-03-04,CUST1620,Customer 161,Chennai,Tamil Nadu,Backpack,Accessories,3,1800,0.1,4860.0,UPI,Delivered,2.0,4860.0
ORD101462,2025-04-27,CUST1364,Customer 642,Ahmedabad,Gujarat,Mixer Grinder,Home Appliances,1,3800,0.1,3420.0,UPI,Delivered,3.0,3420.0
ORD102406,2025-01-25,CUST1327,Customer 350,Mumbai,Maharashtra,Running Shoes,Fashion,1,4500,0.1,4050.0,Debit Card,Delivered,5.0,4050.0
ORD100484,2025-09-07,CUST1263,Customer 538,Jaipur,Rajasthan,T-Shirt,Fashion,1,900,0.15,765.0,Debit Card,Delivered,3.0,765.0
ORD100236,2025-05-04,CUST1481,Customer 435,Delhi,Delhi,Laptop,Electronics,1,55000,0.05,52250.0,Cash on Delivery,Delivered,3.0,52250.0
ORD102214,2025-06-03,CUST1127,Customer 293,Kochi,Kerala,Running Shoes,Fashion,1,4500,0.0,4500.0,Cash on Delivery,Delivered,2.0,4500.0
ORD101812,2025-03-17,CUST1222,Customer 365,Delhi,Delhi,Office Chair,Furniture,1,9000,0.0,9000.0,Cash on Delivery,Delivered,2.0,9000.0
ORD102835,2025-08-01,CUST1060,Customer 485,Chennai,Tamil Nadu,Coffee Maker,Home Appliances,2,5200,0.1,9360.0,Debit Card,Delivered,1.0,9360.0
ORD102005,2025-11-30,CUST1189,Customer 620,Mumbai,Maharashtra,Smartphone,Electronics,1,28000,0.05,26600.0,Credit Card,Delivered,4.0,26600.0
ORD104063,2025-08-25,CUST1143,Customer 501,Ahmedabad,Gujarat,Backpack,Accessories,1,1800,0.1,1620.0,Cash on Delivery,Delivered,1.0,1620.0
ORD102395,2025-09-10,CUST1640,Customer 111,Bengaluru,Karnataka,Mixer Grinder,Home Appliances,2,3800,0.1,6840.0,Debit Card,Delivered,5.0,6840.0
ORD103754,2025-01-16,CUST1341,Customer 227,Mumbai,Maharashtra,Smartphone,Electronics,1,28000,0.0,28000.0,Cash on Delivery,Delivered,4.0,28000.0
ORD102433,2025-09-23,CUST1232,Customer 584,Kolkata,West Bengal,Keyboard,Accessories,1,2200,0.05,2090.0,Net Banking,Returned,,2090.0
ORD102752,2025-01-30,CUST1364,Customer 216,Bengaluru,Karnataka,Backpack,Accessories,1,1800,0.15,1530.0,Cash on Delivery,Cancelled,,1530.0
ORD101125,2025-11-26,CUST1118,Customer 600,Ahmedabad,Gujarat,Laptop,Electronics,1,55000,0.05,52250.0,UPI,Delivered,1.0,52250.0
ORD102639,2025-08-23,CUST1194,Customer 466,Chennai,Tamil Nadu,Coffee Maker,Home Appliances,2,5200,0.05,9880.0,Cash on Delivery,Delivered,3.0,9880.0
ORD103676,2025-12-27,CUST1224,Customer 168,Jaipur,Rajasthan,Laptop,Electronics,1,55000,0.0,55000.0,Debit Card,Returned,,55000.0
ORD100945,2025-10-04,CUST1549,Customer 552,Mumbai,Maharashtra,Smartphone,Electronics,1,28000,0.1,25200.0,Cash on Delivery,Returned,,25200.0
ORD101357,2025-08-07,CUST1649,Customer 617,Ahmedabad,Gujarat,Running Shoes,Fashion,1,4500,0.15,3825.0,UPI,Cancelled,,3825.0
ORD102224,2025-07-21,CUST1058,Customer 105,Delhi,Delhi,Coffee Maker,Home Appliances,1,5200,0.0,5200.0,Net Banking,Returned,,5200.0
ORD101631,2025-08-04,CUST1115,Customer 450,Kolkata,West Bengal,Keyboard,Accessories,3,2200,0.0,6600.0,Cash on Delivery,Delivered,5.0,6600.0
ORD103576,2025-03-08,CUST1010,Customer 139,Hyderabad,Telangana,Mixer Grinder,Home Appliances,1,3800,0.1,3420.0,Debit Card,Returned,,3420.0
ORD102484,2025-03-06,CUST1597,Customer 248,Chennai,Tamil Nadu,Smartphone,Electronics,1,28000,0.15,23800.0,Net Banking,Delivered,1.0,23800.0
ORD100823,2025-04-21,CUST1368,Customer 555,Pune,Maharashtra,T-Shirt,Fashion,1,900,0.05,855.0,Credit Card,Cancelled,,855.0
ORD100557,2025-08-05,CUST1074,Customer 5,Delhi,Delhi,Coffee Maker,Home Appliances,1,5200,0.0,5200.0,Credit Card,Cancelled,,5200.0
ORD101283,2025-03-26,CUST1534,Customer 509,Delhi,Delhi,Smartphone,Electronics,1,28000,0.05,26600.0,Net Banking,Returned,,26600.0
ORD100375,2025-09-04,CUST1030,Customer 627,Bengaluru,Karnataka,Smartwatch,Electronics,1,6500,0.15,5525.0,UPI,Cancelled,,5525.0
ORD103954,2025-11-16,CUST1610,Customer 469,Delhi,Delhi,Office Chair,Furniture,1,9000,0.05,8550.0,UPI,Delivered,5.0,8550.0
ORD104048,2025-04-24,CUST1099,Customer 30,Chennai,Tamil Nadu,Keyboard,Accessories,2,2200,0.0,4400.0,Debit Card,Cancelled,,4400.0
ORD102851,2025-11-25,CUST1082,Customer 263,Chennai,Tamil Nadu,Smartphone,Electronics,1,28000,0.2,22400.0,Cash on Delivery,Returned,,22400.0
ORD103342,2025-10-28,CUST1421,Customer 346,Mumbai,Maharashtra,Coffee Maker,Home Appliances,1,5200,0.15,4420.0,Cash on Delivery,Delivered,2.0,4420.0
ORD100083,2025-07-27,CUST1375,Customer 619,Chennai,Tamil Nadu,Running Shoes,Fashion,2,4500,0.05,8550.0,Debit Card,Cancelled,,8550.0
ORD101086,2025-10-16,CUST1186,Customer 558,Mumbai,Maharashtra,Coffee Maker,Home Appliances,2,5200,0.15,8840.0,Cash on Delivery,Delivered,1.0,8840.0
ORD100438,2025-12-12,CUST1558,Customer 650,Hyderabad,Telangana,Desk,Furniture,1,12000,0.0,12000.0,Credit Card,Delivered,1.0,12000.0
ORD102601,2025-01-11,CUST1564,Customer 150,Chennai,Tamil Nadu,Smartphone,Electronics,1,28000,0.0,28000.0,Cash on Delivery,Cancelled,,28000.0
ORD103468,2025-04-14,CUST1525,Customer 174,Pune,Maharashtra,T-Shirt,Fashion,1,900,0.05,855.0,Credit Card,Returned,,855.0
ORD102854,2025-07-03,CUST1037,Customer 181,Chennai,Tamil Nadu,Smartphone,Electronics,1,28000,0.05,26600.0,Cash on Delivery,Delivered,1.0,26600.0
ORD103145,2025-11-05,CUST1543,Customer 414,Ahmedabad,Gujarat,Smartwatch,Electronics,2,6500,0.1,11700.0,Credit Card,Cancelled,,11700.0
ORD104159,2025-09-29,CUST1368,Customer 471,Jaipur,Rajasthan,Keyboard,Accessories,2,2200,0.05,4180.0,Credit Card,Returned,,4180.0
ORD103381,2025-07-15,CUST1044,Customer 65,Kolkata,West Bengal,T-Shirt,Fashion,1,900,0.0,900.0,Debit Card,Returned,,900.0
ORD101109,2025-02-16,CUST1554,Customer 50,Kochi,Kerala,Smartphone,Electronics,1,28000,0.05,26600.0,Credit Card,Delivered,3.0,26600.0
ORD101569,2025-04-09,CUST1633,Customer 636,Hyderabad,Telangana,Headphones,Electronics,1,2500,0.05,2375.0,UPI,Cancelled,,2375.0
ORD101845,2025-09-19,CUST1355,Customer 489,Kochi,Kerala,T-Shirt,Fashion,1,900,0.0,900.0,Net Banking,Cancelled,,900.0
ORD101396,2025-09-07,CUST1370,Customer 181,Pune,Maharashtra,Coffee Maker,Home Appliances,1,5200,0.0,5200.0,Net Banking,Returned,,5200.0
ORD101252,2025-11-17,CUST1217,Customer 536,Mumbai,Maharashtra,Office Chair,Furniture,2,9000,0.05,17100.0,Cash on Delivery,Delivered,1.0,17100.0
ORD100211,2025-12-09,CUST1050,Customer 14,Chennai,Tamil Nadu,Laptop,Electronics,1,55000,0.0,55000.0,Net Banking,Delivered,4.0,55000.0
ORD101532,2025-10-20,CUST1616,Customer 43,Jaipur,Rajasthan,T-Shirt,Fashion,1,900,0.1,810.0,Net Banking,Delivered,1.0,810.0
ORD101616,2025-10-28,CUST1408,Customer 89,Hyderabad,Telangana,Smartwatch,Electronics,1,6500,0.05,6175.0,Cash on Delivery,Delivered,5.0,6175.0
ORD100156,2025-08-31,CUST1599,Customer 219,Jaipur,Rajasthan,Office Chair,Furniture,1,9000,0.1,8100.0,UPI,Cancelled,,8100.0
ORD100140,2025-12-18,CUST1030,Customer 473,Pune,Maharashtra,T-Shirt,Fashion,1,900,0.0,900.0,Cash on Delivery,Delivered,5.0,900.0
ORD100187,2025-11-03,CUST1563,Customer 362,Hyderabad,Telangana,Smartphone,Electronics,1,28000,0.05,26600.0,Cash on Delivery,Delivered,4.0,26600.0
ORD102417,2025-04-02,CUST1016,Customer 343,Kochi,Kerala,Smartphone,Electronics,1,28000,0.15,23800.0,Credit Card,Cancelled,,23800.0
ORD102499,2025-04-27,CUST1436,Customer 369,Delhi,Delhi,Keyboard,Accessories,2,2200,0.0,4400.0,Credit Card,Cancelled,,4400.0
ORD102326,2025-10-06,CUST1021,Customer 408,Jaipur,Rajasthan,Headphones,Electronics,1,2500,0.0,2500.0,Cash on Delivery,Delivered,2.0,2500.0
ORD103743,2025-10-30,CUST1542,Customer 594,Chennai,Tamil Nadu,Running Shoes,Fashion,1,4500,0.2,3600.0,UPI,Delivered,2.0,3600.0
ORD103291,2025-12-13,CUST1397,Customer 18,Kochi,Kerala,Laptop,Electronics,1,55000,0.0,55000.0,Net Banking,Returned,,55000.0
ORD102620,2025-04-29,CUST1029,Customer 467,Kochi,Kerala,Headphones,Electronics,1,2500,0.0,2500.0,Debit Card,Cancelled,,2500.0
ORD102725,2025-01-20,CUST1026,Customer 7,Ahmedabad,Gujarat,Headphones,Electronics,1,2500,0.0,2500.0,Debit Card,Delivered,1.0,2500.0
ORD103843,2025-07-27,CUST1603,Unknown Customer,Bengaluru,Karnataka,Keyboard,Accessories,1,2200,0.15,1870.0,Net Banking,Delivered,4.0,1870.0
ORD103426,2025-03-28,CUST1279,Customer 482,Mumbai,Maharashtra,Headphones,Electronics,1,2500,0.1,2250.0,Cash on Delivery,Delivered,2.0,2250.0
ORD100872,2025-12-03,CUST1024,Customer 222,Kolkata,West Bengal,Smartphone,Electronics,1,28000,0.05,26600.0,Credit Card,Delivered,2.0,26600.0
ORD101739,2025-08-24,CUST1503,Customer 184,Ahmedabad,Gujarat,Keyboard,Accessories,1,2200,0.05,2090.0,Cash on Delivery,Delivered,4.0,2090.0
ORD102015,2025-09-02,CUST1077,Customer 110,Mumbai,Maharashtra,Laptop,Electronics,1,55000,0.0,55000.0,UPI,Delivered,3.0,55000.0
ORD100715,2025-01-10,CUST1041,Customer 304,Kolkata,West Bengal,Smartwatch,Electronics,1,6500,0.0,6500.0,Net Banking,Delivered,2.0,6500.0
ORD101157,2025-09-24,CUST1539,Customer 54,Hyderabad,Telangana,Keyboard,Accessories,1,2200,0.1,1980.0,UPI,Delivered,5.0,1980.0
ORD101759,2025-01-27,CUST1516,Customer 165,Ahmedabad,Gujarat,Desk,Furniture,1,12000,0.0,12000.0,Credit Card,Delivered,5.0,12000.0
ORD103164,2025-06-07,CUST1644,Customer 357,Jaipur,Rajasthan,Keyboard,Accessories,1,2200,0.0,2200.0,Debit Card,Returned,,2200.0
ORD102010,2025-10-12,CUST1146,Customer 272,Delhi,Delhi,Smartphone,Electronics,1,28000,0.0,28000.0,UPI,Delivered,2.0,28000.0
ORD102016,2025-02-28,CUST1325,Customer 151,Hyderabad,Telangana,Office Chair,Furniture,1,9000,0.0,9000.0,Credit Card,Delivered,4.0,9000.0
ORD103957,2025-11-28,CUST1644,Customer 593,Hyderabad,Telangana,Laptop,Electronics,1,55000,0.05,52250.0,UPI,Delivered,1.0,52250.0
ORD100594,2025-06-12,CUST1453,Customer 553,Jaipur,Rajasthan,Laptop,Electronics,1,55000,0.0,55000.0,Cash on Delivery,Delivered,2.0,55000.0
ORD102883,2025-11-01,CUST1117,Customer 576,Pune,Maharashtra,T-Shirt,Fashion,2,900,0.1,1620.0,UPI,Returned,,1620.0
ORD102676,2025-12-30,CUST1383,Customer 466,Jaipur,Rajasthan,Office Chair,Furniture,1,9000,0.05,8550.0,Credit Card,Returned,,8550.0
ORD102477,2025-08-07,CUST1443,Customer 99,Ahmedabad,Gujarat,Smartphone,Electronics,1,28000,0.1,25200.0,UPI,Cancelled,,25200.0
ORD103279,2025-01-19,CUST1504,Customer 367,Ahmedabad,Gujarat,Laptop,Electronics,2,55000,0.0,110000.0,Net Banking,Delivered,2.0,110000.0
ORD101033,2025-11-16,CUST1485,Customer 13,Ahmedabad,Gujarat,T-Shirt,Fashion,2,900,0.1,1620.0,UPI,Delivered,5.0,1620.0
ORD102769,2025-09-08,CUST1410,Customer 418,Chennai,Tamil Nadu,Office Chair,Furniture,1,9000,0.1,8100.0,Credit Card,Returned,,8100.0
ORD100345,2025-07-07,CUST1483,Customer 207,Hyderabad,Telangana,Headphones,Electronics,1,2500,0.05,2375.0,Cash on Delivery,Returned,,2375.0
ORD103625,2025-10-17,CUST1435,Customer 450,Kolkata,West Bengal,Desk,Furniture,1,12000,0.0,12000.0,UPI,Delivered,1.0,12000.0
ORD103441,2025-11-01,CUST1425,Customer 58,Ahmedabad,Gujarat,Keyboard,Accessories,1,2200,0.0,2200.0,Net Banking,Delivered,3.0,2200.0
ORD102474,2025-05-13,CUST1137,Customer 628,Kochi,Kerala,Smartphone,Electronics,2,28000,0.2,44800.0,UPI,Delivered,3.0,44800.0
ORD101085,2025-04-07,CUST1522,Customer 149,Chennai,Tamil Nadu,Running Shoes,Fashion,1,4500,0.05,4275.0,Credit Card,Delivered,2.0,4275.0
ORD100052,2025-08-30,CUST1016,Customer 91,Pune,Maharashtra,Coffee Maker,Home Appliances,1,5200,0.1,4680.0,Net Banking,Returned,,4680.0
ORD103253,2025-12-29,CUST1322,Customer 43,Hyderabad,Telangana,Running Shoes,Fashion,1,4500,0.05,4275.0,Cash on Delivery,Returned,,4275.0
ORD101864,2025-01-22,CUST1395,Customer 351,Chennai,Tamil Nadu,Keyboard,Accessories,1,2200,0.05,2090.0,Net Banking,Returned,,2090.0
ORD103523,2025-04-02,CUST1212,Customer 289,Mumbai,Maharashtra,Laptop,Electronics,2,55000,0.1,99000.0,Credit Card,Cancelled,,99000.0
ORD100974,2025-03-03,CUST1293,Customer 334,Jaipur,Rajasthan,Mixer Grinder,Home Appliances,1,3800,0.1,3420.0,Debit Card,Cancelled,,3420.0
ORD104173,2025-02-17,CUST1057,Customer 426,Hyderabad,Telangana,T-Shirt,Fashion,1,900,0.1,810.0,Net Banking,Delivered,5.0,810.0
ORD102872,2025-06-03,CUST1528,Customer 591,Pune,Maharashtra,Laptop,Electronics,1,55000,0.0,55000.0,Cash on Delivery,Delivered,2.0,55000.0
ORD103179,2025-02-04,CUST1066,Customer 624,Mumbai,Maharashtra,Backpack,Accessories,1,1800,0.0,1800.0,Net Banking,Delivered,5.0,1800.0
ORD100519,2025-01-12,CUST1395,Customer 36,Mumbai,Maharashtra,Backpack,Accessories,1,1800,0.0,1800.0,Credit Card,Delivered,5.0,1800.0
ORD103303,2025-05-07,CUST1646,Customer 112,Hyderabad,Telangana,Backpack,Accessories,2,1800,0.2,2880.0,Net Banking,Delivered,1.0,2880.0
ORD103787,2025-05-18,CUST1369,Customer 215,Kochi,Kerala,Mixer Grinder,Home Appliances,1,3800,0.0,3800.0,UPI,Delivered,5.0,3800.0
ORD100880,2025-06-29,CUST1431,Customer 495,Delhi,Delhi,Running Shoes,Fashion,1,4500,0.05,4275.0,Net Banking,Cancelled,,4275.0
ORD101651,2025-01-07,CUST1582,Customer 364,Delhi,Delhi,Office Chair,Furniture,1,9000,0.05,8550.0,Net Banking,Returned,,8550.0
ORD102265,2025-10-15,CUST1389,Customer 272,Bengaluru,Karnataka,Headphones,Electronics,1,2500,0.05,2375.0,Debit Card,Returned,,2375.0
ORD104050,2025-02-27,CUST1398,Customer 271,Ahmedabad,Gujarat,Backpack,Accessories,2,1800,0.05,3420.0,Net Banking,Delivered,4.0,3420.0
ORD100953,2025-12-16,CUST1304,Customer 398,Kochi,Kerala,Coffee Maker,Home Appliances,1,5200,0.05,4940.0,UPI,Delivered,3.0,4940.0
ORD103208,2025-03-08,CUST1441,Customer 595,Pune,Maharashtra,Running Shoes,Fashion,1,4500,0.05,4275.0,Credit Card,Delivered,4.0,4275.0
ORD103099,2025-08-07,CUST1527,Customer 441,Delhi,Delhi,Office Chair,Furniture,1,9000,0.1,8100.0,Cash on Delivery,Delivered,4.0,8100.0
ORD101810,2025-03-29,CUST1045,Customer 333,Hyderabad,Telangana,Keyboard,Accessories,1,2200,0.15,1870.0,UPI,Delivered,1.0,1870.0
ORD102910,2025-01-05,CUST1042,Customer 611,Ahmedabad,Gujarat,Running Shoes,Fashion,1,4500,0.0,4500.0,Credit Card,Delivered,2.0,4500.0
ORD101190,2025-06-01,CUST1136,Customer 489,Jaipur,Rajasthan,Desk,Furniture,2,12000,0.0,24000.0,Cash on Delivery,Delivered,5.0,24000.0
ORD103934,2025-01-08,CUST1606,Customer 274,Kolkata,West Bengal,Laptop,Electronics,1,55000,0.1,49500.0,Cash on Delivery,Delivered,1.0,49500.0
ORD101054,2025-10-23,CUST1231,Customer 301,Ahmedabad,Gujarat,Mixer Grinder,Home Appliances,1,3800,0.05,3610.0,UPI,Returned,,3610.0
ORD104014,2025-05-21,CUST1488,Customer 244,Kochi,Kerala,Desk,Furniture,1,12000,0.1,10800.0,Debit Card,Cancelled,,10800.0
ORD102394,2025-10-08,CUST1061,Customer 579,Kochi,Kerala,Backpack,Accessories,1,1800,0.1,1620.0,Credit Card,Cancelled,,1620.0
ORD100998,2025-05-19,CUST1138,Customer 574,Hyderabad,Telangana,Laptop,Electronics,1,55000,0.15,46750.0,Debit Card,Cancelled,,46750.0
ORD101257,2025-11-24,CUST1412,Customer 187,Pune,Maharashtra,T-Shirt,Fashion,2,900,0.0,1800.0,Cash on Delivery,Delivered,2.0,1800.0
ORD101359,2025-04-08,CUST1405,Customer 304,Ahmedabad,Gujarat,Mixer Grinder,Home Appliances,1,3800,0.0,3800.0,Net Banking,Delivered,2.0,3800.0
ORD101490,2025-06-10,CUST1389,Customer 583,Delhi,Delhi,Running Shoes,Fashion,1,4500,0.05,4275.0,Credit Card,Delivered,2.0,4275.0
ORD101565,2025-02-16,CUST1152,Customer 551,Hyderabad,Telangana,Backpack,Accessories,1,1800,0.0,1800.0,Cash on Delivery,Delivered,1.0,1800.0
ORD102744,2025-07-07,CUST1601,Customer 437,Chennai,Tamil Nadu,Coffee Maker,Home Appliances,1,5200,0.0,5200.0,Cash on Delivery,Returned,,5200.0
ORD103580,2025-02-06,CUST1386,Customer 546,Pune,Maharashtra,Mixer Grinder,Home Appliances,1,3800,0.0,3800.0,UPI,Delivered,3.0,3800.0
ORD102241,2025-01-11,CUST1165,Customer 223,Chennai,Tamil Nadu,Headphones,Electronics,1,2500,0.0,2500.0,Cash on Delivery,Delivered,1.0,2500.0
ORD100289,2025-04-09,CUST1329,Customer 573,Mumbai,Maharashtra,Office Chair,Furniture,2,9000,0.15,15300.0,Cash on Delivery,Cancelled,,15300.0
ORD103651,2025-03-15,CUST1565,Customer 346,Delhi,Delhi,Desk,Furniture,3,12000,0.05,34200.0,Cash on Delivery,Delivered,3.0,34200.0
ORD101021,2025-11-01,CUST1418,Customer 468,Bengaluru,Karnataka,Keyboard,Accessories,1,2200,0.0,2200.0,UPI,Delivered,5.0,2200.0
ORD103809,2025-01-29,CUST1338,Customer 33,Jaipur,Rajasthan,Smartwatch,Electronics,2,6500,0.0,13000.0,Net Banking,Cancelled,,13000.0
ORD100126,2025-04-11,CUST1071,Customer 71,Delhi,Delhi,Keyboard,Accessories,1,2200,0.1,1980.0,Cash on Delivery,Delivered,2.0,1980.0
ORD100365,2025-05-31,CUST1528,Customer 310,Kochi,Kerala,T-Shirt,Fashion,1,900,0.0,900.0,Cash on Delivery,Delivered,4.0,900.0
ORD103615,2025-05-25,CUST1167,Customer 519,Chennai,Tamil Nadu,Headphones,Electronics,1,2500,0.05,2375.0,Cash on Delivery,Cancelled,,2375.0
ORD100986,2025-07-31,CUST1485,Customer 328,Jaipur,Rajasthan,Keyboard,Accessories,1,2200,0.05,2090.0,Cash on Delivery,Delivered,4.0,2090.0
ORD100877,2025-04-23,CUST1149,Customer 380,Delhi,Delhi,T-Shirt,Fashion,1,900,0.1,810.0,Debit Card,Returned,,810.0
ORD101103,2025-07-03,CUST1379,Customer 603,Kolkata,West Bengal,T-Shirt,Fashion,2,900,0.1,1620.0,Cash on Delivery,Delivered,4.0,1620.0
ORD103777,2025-12-22,CUST1023,Customer 197,Kolkata,West Bengal,Desk,Furniture,1,12000,0.0,12000.0,Cash on Delivery,Delivered,1.0,12000.0
ORD101526,2025-07-12,CUST1572,Customer 517,Mumbai,Maharashtra,Coffee Maker,Home Appliances,1,5200,0.05,4940.0,Cash on Delivery,Delivered,5.0,4940.0
ORD102352,2025-12-27,CUST1525,Customer 294,Bengaluru,Karnataka,Mixer Grinder,Home Appliances,1,3800,0.05,3610.0,Cash on Delivery,Delivered,2.0,3610.0
ORD102347,2025-10-19,CUST1203,Customer 639,Hyderabad,Telangana,Laptop,Electronics,1,55000,0.0,55000.0,Debit Card,Returned,,55000.0
ORD102576,2025-12-26,CUST1301,Customer 200,Kochi,Kerala,Desk,Furniture,1,12000,0.0,12000.0,Cash on Delivery,Delivered,4.0,12000.0
ORD101246,2025-03-28,CUST1303,Customer 576,Kolkata,West Bengal,Smartphone,Electronics,1,28000,0.0,28000.0,Credit Card,Delivered,3.0,28000.0
ORD101060,2025-06-28,CUST1054,Customer 277,Delhi,Delhi,Running Shoes,Fashion,1,4500,0.1,4050.0,Debit Card,Cancelled,,4050.0
ORD104010,2025-04-11,CUST1288,Customer 214,Hyderabad,Telangana,Running Shoes,Fashion,1,4500,0.05,4275.0,Net Banking,Delivered,4.0,4275.0
ORD100589,2025-02-11,CUST1487,Customer 204,Delhi,Delhi,Coffee Maker,Home Appliances,2,5200,0.05,9880.0,Cash on Delivery,Delivered,2.0,9880.0
ORD101686,2025-08-21,CUST1448,Customer 410,Pune,Maharashtra,Keyboard,Accessories,1,2200,0.1,1980.0,Debit Card,Returned,,1980.0
ORD102548,2025-02-12,CUST1455,Customer 615,Chennai,Tamil Nadu,Laptop,Electronics,1,55000,0.05,52250.0,Debit Card,Delivered,1.0,52250.0
ORD102013,2025-02-04,CUST1448,Customer 584,Ahmedabad,Gujarat,T-Shirt,Fashion,1,900,0.05,855.0,Debit Card,Cancelled,,855.0
ORD101989,2025-11-09,CUST1049,Customer 415,Delhi,Delhi,Mixer Grinder,Home Appliances,1,3800,0.0,3800.0,Debit Card,Delivered,3.0,3800.0
ORD101306,2025-12-30,CUST1595,Customer 342,Kochi,Kerala,Headphones,Electronics,1,2500,0.1,2250.0,Cash on Delivery,Delivered,2.0,2250.0
ORD101519,2025-01-03,CUST1207,Customer 647,Delhi,Delhi,Headphones,Electronics,1,2500,0.0,2500.0,UPI,Delivered,3.0,2500.0
ORD101823,2025-12-19,CUST1058,Customer 13,Ahmedabad,Gujarat,Desk,Furniture,1,12000,0.05,11400.0,Cash on Delivery,Cancelled,,11400.0
ORD103110,2025-01-30,CUST1088,Customer 240,Ahmedabad,Gujarat,Headphones,Electronics,1,2500,0.1,2250.0,Debit Card,Delivered,2.0,2250.0
ORD102755,2025-12-22,CUST1219,Customer 541,Jaipur,Rajasthan,Running Shoes,Fashion,2,4500,0.0,9000.0,Net Banking,Cancelled,,9000.0
ORD103967,2025-04-18,CUST1261,Customer 435,Chennai,Tamil Nadu,Smartwatch,Electronics,1,6500,0.1,5850.0,Net Banking,Cancelled,,5850.0
ORD101513,2025-08-27,CUST1542,Customer 635,Kochi,Kerala,Smartwatch,Electronics,2,6500,0.05,12350.0,Debit Card,Cancelled,,12350.0
ORD103252,2025-04-16,CUST1473,Customer 292,Mumbai,Maharashtra,Mixer Grinder,Home Appliances,1,3800,0.1,3420.0,Net Banking,Delivered,4.0,3420.0
ORD102695,2025-02-23,CUST1126,Customer 265,Kolkata,West Bengal,Desk,Furniture,1,12000,0.0,12000.0,Cash on Delivery,Delivered,3.0,12000.0
ORD103178,2025-11-20,CUST1488,Customer 310,Delhi,Delhi,Office Chair,Furniture,1,9000,0.5,4500.0,Credit Card,Delivered,3.0,9000.0
ORD102782,2025-03-19,CUST1094,Customer 260,Jaipur,Rajasthan,Laptop,Electronics,1,55000,0.05,52250.0,Debit Card,Returned,,52250.0
ORD104016,2025-01-10,CUST1251,Customer 212,Bengaluru,Karnataka,Backpack,Accessories,1,1800,0.1,1620.0,Cash on Delivery,Delivered,3.0,1620.0
ORD101150,2025-04-02,CUST1449,Customer 264,Kochi,Kerala,T-Shirt,Fashion,1,900,0.0,900.0,Debit Card,Cancelled,,900.0
ORD101578,2025-01-03,CUST1381,Customer 422,Jaipur,Rajasthan,Smartphone,Electronics,2,28000,0.1,50400.0,Debit Card,Delivered,5.0,50400.0
ORD100976,2025-12-01,CUST1083,Customer 543,Bengaluru,Karnataka,Running Shoes,Fashion,1,4500,0.05,4275.0,Credit Card,Delivered,2.0,4275.0
ORD103133,2025-10-02,CUST1075,Customer 429,Ahmedabad,Gujarat,Laptop,Electronics,1,55000,0.05,52250.0,Net Banking,Delivered,2.0,52250.0
ORD103546,2025-07-27,CUST1209,Customer 243,Jaipur,Rajasthan,Laptop,Electronics,1,55000,0.1,49500.0,Credit Card,Delivered,2.0,49500.0
ORD100385,2025-11-17,CUST1035,Customer 113,Hyderabad,Telangana,Backpack,Accessories,1,1800,0.2,1440.0,Net Banking,Delivered,5.0,1440.0
ORD100162,2025-03-03,CUST1183,Customer 306,Ahmedabad,Gujarat,Desk,Furniture,2,12000,0.05,22800.0,Debit Card,Delivered,5.0,22800.0
ORD102908,2025-11-26,CUST1606,Customer 594,Kochi,Kerala,Smartphone,Electronics,1,28000,0.1,25200.0,Cash on Delivery,Delivered,4.0,25200.0
ORD103763,2025-08-25,CUST1005,Customer 377,Delhi,Delhi,Running Shoes,Fashion,1,4500,0.1,4050.0,Credit Card,Delivered,1.0,4050.0
ORD102538,2025-12-09,CUST1430,Customer 518,Kochi,Kerala,Running Shoes,Fashion,1,4500,0.0,4500.0,Debit Card,Returned,,4500.0
ORD103059,2025-12-16,CUST1212,Customer 54,Hyderabad,Telangana,Backpack,Accessories,2,1800,0.0,3600.0,Debit Card,Returned,,3600.0
ORD101736,2025-01-27,CUST1486,Customer 173,Bengaluru,Karnataka,Headphones,Electronics,2,2500,0.0,5000.0,Credit Card,Delivered,1.0,5000.0
ORD100478,2025-04-10,CUST1260,Customer 279,Delhi,Delhi,Coffee Maker,Home Appliances,1,5200,0.2,4160.0,Cash on Delivery,Delivered,2.0,4160.0
ORD101798,2025-12-04,CUST1222,Customer 329,Delhi,Delhi,Running Shoes,Fashion,1,4500,0.0,4500.0,Net Banking,Delivered,1.0,4500.0
ORD101006,2025-05-18,CUST1581,Customer 177,Jaipur,Rajasthan,Smartphone,Electronics,1,28000,0.1,25200.0,Credit Card,Delivered,2.0,25200.0
ORD101398,2025-08-27,CUST1310,Customer 274,Pune,Maharashtra,Desk,Furniture,2,12000,0.05,22800.0,Debit Card,Returned,,22800.0
ORD102490,2025-12-04,CUST1496,Customer 297,Chennai,Tamil Nadu,Laptop,Electronics,1,55000,0.1,49500.0,Cash on Delivery,Delivered,3.0,49500.0
ORD100632,2025-07-01,CUST1554,Customer 350,Chennai,Tamil Nadu,Coffee Maker,Home Appliances,1,5200,0.05,4940.0,Net Banking,Returned,,4940.0
ORD102026,2025-09-08,CUST1075,Customer 460,Chennai,Tamil Nadu,Headphones,Electronics,1,2500,0.05,2375.0,Credit Card,Returned,,2375.0
ORD103432,2025-03-18,CUST1027,Customer 207,Jaipur,Rajasthan,Headphones,Electronics,1,2500,0.0,2500.0,Credit Card,Cancelled,,2500.0
ORD103851,2025-09-21,CUST1640,Customer 374,Chennai,Tamil Nadu,Headphones,Electronics,1,2500,0.0,2500.0,Net Banking,Returned,,2500.0
ORD100640,2025-06-22,CUST1636,Customer 262,Ahmedabad,Gujarat,Running Shoes,Fashion,1,4500,0.2,3600.0,Cash on Delivery,Delivered,1.0,3600.0
ORD101521,2025-06-07,CUST1240,Customer 60,Kochi,Kerala,Desk,Furniture,2,12000,0.0,24000.0,Credit Card,Delivered,2.0,24000.0
ORD103804,2025-04-12,CUST1608,Customer 429,Bengaluru,Karnataka,Keyboard,Accessories,1,2200,0.05,2090.0,UPI,Delivered,4.0,2090.0
ORD103283,2025-09-25,CUST1444,Customer 118,Hyderabad,Telangana,Running Shoes,Fashion,1,4500,0.0,4500.0,Cash on Delivery,Returned,,4500.0
ORD101399,2025-05-28,CUST1361,Customer 69,Chennai,Tamil Nadu,Laptop,Electronics,1,55000,0.2,44000.0,Debit Card,Delivered,5.0,44000.0
ORD102772,2025-04-28,CUST1024,Customer 470,Jaipur,Rajasthan,Mixer Grinder,Home Appliances,1,3800,0.1,3420.0,UPI,Returned,,3420.0
ORD104028,2025-08-29,CUST1601,Customer 442,Kolkata,West Bengal,Laptop,Electronics,1,55000,0.0,55000.0,Credit Card,Delivered,4.0,55000.0
ORD100494,2025-04-06,CUST1515,Customer 68,Kolkata,West Bengal,Headphones,Electronics,1,2500,0.0,2500.0,Cash on Delivery,Cancelled,,2500.0
ORD103376,2025-04-10,CUST1097,Customer 282,Bengaluru,Karnataka,Running Shoes,Fashion,1,4500,0.0,4500.0,Cash on Delivery,Cancelled,,4500.0
ORD103949,2025-03-09,CUST1169,Customer 538,Kochi,Kerala,Mixer Grinder,Home Appliances,1,3800,0.1,3420.0,Cash on Delivery,Delivered,4.0,3420.0
ORD100119,2025-10-20,CUST1647,Customer 234,Kochi,Kerala,Coffee Maker,Home Appliances,1,5200,0.05,4940.0,Cash on Delivery,Delivered,4.0,4940.0
ORD102329,2025-04-14,CUST1421,Customer 24,Hyderabad,Telangana,Office Chair,Furniture,1,9000,0.15,7650.0,Credit Card,Delivered,2.0,7650.0
ORD103421,2025-02-06,CUST1254,Customer 380,Kolkata,West Bengal,Running Shoes,Fashion,2,4500,0.0,9000.0,UPI,Returned,,9000.0
ORD104198,2025-06-18,CUST1081,Customer 373,Pune,Maharashtra,Mixer Grinder,Home Appliances,2,3800,0.1,6840.0,Credit Card,Returned,,6840.0
ORD101091,2025-01-10,CUST1465,Customer 132,Hyderabad,Telangana,Headphones,Electronics,1,2500,0.0,2500.0,UPI,Delivered,4.0,2500.0
ORD102938,2025-05-23,CUST1103,Customer 175,Chennai,Tamil Nadu,Smartphone,Electronics,1,28000,0.2,22400.0,Credit Card,Delivered,5.0,22400.0
ORD103563,2025-07-03,CUST1285,Customer 313,Pune,Maharashtra,Headphones,Electronics,2,2500,0.05,4750.0,Credit Card,Delivered,2.0,4750.0
ORD102463,2025-03-04,CUST1565,Customer 125,Mumbai,Maharashtra,Keyboard,Accessories,1,2200,0.0,2200.0,UPI,Delivered,1.0,2200.0
ORD102275,2025-12-19,CUST1356,Customer 401,Jaipur,Rajasthan,Keyboard,Accessories,1,2200,0.0,2200.0,UPI,Delivered,5.0,2200.0
ORD103424,2025-12-23,CUST1284,Customer 298,Chennai,Tamil Nadu,Backpack,Accessories,1,1800,0.05,1710.0,Debit Card,Cancelled,,1710.0
ORD100771,2025-09-16,CUST1217,Customer 98,Kolkata,West Bengal,T-Shirt,Fashion,2,900,0.0,1800.0,Debit Card,Delivered,1.0,1800.0
ORD102853,2025-08-16,CUST1297,Customer 260,Hyderabad,Telangana,Keyboard,Accessories,2,2200,0.05,4180.0,Debit Card,Returned,,4180.0
ORD104131,2025-07-31,CUST1234,Customer 235,Pune,Maharashtra,Laptop,Electronics,1,55000,0.0,55000.0,Credit Card,Returned,,55000.0
ORD102997,2025-10-02,CUST1065,Unknown Customer,Jaipur,Rajasthan,Laptop,Electronics,1,55000,0.0,55000.0,Net Banking,Delivered,5.0,55000.0
ORD102918,2025-05-24,CUST1322,Customer 459,Ahmedabad,Gujarat,Mixer Grinder,Home Appliances,1,3800,0.0,3800.0,Cash on Delivery,Cancelled,,3800.0
ORD103324,2025-07-20,CUST1143,Customer 70,Ahmedabad,Gujarat,Coffee Maker,Home Appliances,1,5200,0.0,5200.0,Net Banking,Returned,,5200.0
ORD102621,2025-02-08,CUST1068,Customer 131,Kochi,Kerala,Laptop,Electronics,2,55000,0.1,99000.0,Cash on Delivery,Delivered,4.0,99000.0
ORD101998,2025-04-30,CUST1466,Customer 95,Jaipur,Rajasthan,Office Chair,Furniture,1,9000,0.15,7650.0,Credit Card,Delivered,4.0,7650.0
ORD100206,2025-04-23,CUST1560,Customer 561,Kolkata,West Bengal,Headphones,Electronics,1,2500,0.0,2500.0,Cash on Delivery,Delivered,3.0,2500.0
ORD101001,2025-09-16,CUST1496,Customer 146,Kolkata,West Bengal,Desk,Furniture,1,12000,0.2,9600.0,Cash on Delivery,Returned,,9600.0
ORD103857,2025-05-12,CUST1453,Customer 70,Hyderabad,Telangana,Running Shoes,Fashion,1,4500,0.0,4500.0,Net Banking,Delivered,2.0,4500.0
ORD102721,2025-02-07,CUST1018,Customer 630,Kolkata,West Bengal,Coffee Maker,Home Appliances,1,5200,0.0,5200.0,UPI,Delivered,3.0,5200.0
ORD101807,2025-09-24,CUST1347,Customer 302,Kochi,Kerala,Office Chair,Furniture,1,9000,0.1,8100.0,Credit Card,Delivered,3.0,8100.0
ORD100400,2025-05-05,CUST1169,Customer 143,Jaipur,Rajasthan,Laptop,Electronics,2,55000,0.2,88000.0,Cash on Delivery,Delivered,2.0,88000.0
ORD101990,2025-03-05,CUST1354,Customer 213,Mumbai,Maharashtra,Smartwatch,Electronics,1,6500,0.05,6175.0,Cash on Delivery,Delivered,3.0,6175.0
ORD101576,2025-05-25,CUST1076,Customer 19,Delhi,Delhi,Smartphone,Electronics,1,28000,0.0,28000.0,Cash on Delivery,Delivered,2.0,28000.0
ORD102600,2025-08-14,CUST1348,Customer 551,Hyderabad,Telangana,T-Shirt,Fashion,3,900,0.05,2565.0,Debit Card,Delivered,4.0,2565.0
ORD101199,2025-05-30,CUST1266,Customer 291,Jaipur,Rajasthan,Smartphone,Electronics,1,28000,0.15,23800.0,UPI,Delivered,3.0,23800.0
ORD102369,2025-01-12,CUST1382,Customer 504,Jaipur,Rajasthan,Running Shoes,Fashion,1,4500,0.05,4275.0,UPI,Delivered,1.0,4275.0
ORD100470,2025-03-10,CUST1255,Customer 264,Kolkata,West Bengal,Mixer Grinder,Home Appliances,2,3800,0.0,7600.0,Credit Card,Returned,,7600.0
ORD103681,2025-12-15,CUST1511,Customer 619,Kolkata,West Bengal,Keyboard,Accessories,1,2200,0.1,1980.0,Debit Card,Delivered,1.0,1980.0
ORD104171,2025-09-30,CUST1027,Customer 72,Chennai,Tamil Nadu,Laptop,Electronics,1,55000,0.0,55000.0,Net Banking,Delivered,2.0,55000.0
ORD100861,2025-09-06,CUST1334,Customer 523,Bengaluru,Karnataka,Coffee Maker,Home Appliances,1,5200,0.0,5200.0,Credit Card,Delivered,2.0,5200.0
ORD100867,2025-12-16,CUST1647,Customer 278,Bengaluru,Karnataka,Coffee Maker,Home Appliances,1,5200,0.1,4680.0,Cash on Delivery,Delivered,5.0,4680.0
ORD102592,2025-12-13,CUST1225,Customer 143,Delhi,Delhi,Laptop,Electronics,2,55000,0.0,110000.0,Credit Card,Delivered,4.0,110000.0
ORD100080,2025-07-09,CUST1378,Customer 376,Hyderabad,Telangana,Backpack,Accessories,1,1800,0.0,1800.0,Debit Card,Returned,,1800.0
ORD100534,2025-11-10,CUST1293,Customer 49,Ahmedabad,Gujarat,Keyboard,Accessories,2,2200,0.05,4180.0,Debit Card,Cancelled,,4180.0
ORD103871,2025-05-13,CUST1366,Customer 620,Mumbai,Maharashtra,Smartphone,Electronics,1,28000,0.0,28000.0,Net Banking,Delivered,1.0,28000.0
ORD102506,2025-03-23,CUST1211,Customer 202,Mumbai,Maharashtra,Headphones,Electronics,1,2500,0.1,2250.0,UPI,Delivered,3.0,2250.0
ORD102339,2025-03-25,CUST1063,Customer 556,Kolkata,West Bengal,Backpack,Accessories,1,1800,0.0,1800.0,Net Banking,Delivered,5.0,1800.0
ORD103779,2025-09-09,CUST1121,Customer 615,Chennai,Tamil Nadu,Coffee Maker,Home Appliances,1,5200,0.1,4680.0,Cash on Delivery,Delivered,4.0,4680.0
ORD100371,2025-09-03,CUST1133,Customer 649,Hyderabad,Telangana,Backpack,Accessories,1,1800,0.0,1800.0,Net Banking,Returned,,1800.0
ORD100266,2025-09-11,CUST1234,Customer 24,Bengaluru,Karnataka,Smartwatch,Electronics,1,6500,0.05,6175.0,Credit Card,Delivered,5.0,6175.0
ORD101613,2025-03-22,CUST1438,Customer 2,Mumbai,Maharashtra,Laptop,Electronics,3,55000,0.05,156750.0,UPI,Cancelled,,156750.0
ORD101502,2025-04-06,CUST1255,Customer 67,Hyderabad,Telangana,Office Chair,Furniture,1,9000,0.05,8550.0,Cash on Delivery,Delivered,3.0,8550.0
ORD104055,2025-09-23,CUST1184,Customer 290,Delhi,Delhi,Backpack,Accessories,1,1800,0.1,1620.0,UPI,Delivered,3.0,1620.0
ORD100165,2025-01-28,CUST1263,Customer 643,Chennai,Tamil Nadu,Keyboard,Accessories,3,2200,0.0,6600.0,UPI,Delivered,2.0,6600.0
ORD103605,2025-07-07,CUST1086,Customer 269,Ahmedabad,Gujarat,Headphones,Electronics,1,2500,0.0,2500.0,Cash on Delivery,Returned,,2500.0
ORD103803,2025-04-21,CUST1522,Customer 557,Bengaluru,Karnataka,T-Shirt,Fashion,2,900,0.05,1710.0,Net Banking,Delivered,1.0,1710.0
ORD100474,2025-07-23,CUST1416,Customer 614,Mumbai,Maharashtra,T-Shirt,Fashion,1,900,0.0,900.0,UPI,Delivered,3.0,900.0
ORD100876,2025-01-08,CUST1390,Customer 343,Chennai,Tamil Nadu,Keyboard,Accessories,1,2200,0.0,2200.0,Cash on Delivery,Delivered,2.0,2200.0
ORD102246,2025-09-15,CUST1190,Customer 86,Kolkata,West Bengal,Running Shoes,Fashion,1,4500,0.0,4500.0,Cash on Delivery,Cancelled,,4500.0
ORD100186,2025-08-13,CUST1155,Customer 535,Chennai,Tamil Nadu,Smartphone,Electronics,2,28000,0.1,50400.0,Debit Card,Cancelled,,50400.0
ORD102166,2025-08-27,CUST1032,Customer 327,Chennai,Tamil Nadu,T-Shirt,Fashion,2,900,0.1,1620.0,Credit Card,Returned,,1620.0
ORD102470,2025-04-02,CUST1572,Customer 493,Kochi,Kerala,Desk,Furniture,1,12000,0.1,10800.0,Debit Card,Delivered,5.0,10800.0
ORD101476,2025-04-18,CUST1494,Customer 143,Ahmedabad,Gujarat,Coffee Maker,Home Appliances,1,5200,0.05,4940.0,Cash on Delivery,Returned,,4940.0
ORD102305,2025-04-26,CUST1329,Customer 494,Kolkata,West Bengal,Running Shoes,Fashion,1,4500,0.1,4050.0,Credit Card,Delivered,1.0,4050.0
ORD100136,2025-12-12,CUST1456,Customer 249,Hyderabad,Telangana,Backpack,Accessories,1,1800,0.0,1800.0,Credit Card,Returned,,1800.0
ORD103703,2025-04-10,CUST1190,Customer 218,Mumbai,Maharashtra,Mixer Grinder,Home Appliances,1,3800,0.0,3800.0,Debit Card,Delivered,4.0,3800.0
ORD103500,2025-03-11,CUST1585,Customer 68,Mumbai,Maharashtra,Mixer Grinder,Home Appliances,1,3800,0.05,3610.0,Net Banking,Delivered,4.0,3610.0
ORD103646,2025-01-31,CUST1584,Customer 640,Bengaluru,Karnataka,Laptop,Electronics,1,55000,0.1,49500.0,Debit Card,Delivered,1.0,49500.0
ORD103124,2025-10-11,CUST1359,Customer 2,Mumbai,Maharashtra,T-Shirt,Fashion,2,900,0.0,1800.0,Net Banking,Delivered,2.0,1800.0
ORD101855,2025-11-14,CUST1562,Customer 340,Ahmedabad,Gujarat,Keyboard,Accessories,1,2200,0.2,1760.0,Net Banking,Delivered,4.0,1760.0
ORD100327,2025-02-04,CUST1639,Customer 191,Jaipur,Rajasthan,Desk,Furniture,2,12000,0.05,22800.0,Debit Card,Delivered,2.0,22800.0
ORD102915,2025-03-07,CUST1251,Customer 265,Delhi,Delhi,Smartphone,Electronics,1,28000,0.05,26600.0,Debit Card,Returned,,26600.0
ORD100319,2025-10-04,CUST1331,Customer 467,Pune,Maharashtra,Coffee Maker,Home Appliances,1,5200,0.0,5200.0,Net Banking,Delivered,1.0,5200.0
ORD102323,2025-05-24,CUST1387,Customer 648,Chennai,Tamil Nadu,Mixer Grinder,Home Appliances,1,3800,0.05,3610.0,Cash on Delivery,Cancelled,,3610.0
ORD103086,2025-04-27,CUST1349,Customer 400,Kochi,Kerala,Keyboard,Accessories,1,2200,0.0,2200.0,Debit Card,Delivered,1.0,2200.0
ORD102892,2025-10-16,CUST1029,Customer 552,Ahmedabad,Gujarat,Running Shoes,Fashion,1,4500,0.0,4500.0,Debit Card,Returned,,4500.0
ORD102098,2025-01-19,CUST1143,Customer 244,Bengaluru,Karnataka,Running Shoes,Fashion,1,4500,0.05,4275.0,Cash on Delivery,Delivered,1.0,4275.0
ORD103912,2025-09-05,CUST1158,Customer 158,Delhi,Delhi,Desk,Furniture,1,12000,0.0,12000.0,Net Banking,Delivered,2.0,12000.0
ORD103535,2025-08-13,CUST1135,Customer 328,Pune,Maharashtra,Keyboard,Accessories,2,2200,0.1,3960.0,Debit Card,Delivered,4.0,3960.0
ORD102575,2025-09-13,CUST1280,Customer 337,Mumbai,Maharashtra,Running Shoes,Fashion,2,4500,0.15,7650.0,UPI,Returned,,7650.0
ORD102501,2025-07-15,CUST1105,Customer 439,Hyderabad,Telangana,Smartphone,Electronics,2,28000,0.0,56000.0,Credit Card,Delivered,3.0,56000.0
ORD103733,2025-07-30,CUST1379,Customer 327,Ahmedabad,Gujarat,Keyboard,Accessories,1,2200,0.1,1980.0,UPI,Delivered,3.0,1980.0
ORD102731,2025-01-14,CUST1200,Customer 513,Jaipur,Rajasthan,Coffee Maker,Home Appliances,1,5200,0.05,4940.0,Cash on Delivery,Returned,,4940.0
ORD100463,2025-03-17,CUST1517,Customer 176,Pune,Maharashtra,Desk,Furniture,1,12000,0.2,9600.0,Cash on Delivery,Delivered,2.0,9600.0
ORD101229,2025-09-14,CUST1365,Customer 574,Chennai,Tamil Nadu,Smartwatch,Electronics,1,6500,0.1,5850.0,Net Banking,Delivered,3.0,5850.0
ORD102984,2025-10-10,CUST1155,Customer 499,Ahmedabad,Gujarat,Office Chair,Furniture,1,9000,0.0,9000.0,Credit Card,Delivered,4.0,9000.0
ORD103578,2025-10-19,CUST1630,Customer 255,Jaipur,Rajasthan,Mixer Grinder,Home Appliances,1,3800,0.0,3800.0,UPI,Delivered,2.0,3800.0
ORD101372,2025-11-03,CUST1305,Customer 599,Jaipur,Rajasthan,Keyboard,Accessories,1,2200,0.05,2090.0,Cash on Delivery,Delivered,4.0,2090.0
ORD101493,2025-11-07,CUST1515,Customer 137,Mumbai,Maharashtra,Coffee Maker,Home Appliances,1,5200,0.15,4420.0,Credit Card,Delivered,4.0,4420.0
ORD100648,2025-12-27,CUST1067,Customer 156,Mumbai,Maharashtra,Running Shoes,Fashion,1,4500,0.05,4275.0,Debit Card,Delivered,2.0,4275.0
ORD103801,2025-05-18,CUST1204,Customer 86,Jaipur,Rajasthan,Laptop,Electronics,1,55000,0.0,55000.0,Net Banking,Delivered,5.0,55000.0
ORD103106,2025-11-24,CUST1574,Customer 482,Pune,Maharashtra,Laptop,Electronics,2,55000,0.1,99000.0,Debit Card,Delivered,5.0,99000.0
ORD101834,2025-12-25,CUST1040,Customer 250,Kolkata,West Bengal,T-Shirt,Fashion,3,900,0.15,2295.0,Credit Card,Delivered,3.0,2295.0
ORD100860,2025-10-09,CUST1111,Customer 641,Ahmedabad,Gujarat,T-Shirt,Fashion,1,900,0.2,720.0,Cash on Delivery,Cancelled,,720.0
ORD102296,2025-05-10,CUST1206,Customer 318,Kochi,Kerala,Smartphone,Electronics,1,28000,0.05,26600.0,UPI,Delivered,3.0,26600.0
ORD103039,2025-10-04,CUST1148,Customer 605,Mumbai,Maharashtra,Mixer Grinder,Home Appliances,1,3800,0.1,3420.0,Debit Card,Returned,,3420.0
ORD103228,2025-04-03,CUST1189,Customer 418,Kochi,Kerala,Headphones,Electronics,1,2500,0.0,2500.0,UPI,Delivered,5.0,2500.0
ORD104166,2025-09-11,CUST1015,Customer 40,Chennai,Tamil Nadu,Mixer Grinder,Home Appliances,2,3800,0.1,6840.0,UPI,Cancelled,,6840.0
ORD100692,2025-03-31,CUST1348,Customer 254,Ahmedabad,Gujarat,T-Shirt,Fashion,1,900,0.0,900.0,Cash on Delivery,Delivered,3.0,900.0
ORD101464,2025-05-17,CUST1083,Customer 360,Kochi,Kerala,Smartwatch,Electronics,1,6500,0.0,6500.0,Net Banking,Delivered,4.0,6500.0
ORD104112,2025-12-31,CUST1393,Customer 624,Jaipur,Rajasthan,Smartwatch,Electronics,1,6500,0.0,6500.0,Debit Card,Delivered,1.0,6500.0
ORD101582,2025-04-30,CUST1450,Customer 539,Bengaluru,Karnataka,Laptop,Electronics,1,55000,0.1,49500.0,Cash on Delivery,Delivered,1.0,49500.0
ORD102029,2025-08-05,CUST1349,Customer 7,Jaipur,Rajasthan,Coffee Maker,Home Appliances,1,5200,0.0,5200.0,Net Banking,Delivered,3.0,5200.0
ORD100217,2025-06-21,CUST1092,Customer 609,Chennai,Tamil Nadu,Headphones,Electronics,1,2500,0.0,2500.0,UPI,Delivered,4.0,2500.0
ORD102288,2025-07-19,CUST1487,Customer 160,Pune,Maharashtra,T-Shirt,Fashion,1,900,0.05,855.0,Net Banking,Delivered,1.0,855.0
ORD101277,2025-11-07,CUST1353,Customer 203,Mumbai,Maharashtra,Mixer Grinder,Home Appliances,1,3800,0.0,3800.0,Credit Card,Delivered,3.0,3800.0
ORD100544,2025-06-26,CUST1016,Customer 526,Delhi,Delhi,Office Chair,Furniture,1,9000,0.0,9000.0,UPI,Delivered,1.0,9000.0
ORD102759,2025-08-16,CUST1081,Customer 549,Kochi,Kerala,Laptop,Electronics,1,55000,0.05,52250.0,Cash on Delivery,Delivered,2.0,52250.0
ORD102046,2025-12-07,CUST1088,Customer 618,Mumbai,Maharashtra,Headphones,Electronics,1,2500,0.15,2125.0,Debit Card,Delivered,5.0,2125.0
ORD101489,2025-07-29,CUST1160,Customer 397,Hyderabad,Telangana,Laptop,Electronics,1,55000,0.05,52250.0,Credit Card,Delivered,4.0,52250.0
ORD103464,2025-09-30,CUST1129,Customer 404,Bengaluru,Karnataka,Running Shoes,Fashion,1,4500,0.05,4275.0,Net Banking,Delivered,5.0,4275.0
ORD101683,2025-06-12,CUST1342,Customer 239,Jaipur,Rajasthan,T-Shirt,Fashion,1,900,0.15,765.0,Net Banking,Delivered,5.0,765.0
ORD102487,2025-08-30,CUST1478,Customer 185,Hyderabad,Telangana,Smartphone,Electronics,1,28000,0.1,25200.0,Net Banking,Delivered,4.0,25200.0
ORD103739,2025-12-25,CUST1614,Customer 512,Pune,Maharashtra,Office Chair,Furniture,1,9000,0.15,7650.0,Credit Card,Delivered,1.0,7650.0
ORD101986,2025-09-21,CUST1146,Customer 503,Kochi,Kerala,Coffee Maker,Home Appliances,1,5200,0.15,4420.0,Net Banking,Delivered,4.0,4420.0
ORD101269,2025-03-29,CUST1036,Customer 410,Mumbai,Maharashtra,Mixer Grinder,Home Appliances,1,3800,0.05,3610.0,UPI,Delivered,3.0,3610.0
ORD102909,2025-12-07,CUST1573,Customer 38,Pune,Maharashtra,Keyboard,Accessories,2,2200,0.15,3740.0,UPI,Delivered,1.0,3740.0
ORD102999,2025-05-17,CUST1547,Customer 69,Hyderabad,Telangana,Office Chair,Furniture,2,9000,0.1,16200.0,Net Banking,Returned,,16200.0
ORD102375,2025-10-18,CUST1237,Customer 53,Ahmedabad,Gujarat,Laptop,Electronics,1,55000,0.0,55000.0,Net Banking,Delivered,3.0,55000.0
ORD100227,2025-10-21,CUST1043,Customer 626,Delhi,Delhi,T-Shirt,Fashion,1,900,0.1,810.0,Net Banking,Delivered,5.0,810.0
ORD104007,2025-02-24,CUST1409,Customer 62,Ahmedabad,Gujarat,Headphones,Electronics,2,2500,0.05,4750.0,UPI,Delivered,1.0,4750.0
ORD100554,2025-07-02,CUST1219,Customer 332,Delhi,Delhi,Desk,Furniture,1,12000,0.2,9600.0,Cash on Delivery,Delivered,3.0,9600.0
ORD100062,2025-02-19,CUST1012,Customer 209,Chennai,Tamil Nadu,Backpack,Accessories,1,1800,0.0,1800.0,Cash on Delivery,Returned,,1800.0
ORD102933,2025-10-04,CUST1440,Customer 237,Jaipur,Rajasthan,T-Shirt,Fashion,1,900,0.0,900.0,Credit Card,Delivered,1.0,900.0
ORD101443,2025-07-17,CUST1263,Customer 222,Kolkata,West Bengal,Laptop,Electronics,1,55000,0.1,49500.0,Credit Card,Delivered,2.0,49500.0
ORD103782,2025-01-13,CUST1262,Customer 646,Hyderabad,Telangana,Headphones,Electronics,1,2500,0.05,2375.0,Credit Card,Cancelled,,2375.0
ORD101733,2025-06-24,CUST1234,Customer 375,Ahmedabad,Gujarat,Keyboard,Accessories,1,2200,0.0,2200.0,UPI,Returned,,2200.0
ORD102060,2025-04-24,CUST1156,Customer 406,Bengaluru,Karnataka,Headphones,Electronics,1,2500,0.0,2500.0,Credit Card,Returned,,2500.0
ORD102021,2025-01-12,CUST1407,Customer 26,Chennai,Tamil Nadu,Headphones,Electronics,1,2500,0.1,2250.0,Cash on Delivery,Delivered,4.0,2250.0
ORD102204,2025-01-09,CUST1057,Customer 42,Delhi,Delhi,Mixer Grinder,Home Appliances,2,3800,0.0,7600.0,Cash on Delivery,Delivered,1.0,7600.0
ORD103953,2025-07-03,CUST1126,Unknown Customer,Mumbai,Maharashtra,Smartphone,Electronics,1,28000,0.2,22400.0,Debit Card,Delivered,2.0,22400.0
ORD103826,2025-06-19,CUST1629,Customer 503,Ahmedabad,Gujarat,Running Shoes,Fashion,1,4500,0.0,4500.0,Debit Card,Delivered,5.0,4500.0
ORD101840,2025-11-01,CUST1537,Customer 432,Chennai,Tamil Nadu,Running Shoes,Fashion,1,4500,0.1,4050.0,UPI,Delivered,4.0,4050.0
ORD103950,2025-12-21,CUST1513,Customer 506,Jaipur,Rajasthan,Mixer Grinder,Home Appliances,2,3800,0.15,6460.0,Cash on Delivery,Delivered,2.0,6460.0
ORD103987,2025-07-06,CUST1614,Customer 502,Kochi,Kerala,Laptop,Electronics,1,55000,0.2,44000.0,UPI,Delivered,2.0,44000.0
ORD103540,2025-10-21,CUST1316,Customer 215,Bengaluru,Karnataka,Mixer Grinder,Home Appliances,1,3800,0.05,3610.0,Credit Card,Cancelled,,3610.0
ORD103439,2025-03-10,CUST1271,Customer 441,Hyderabad,Telangana,T-Shirt,Fashion,3,900,0.0,2700.0,Net Banking,Cancelled,,2700.0
ORD100662,2025-10-30,CUST1201,Customer 346,Bengaluru,Karnataka,Running Shoes,Fashion,1,4500,0.0,4500.0,Debit Card,Delivered,3.0,4500.0
ORD101636,2025-12-19,CUST1398,Customer 459,Kochi,Kerala,Office Chair,Furniture,1,9000,0.15,7650.0,UPI,Cancelled,,7650.0
ORD100349,2025-06-10,CUST1382,Customer 245,Mumbai,Maharashtra,Mixer Grinder,Home Appliances,1,3800,0.1,3420.0,UPI,Cancelled,,3420.0
ORD101575,2025-03-03,CUST1572,Customer 22,Kochi,Kerala,Desk,Furniture,1,12000,0.0,12000.0,Net Banking,Delivered,5.0,12000.0
ORD100298,2025-06-10,CUST1265,Customer 263,Jaipur,Rajasthan,Backpack,Accessories,1,1800,0.05,1710.0,Cash on Delivery,Returned,,1710.0
ORD102215,2025-12-13,CUST1275,Customer 117,Hyderabad,Telangana,Backpack,Accessories,1,1800,0.1,1620.0,Net Banking,Delivered,5.0,1620.0
ORD101881,2025-12-22,CUST1519,Customer 23,Hyderabad,Telangana,Laptop,Electronics,1,55000,0.05,52250.0,Credit Card,Cancelled,,52250.0
ORD103849,2025-06-09,CUST1476,Customer 252,Chennai,Tamil Nadu,Mixer Grinder,Home Appliances,1,3800,0.1,3420.0,Net Banking,Delivered,5.0,3420.0
ORD102584,2025-08-05,CUST1226,Customer 334,Mumbai,Maharashtra,Office Chair,Furniture,1,9000,0.05,8550.0,Cash on Delivery,Delivered,3.0,8550.0
ORD100205,2025-07-06,CUST1428,Customer 351,Pune,Maharashtra,Running Shoes,Fashion,1,4500,0.0,4500.0,Cash on Delivery,Delivered,2.0,4500.0
ORD101734,2025-03-25,CUST1035,Customer 444,Bengaluru,Karnataka,Office Chair,Furniture,1,9000,0.1,8100.0,Net Banking,Delivered,3.0,8100.0
ORD100907,2025-01-28,CUST1001,Customer 244,Kochi,Kerala,Keyboard,Accessories,1,2200,0.05,2090.0,Debit Card,Cancelled,,2090.0
ORD100914,2025-10-27,CUST1478,Customer 488,Jaipur,Rajasthan,Mixer Grinder,Home Appliances,2,3800,0.05,7220.0,Debit Card,Delivered,4.0,7220.0
ORD102403,2025-12-02,CUST1147,Customer 344,Bengaluru,Karnataka,Backpack,Accessories,1,1800,0.0,1800.0,Cash on Delivery,Delivered,1.0,1800.0
ORD102235,2025-04-29,CUST1280,Customer 353,Mumbai,Maharashtra,Backpack,Accessories,1,1800,0.0,1800.0,UPI,Delivered,4.0,1800.0
ORD102826,2025-06-23,CUST1604,Customer 105,Jaipur,Rajasthan,Headphones,Electronics,1,2500,0.0,2500.0,Credit Card,Delivered,5.0,2500.0
ORD100269,2025-06-09,CUST1199,Customer 555,Delhi,Delhi,Running Shoes,Fashion,1,4500,0.0,4500.0,Net Banking,Delivered,3.0,4500.0
ORD104027,2025-11-23,CUST1058,Customer 155,Chennai,Tamil Nadu,Desk,Furniture,1,12000,0.0,12000.0,UPI,Cancelled,,12000.0
ORD101034,2025-12-15,CUST1481,Customer 76,Chennai,Tamil Nadu,Smartphone,Electronics,1,28000,0.05,26600.0,UPI,Delivered,3.0,26600.0
ORD102059,2025-08-06,CUST1196,Customer 542,Kolkata,West Bengal,Smartwatch,Electronics,1,6500,0.0,6500.0,Debit Card,Returned,,6500.0
ORD101754,2025-10-07,CUST1037,Customer 512,Chennai,Tamil Nadu,Smartphone,Electronics,1,28000,0.0,28000.0,UPI,Delivered,2.0,28000.0
ORD101305,2025-12-08,CUST1246,Customer 266,Hyderabad,Telangana,Smartphone,Electronics,2,28000,0.0,56000.0,UPI,Delivered,3.0,56000.0
ORD101771,2025-12-15,CUST1396,Customer 231,Pune,Maharashtra,Smartwatch,Electronics,3,6500,0.05,18525.0,Net Banking,Returned,,18525.0
ORD101234,2025-04-24,CUST1070,Customer 184,Ahmedabad,Gujarat,Desk,Furniture,1,12000,0.1,10800.0,Net Banking,Delivered,4.0,10800.0
ORD103956,2025-03-31,CUST1633,Customer 142,Delhi,Delhi,Headphones,Electronics,1,2500,0.05,2375.0,Net Banking,Delivered,2.0,2375.0
ORD102604,2025-09-30,CUST1366,Customer 46,Hyderabad,Telangana,Desk,Furniture,2,12000,0.0,24000.0,UPI,Delivered,2.0,24000.0
ORD102338,2025-05-29,CUST1357,Customer 343,Kochi,Kerala,Mixer Grinder,Home Appliances,1,3800,0.1,3420.0,Net Banking,Cancelled,,3420.0
ORD102476,2025-03-03,CUST1218,Customer 489,Mumbai,Maharashtra,Running Shoes,Fashion,1,4500,0.0,4500.0,Cash on Delivery,Delivered,4.0,4500.0
ORD101586,2025-12-23,CUST1408,Customer 345,Kochi,Kerala,Mixer Grinder,Home Appliances,1,3800,0.0,3800.0,Debit Card,Cancelled,,3800.0
ORD101818,2025-04-02,CUST1178,Customer 242,Kolkata,West Bengal,Headphones,Electronics,1,2500,0.1,2250.0,UPI,Delivered,5.0,2250.0
ORD101947,2025-01-14,CUST1006,Customer 35,Jaipur,Rajasthan,Smartphone,Electronics,1,28000,0.1,25200.0,Credit Card,Delivered,1.0,25200.0
ORD102138,2025-10-27,CUST1327,Customer 212,Pune,Maharashtra,Desk,Furniture,1,12000,0.0,12000.0,Cash on Delivery,Cancelled,,12000.0
ORD103371,2025-03-16,CUST1336,Customer 390,Ahmedabad,Gujarat,Coffee Maker,Home Appliances,1,5200,0.0,5200.0,Credit Card,Delivered,1.0,5200.0
ORD101592,2025-01-29,CUST1404,Customer 133,Mumbai,Maharashtra,T-Shirt,Fashion,1,900,0.0,900.0,Credit Card,Cancelled,,900.0
ORD100122,2025-12-26,CUST1246,Customer 272,Hyderabad,Telangana,Laptop,Electronics,1,55000,0.1,49500.0,Debit Card,Delivered,5.0,49500.0
ORD100657,2025-02-13,CUST1521,Customer 287,Hyderabad,Telangana,Running Shoes,Fashion,2,4500,0.0,9000.0,Credit Card,Delivered,3.0,9000.0
ORD103673,2025-12-20,CUST1263,Customer 124,Kolkata,West Bengal,Headphones,Electronics,1,2500,0.05,2375.0,Net Banking,Cancelled,,2375.0
ORD101792,2025-07-24,CUST1132,Customer 428,Bengaluru,Karnataka,Smartphone,Electronics,1,28000,0.05,26600.0,Credit Card,Delivered,4.0,26600.0
ORD102200,2025-10-04,CUST1609,Customer 548,Kochi,Kerala,Keyboard,Accessories,1,2200,0.2,1760.0,Debit Card,Cancelled,,1760.0
ORD104071,2025-04-09,CUST1635,Customer 628,Bengaluru,Karnataka,Desk,Furniture,1,12000,0.0,12000.0,Cash on Delivery,Delivered,2.0,12000.0
ORD103185,2025-11-28,CUST1497,Customer 496,Mumbai,Maharashtra,Mixer Grinder,Home Appliances,1,3800,0.05,3610.0,Debit Card,Cancelled,,3610.0
ORD102108,2025-08-01,CUST1413,Customer 566,Delhi,Delhi,Keyboard,Accessories,2,2200,0.0,4400.0,Net Banking,Delivered,2.0,4400.0
ORD104163,2025-02-01,CUST1242,Customer 465,Ahmedabad,Gujarat,Laptop,Electronics,3,55000,0.0,165000.0,Debit Card,Delivered,5.0,165000.0
ORD101897,2025-02-28,CUST1223,Customer 504,Jaipur,Rajasthan,Smartphone,Electronics,1,28000,0.2,22400.0,Debit Card,Cancelled,,22400.0
ORD101939,2025-08-13,CUST1459,Customer 580,Chennai,Tamil Nadu,Laptop,Electronics,1,55000,0.0,55000.0,Cash on Delivery,Delivered,4.0,55000.0
ORD100131,2025-09-12,CUST1325,Customer 592,Delhi,Delhi,Smartwatch,Electronics,2,6500,0.05,12350.0,Cash on Delivery,Returned,,12350.0
ORD101486,2025-01-15,CUST1395,Customer 91,Mumbai,Maharashtra,Running Shoes,Fashion,1,4500,0.1,4050.0,Cash on Delivery,Delivered,2.0,4050.0
ORD101723,2025-10-12,CUST1432,Customer 391,Hyderabad,Telangana,Smartphone,Electronics,1,28000,0.1,25200.0,Credit Card,Delivered,3.0,25200.0
ORD100134,2025-07-26,CUST1307,Customer 588,Delhi,Delhi,Mixer Grinder,Home Appliances,1,3800,0.05,3610.0,Cash on Delivery,Returned,,3610.0
ORD100001,2025-04-13,CUST1637,Customer 559,Delhi,Delhi,Keyboard,Accessories,2,2200,0.1,3960.0,Cash on Delivery,Delivered,1.0,3960.0
ORD102520,2025-05-10,CUST1160,Customer 464,Bengaluru,Karnataka,Headphones,Electronics,1,2500,0.2,2000.0,Credit Card,Cancelled,,2000.0
ORD100252,2025-12-26,CUST1136,Customer 484,Mumbai,Maharashtra,Smartwatch,Electronics,1,6500,0.05,6175.0,Cash on Delivery,Delivered,3.0,6175.0
ORD101070,2025-04-14,CUST1158,Customer 548,Delhi,Delhi,Office Chair,Furniture,1,9000,0.0,9000.0,Net Banking,Delivered,2.0,9000.0
ORD101888,2025-11-03,CUST1318,Customer 277,Mumbai,Maharashtra,Laptop,Electronics,1,55000,0.0,55000.0,Cash on Delivery,Delivered,2.0,55000.0
ORD100700,2025-02-10,CUST1254,Customer 64,Kolkata,West Bengal,Keyboard,Accessories,1,2200,0.15,1870.0,Credit Card,Cancelled,,1870.0
ORD103677,2025-07-23,CUST1358,Customer 370,Pune,Maharashtra,Desk,Furniture,2,12000,0.05,22800.0,Cash on Delivery,Delivered,3.0,22800.0
ORD104062,2025-12-20,CUST1279,Customer 585,Ahmedabad,Gujarat,Headphones,Electronics,1,2500,0.0,2500.0,Cash on Delivery,Delivered,2.0,2500.0
ORD103144,2025-07-22,CUST1333,Customer 355,Jaipur,Rajasthan,Coffee Maker,Home Appliances,1,5200,0.15,4420.0,Debit Card,Delivered,4.0,4420.0
ORD100239,2025-12-15,CUST1446,Customer 113,Bengaluru,Karnataka,Desk,Furniture,1,12000,0.05,11400.0,Net Banking,Delivered,3.0,11400.0
ORD101436,2025-03-21,CUST1089,Customer 503,Ahmedabad,Gujarat,Keyboard,Accessories,1,2200,0.0,2200.0,Credit Card,Cancelled,,2200.0
ORD102371,2025-02-18,CUST1518,Customer 391,Ahmedabad,Gujarat,Backpack,Accessories,1,1800,0.1,1620.0,UPI,Delivered,5.0,1620.0
ORD102050,2025-12-18,CUST1577,Customer 320,Bengaluru,Karnataka,Smartwatch,Electronics,2,6500,0.1,11700.0,Cash on Delivery,Delivered,4.0,11700.0
ORD103634,2025-02-22,CUST1524,Customer 146,Pune,Maharashtra,Office Chair,Furniture,1,9000,0.15,7650.0,Net Banking,Delivered,1.0,7650.0
ORD103508,2025-12-18,CUST1030,Customer 267,Kochi,Kerala,Desk,Furniture,1,12000,0.0,12000.0,Credit Card,Delivered,2.0,12000.0
ORD100957,2025-05-17,CUST1575,Customer 460,Pune,Maharashtra,Laptop,Electronics,1,55000,0.0,55000.0,Credit Card,Cancelled,,55000.0
ORD101477,2025-07-07,CUST1328,Customer 604,Hyderabad,Telangana,Backpack,Accessories,1,1800,0.0,1800.0,Debit Card,Cancelled,,1800.0
ORD101063,2025-01-23,CUST1346,Customer 499,Hyderabad,Telangana,Smartwatch,Electronics,1,6500,0.1,5850.0,Net Banking,Delivered,1.0,5850.0
ORD102232,2025-04-18,CUST1561,Customer 316,Kolkata,West Bengal,Laptop,Electronics,1,55000,0.0,55000.0,UPI,Delivered,1.0,55000.0
ORD101954,2025-11-12,CUST1394,Customer 481,Pune,Maharashtra,Smartphone,Electronics,1,28000,0.0,28000.0,UPI,Delivered,1.0,28000.0
ORD101904,2025-12-19,CUST1567,Customer 91,Bengaluru,Karnataka,Running Shoes,Fashion,1,4500,0.1,4050.0,Debit Card,Delivered,1.0,4050.0
ORD103290,2025-06-02,CUST1018,Customer 5,Delhi,Delhi,Mixer Grinder,Home Appliances,1,3800,0.0,3800.0,Cash on Delivery,Returned,,3800.0
ORD103609,2025-03-02,CUST1567,Customer 350,Ahmedabad,Gujarat,Mixer Grinder,Home Appliances,2,3800,0.0,7600.0,Cash on Delivery,Returned,,7600.0
ORD103828,2025-06-24,CUST1113,Customer 293,Chennai,Tamil Nadu,Coffee Maker,Home Appliances,1,5200,0.0,5200.0,UPI,Delivered,3.0,5200.0
ORD101879,2025-02-24,CUST1441,Customer 78,Bengaluru,Karnataka,Running Shoes,Fashion,1,4500,0.05,4275.0,Net Banking,Delivered,5.0,4275.0
ORD102355,2025-09-06,CUST1592,Customer 77,Chennai,Tamil Nadu,Keyboard,Accessories,1,2200,0.0,2200.0,Credit Card,Cancelled,,2200.0
ORD100730,2025-12-07,CUST1206,Customer 489,Pune,Maharashtra,Laptop,Electronics,1,55000,0.05,52250.0,Cash on Delivery,Delivered,1.0,52250.0
ORD101465,2025-06-25,CUST1354,Customer 416,Hyderabad,Telangana,Smartphone,Electronics,1,28000,0.1,25200.0,Debit Card,Delivered,2.0,25200.0
ORD101010,2025-05-10,CUST1041,Customer 456,Kolkata,West Bengal,Backpack,Accessories,1,1800,0.1,1620.0,Debit Card,Cancelled,,1620.0
ORD100550,2025-07-09,CUST1107,Customer 390,Hyderabad,Telangana,Keyboard,Accessories,1,2200,0.15,1870.0,UPI,Delivered,1.0,1870.0
ORD101338,2025-05-26,CUST1457,Customer 531,Mumbai,Maharashtra,Coffee Maker,Home Appliances,1,5200,0.15,4420.0,Net Banking,Delivered,3.0,4420.0
ORD100970,2025-12-01,CUST1215,Customer 597,Chennai,Tamil Nadu,Desk,Furniture,1,12000,0.1,10800.0,Net Banking,Delivered,5.0,10800.0
ORD101360,2025-09-25,CUST1574,Customer 511,Jaipur,Rajasthan,Mixer Grinder,Home Appliances,1,3800,0.05,3610.0,Net Banking,Delivered,1.0,3610.0
ORD101725,2025-04-09,CUST1596,Customer 276,Pune,Maharashtra,Smartphone,Electronics,1,28000,0.1,25200.0,Debit Card,Cancelled,,25200.0
ORD103404,2025-03-08,CUST1504,Customer 539,Chennai,Tamil Nadu,Keyboard,Accessories,1,2200,0.15,1870.0,UPI,Delivered,3.0,1870.0
ORD103109,2025-05-27,CUST1436,Customer 335,Hyderabad,Telangana,Mixer Grinder,Home Appliances,1,3800,0.05,3610.0,Net Banking,Returned,,3610.0
ORD100111,2025-05-15,CUST1119,Customer 553,Chennai,Tamil Nadu,T-Shirt,Fashion,1,900,0.15,765.0,Credit Card,Delivered,3.0,765.0
ORD100160,2025-06-19,CUST1633,Customer 77,Hyderabad,Telangana,T-Shirt,Fashion,1,900,0.1,810.0,Net Banking,Delivered,3.0,810.0
ORD102937,2025-08-02,CUST1336,Customer 4,Mumbai,Maharashtra,Smartphone,Electronics,2,28000,0.0,56000.0,Credit Card,Delivered,5.0,56000.0
ORD100610,2025-06-19,CUST1184,Customer 227,Hyderabad,Telangana,Backpack,Accessories,1,1800,0.15,1530.0,Net Banking,Delivered,2.0,1530.0
ORD100916,2025-05-25,CUST1222,Customer 126,Kolkata,West Bengal,Coffee Maker,Home Appliances,1,5200,0.05,4940.0,UPI,Delivered,5.0,4940.0
ORD100292,2025-12-04,CUST1543,Customer 524,Kolkata,West Bengal,Laptop,Electronics,2,55000,0.2,88000.0,Debit Card,Delivered,4.0,88000.0
ORD102975,2025-04-14,CUST1254,Customer 405,Mumbai,Maharashtra,Keyboard,Accessories,1,2200,0.0,2200.0,Net Banking,Returned,,2200.0
ORD100746,2025-12-24,CUST1527,Customer 279,Mumbai,Maharashtra,Office Chair,Furniture,1,9000,0.1,8100.0,Credit Card,Delivered,5.0,8100.0
ORD103717,2025-04-30,CUST1406,Customer 489,Mumbai,Maharashtra,Keyboard,Accessories,2,2200,0.0,4400.0,Net Banking,Returned,,4400.0
ORD100776,2025-08-10,CUST1371,Customer 257,Ahmedabad,Gujarat,Smartphone,Electronics,1,28000,0.0,28000.0,UPI,Delivered,2.0,28000.0
ORD103789,2025-02-13,CUST1075,Customer 437,Mumbai,Maharashtra,Office Chair,Furniture,1,9000,0.05,8550.0,Debit Card,Delivered,1.0,8550.0
ORD103071,2025-05-04,CUST1180,Customer 121,Chennai,Tamil Nadu,Mixer Grinder,Home Appliances,1,3800,0.0,3800.0,Debit Card,Returned,,3800.0
ORD100493,2025-05-27,CUST1466,Customer 304,Kochi,Kerala,Desk,Furniture,1,12000,0.0,12000.0,Cash on Delivery,Returned,,12000.0
ORD100578,2025-05-24,CUST1242,Customer 66,Hyderabad,Telangana,Headphones,Electronics,2,2500,0.05,4750.0,Net Banking,Delivered,2.0,4750.0
ORD101458,2025-03-27,CUST1228,Customer 290,Mumbai,Maharashtra,Mixer Grinder,Home Appliances,2,3800,0.1,6840.0,Cash on Delivery,Delivered,2.0,6840.0
ORD103236,2025-11-08,CUST1368,Customer 105,Delhi,Delhi,Desk,Furniture,1,12000,0.1,10800.0,UPI,Returned,,10800.0
ORD100264,2025-01-02,CUST1144,Customer 28,Ahmedabad,Gujarat,Office Chair,Furniture,1,9000,0.15,7650.0,Credit Card,Delivered,1.0,7650.0
ORD101256,2025-09-12,CUST1005,Customer 293,Pune,Maharashtra,Mixer Grinder,Home Appliances,2,3800,0.5,3800.0,Net Banking,Delivered,1.0,7600.0
ORD100303,2025-05-15,CUST1429,Customer 78,Kochi,Kerala,Smartwatch,Electronics,2,6500,0.0,13000.0,Credit Card,Delivered,2.0,13000.0
ORD101772,2025-06-30,CUST1091,Customer 115,Jaipur,Rajasthan,Office Chair,Furniture,3,9000,0.1,24300.0,Credit Card,Delivered,5.0,24300.0
ORD102976,2025-07-29,CUST1289,Customer 359,Delhi,Delhi,Keyboard,Accessories,1,2200,0.1,1980.0,Credit Card,Delivered,1.0,1980.0
ORD101200,2025-06-03,CUST1362,Customer 579,Jaipur,Rajasthan,Coffee Maker,Home Appliances,1,5200,0.0,5200.0,UPI,Delivered,1.0,5200.0
ORD103831,2025-06-11,CUST1471,Customer 93,Mumbai,Maharashtra,Smartphone,Electronics,1,28000,0.1,25200.0,Debit Card,Delivered,5.0,25200.0
ORD100150,2025-01-29,CUST1014,Customer 485,Mumbai,Maharashtra,Headphones,Electronics,1,2500,0.15,2125.0,Cash on Delivery,Cancelled,,2125.0
ORD103495,2025-01-05,CUST1531,Customer 615,Kochi,Kerala,Backpack,Accessories,2,1800,0.0,3600.0,UPI,Delivered,1.0,3600.0
ORD100815,2025-02-03,CUST1345,Customer 518,Kochi,Kerala,Headphones,Electronics,1,2500,0.15,2125.0,Cash on Delivery,Delivered,5.0,2125.0
ORD100072,2025-06-11,CUST1475,Customer 146,Pune,Maharashtra,Coffee Maker,Home Appliances,1,5200,0.2,4160.0,Credit Card,Delivered,2.0,4160.0
ORD102504,2025-04-22,CUST1633,Customer 555,Hyderabad,Telangana,Laptop,Electronics,1,55000,0.1,49500.0,Credit Card,Delivered,2.0,49500.0
ORD100090,2025-07-07,CUST1369,Customer 29,Kolkata,West Bengal,Office Chair,Furniture,1,9000,0.0,9000.0,Cash on Delivery,Delivered,5.0,9000.0
ORD100118,2025-08-04,CUST1321,Customer 201,Hyderabad,Telangana,Laptop,Electronics,2,55000,0.0,110000.0,Net Banking,Delivered,2.0,110000.0
ORD101512,2025-08-24,CUST1429,Customer 287,Kochi,Kerala,Smartwatch,Electronics,1,6500,0.1,5850.0,Cash on Delivery,Delivered,1.0,5850.0
ORD102370,2025-08-27,CUST1454,Customer 33,Ahmedabad,Gujarat,T-Shirt,Fashion,3,900,0.0,2700.0,Net Banking,Delivered,5.0,2700.0
ORD104102,2025-06-13,CUST1206,Customer 233,Kolkata,West Bengal,Keyboard,Accessories,2,2200,0.1,3960.0,Credit Card,Delivered,4.0,3960.0
ORD103917,2025-08-12,CUST1059,Customer 294,Jaipur,Rajasthan,T-Shirt,Fashion,1,900,0.05,855.0,Net Banking,Returned,,855.0
ORD100460,2025-10-05,CUST1310,Customer 127,Mumbai,Maharashtra,Keyboard,Accessories,1,2200,0.15,1870.0,Credit Card,Delivered,1.0,1870.0
ORD102218,2025-02-19,CUST1268,Customer 12,Delhi,Delhi,Mixer Grinder,Home Appliances,1,3800,0.0,3800.0,UPI,Delivered,2.0,3800.0
ORD103766,2025-09-21,CUST1578,Customer 499,Jaipur,Rajasthan,Keyboard,Accessories,2,2200,0.1,3960.0,Cash on Delivery,Returned,,3960.0
ORD100242,2025-09-09,CUST1009,Customer 236,Pune,Maharashtra,Keyboard,Accessories,1,2200,0.0,2200.0,Net Banking,Cancelled,,2200.0
ORD102747,2025-11-15,CUST1335,Customer 433,Kochi,Kerala,Mixer Grinder,Home Appliances,1,3800,0.0,3800.0,Debit Card,Delivered,2.0,3800.0
ORD100842,2025-10-04,CUST1628,Customer 561,Mumbai,Maharashtra,Smartphone,Electronics,1,28000,0.05,26600.0,Debit Card,Cancelled,,26600.0
ORD101938,2025-01-21,CUST1161,Customer 306,Mumbai,Maharashtra,Headphones,Electronics,1,2500,0.1,2250.0,UPI,Returned,,2250.0
ORD100745,2025-05-13,CUST1442,Customer 548,Ahmedabad,Gujarat,Keyboard,Accessories,2,2200,0.05,4180.0,Credit Card,Cancelled,,4180.0
ORD102751,2025-03-17,CUST1634,Customer 586,Pune,Maharashtra,Headphones,Electronics,1,2500,0.15,2125.0,Net Banking,Returned,,2125.0
ORD103004,2025-03-04,CUST1565,Customer 128,Pune,Maharashtra,Coffee Maker,Home Appliances,2,5200,0.05,9880.0,Net Banking,Delivered,5.0,9880.0
ORD102633,2025-08-24,CUST1483,Customer 473,Kolkata,West Bengal,Headphones,Electronics,1,2500,0.05,2375.0,Credit Card,Delivered,3.0,2375.0
ORD103028,2025-05-14,CUST1285,Customer 28,Pune,Maharashtra,Coffee Maker,Home Appliances,1,5200,0.2,4160.0,Debit Card,Delivered,2.0,4160.0
ORD102741,2025-06-07,CUST1395,Customer 484,Hyderabad,Telangana,Backpack,Accessories,1,1800,0.0,1800.0,Credit Card,Delivered,4.0,1800.0
ORD102319,2025-01-12,CUST1294,Customer 645,Kochi,Kerala,Coffee Maker,Home Appliances,1,5200,0.1,4680.0,Credit Card,Delivered,4.0,4680.0
ORD103184,2025-12-09,CUST1239,Customer 197,Bengaluru,Karnataka,Laptop,Electronics,1,55000,0.0,55000.0,UPI,Delivered,3.0,55000.0
ORD102644,2025-09-26,CUST1365,Customer 86,Hyderabad,Telangana,Keyboard,Accessories,1,2200,0.05,2090.0,UPI,Delivered,1.0,2090.0
ORD100786,2025-03-16,CUST1294,Customer 641,Ahmedabad,Gujarat,T-Shirt,Fashion,1,900,0.0,900.0,UPI,Delivered,1.0,900.0
ORD103589,2025-05-07,CUST1620,Customer 501,Chennai,Tamil Nadu,Coffee Maker,Home Appliances,2,5200,0.0,10400.0,Debit Card,Returned,,10400.0
ORD103299,2025-12-04,CUST1188,Customer 121,Kolkata,West Bengal,Backpack,Accessories,2,1800,0.05,3420.0,Cash on Delivery,Cancelled,,3420.0
ORD100497,2025-01-04,CUST1561,Customer 626,Delhi,Delhi,Headphones,Electronics,1,2500,0.0,2500.0,Credit Card,Delivered,1.0,2500.0
ORD101866,2025-05-07,CUST1427,Customer 27,Kochi,Kerala,T-Shirt,Fashion,1,900,0.0,900.0,Net Banking,Delivered,5.0,900.0
ORD101523,2025-05-26,CUST1175,Customer 579,Hyderabad,Telangana,Office Chair,Furniture,1,9000,0.0,9000.0,Credit Card,Cancelled,,9000.0
ORD100221,2025-09-04,CUST1226,Customer 586,Delhi,Delhi,Coffee Maker,Home Appliances,2,5200,0.05,9880.0,Debit Card,Delivered,1.0,9880.0
ORD100405,2025-11-01,CUST1636,Customer 596,Delhi,Delhi,Smartphone,Electronics,1,28000,0.0,28000.0,UPI,Cancelled,,28000.0
ORD103268,2025-02-08,CUST1029,Customer 532,Bengaluru,Karnataka,Keyboard,Accessories,2,2200,0.0,4400.0,Cash on Delivery,Delivered,1.0,4400.0
ORD101361,2025-08-25,CUST1047,Customer 137,Delhi,Delhi,Running Shoes,Fashion,1,4500,0.05,4275.0,Credit Card,Cancelled,,4275.0
ORD102926,2025-05-18,CUST1462,Customer 368,Hyderabad,Telangana,Smartwatch,Electronics,1,6500,0.1,5850.0,Credit Card,Returned,,5850.0
ORD100921,2025-03-08,CUST1325,Customer 306,Ahmedabad,Gujarat,T-Shirt,Fashion,1,900,0.1,810.0,Net Banking,Delivered,4.0,810.0
ORD103822,2025-04-02,CUST1227,Customer 558,Ahmedabad,Gujarat,Backpack,Accessories,1,1800,0.1,1620.0,Net Banking,Delivered,5.0,1620.0
ORD100985,2025-10-02,CUST1032,Customer 98,Mumbai,Maharashtra,Laptop,Electronics,3,55000,0.05,156750.0,Cash on Delivery,Delivered,5.0,156750.0
ORD103844,2025-02-12,CUST1423,Customer 118,Pune,Maharashtra,Desk,Furniture,1,12000,0.0,12000.0,Cash on Delivery,Delivered,1.0,12000.0
ORD101334,2025-08-03,CUST1432,Customer 520,Kolkata,West Bengal,Running Shoes,Fashion,1,4500,0.0,4500.0,Debit Card,Delivered,1.0,4500.0
ORD101916,2025-06-01,CUST1452,Customer 1,Kolkata,West Bengal,Backpack,Accessories,1,1800,0.05,1710.0,UPI,Delivered,2.0,1710.0
ORD103210,2025-07-13,CUST1285,Customer 153,Pune,Maharashtra,Mixer Grinder,Home Appliances,1,3800,0.05,3610.0,UPI,Delivered,3.0,3610.0
ORD100313,2025-12-31,CUST1333,Customer 177,Hyderabad,Telangana,Backpack,Accessories,1,1800,0.0,1800.0,Credit Card,Delivered,3.0,1800.0
ORD104043,2025-12-15,CUST1308,Customer 307,Ahmedabad,Gujarat,Office Chair,Furniture,1,9000,0.1,8100.0,Debit Card,Delivered,1.0,8100.0
ORD104088,2025-04-19,CUST1060,Customer 45,Kochi,Kerala,Running Shoes,Fashion,1,4500,0.0,4500.0,Net Banking,Delivered,5.0,4500.0
ORD102556,2025-11-10,CUST1507,Customer 530,Hyderabad,Telangana,Office Chair,Furniture,1,9000,0.15,7650.0,Net Banking,Returned,,7650.0
ORD103214,2025-09-14,CUST1583,Customer 158,Kochi,Kerala,Laptop,Electronics,2,55000,0.1,99000.0,Debit Card,Delivered,5.0,99000.0
ORD102442,2025-05-29,CUST1590,Customer 214,Mumbai,Maharashtra,T-Shirt,Fashion,1,900,0.1,810.0,Cash on Delivery,Cancelled,,810.0
ORD103455,2025-05-19,CUST1359,Customer 554,Delhi,Delhi,Office Chair,Furniture,1,9000,0.1,8100.0,Cash on Delivery,Cancelled,,8100.0
ORD103294,2025-06-07,CUST1286,Customer 336,Jaipur,Rajasthan,Office Chair,Furniture,1,9000,0.05,8550.0,Credit Card,Delivered,1.0,8550.0
ORD102458,2025-08-09,CUST1306,Customer 119,Kochi,Kerala,Desk,Furniture,1,12000,0.0,12000.0,Debit Card,Delivered,2.0,12000.0
ORD100678,2025-01-01,CUST1404,Customer 202,Kochi,Kerala,Mixer Grinder,Home Appliances,3,3800,0.0,11400.0,Credit Card,Delivered,2.0,11400.0
ORD103001,2025-10-29,CUST1534,Customer 422,Hyderabad,Telangana,T-Shirt,Fashion,1,900,0.2,720.0,Debit Card,Delivered,1.0,720.0
ORD100166,2025-04-18,CUST1081,Customer 274,Jaipur,Rajasthan,Running Shoes,Fashion,1,4500,0.05,4275.0,Net Banking,Returned,,4275.0
ORD100329,2025-02-18,CUST1487,Customer 247,Kolkata,West Bengal,Coffee Maker,Home Appliances,1,5200,0.15,4420.0,Net Banking,Delivered,5.0,4420.0
ORD101037,2025-12-27,CUST1511,Customer 278,Jaipur,Rajasthan,Coffee Maker,Home Appliances,1,5200,0.1,4680.0,Cash on Delivery,Delivered,5.0,4680.0
ORD102134,2025-01-12,CUST1319,Customer 611,Bengaluru,Karnataka,T-Shirt,Fashion,1,900,0.1,810.0,UPI,Cancelled,,810.0
ORD102132,2025-06-03,CUST1060,Customer 598,Chennai,Tamil Nadu,Desk,Furniture,1,12000,0.05,11400.0,UPI,Delivered,2.0,11400.0
ORD102255,2025-06-16,CUST1639,Customer 436,Chennai,Tamil Nadu,Office Chair,Furniture,1,9000,0.05,8550.0,Cash on Delivery,Delivered,2.0,8550.0
ORD100104,2025-03-22,CUST1300,Customer 526,Bengaluru,Karnataka,Desk,Furniture,1,12000,0.0,12000.0,Cash on Delivery,Delivered,5.0,12000.0
ORD103382,2025-02-25,CUST1475,Customer 25,Ahmedabad,Gujarat,Office Chair,Furniture,1,9000,0.15,7650.0,Credit Card,Returned,,7650.0
ORD103267,2025-02-10,CUST1194,Customer 170,Pune,Maharashtra,T-Shirt,Fashion,1,900,0.05,855.0,Net Banking,Returned,,855.0
ORD100735,2025-11-11,CUST1554,Customer 89,Jaipur,Rajasthan,Laptop,Electronics,1,55000,0.05,52250.0,Credit Card,Cancelled,,52250.0
ORD101205,2025-12-27,CUST1310,Customer 68,Hyderabad,Telangana,Keyboard,Accessories,1,2200,0.15,1870.0,Credit Card,Delivered,4.0,1870.0
ORD100695,2025-11-12,CUST1596,Customer 437,Kolkata,West Bengal,Mixer Grinder,Home Appliances,1,3800,0.0,3800.0,UPI,Delivered,5.0,3800.0
ORD103238,2025-05-21,CUST1136,Customer 555,Bengaluru,Karnataka,Office Chair,Furniture,1,9000,0.1,8100.0,Credit Card,Delivered,4.0,8100.0
ORD100498,2025-01-16,CUST1198,Customer 84,Jaipur,Rajasthan,Keyboard,Accessories,1,2200,0.0,2200.0,Cash on Delivery,Delivered,5.0,2200.0
ORD101341,2025-02-11,CUST1596,Customer 285,Ahmedabad,Gujarat,Mixer Grinder,Home Appliances,1,3800,0.05,3610.0,Net Banking,Delivered,5.0,3610.0
ORD101166,2025-11-15,CUST1591,Customer 216,Delhi,Delhi,T-Shirt,Fashion,1,900,0.0,900.0,UPI,Delivered,1.0,900.0
ORD101349,2025-03-28,CUST1638,Customer 339,Bengaluru,Karnataka,Laptop,Electronics,3,55000,0.2,132000.0,Credit Card,Delivered,4.0,132000.0
ORD102376,2025-06-07,CUST1051,Customer 628,Pune,Maharashtra,Backpack,Accessories,2,1800,0.1,3240.0,Credit Card,Delivered,3.0,3240.0
ORD102709,2025-05-12,CUST1627,Customer 94,Kochi,Kerala,Office Chair,Furniture,1,9000,0.1,8100.0,Cash on Delivery,Delivered,5.0,8100.0
ORD100347,2025-07-10,CUST1300,Customer 13,Kochi,Kerala,Smartphone,Electronics,2,28000,0.2,44800.0,Net Banking,Delivered,1.0,44800.0
ORD101853,2025-06-27,CUST1551,Customer 538,Pune,Maharashtra,Coffee Maker,Home Appliances,1,5200,0.0,5200.0,Cash on Delivery,Delivered,1.0,5200.0
ORD102259,2025-10-29,CUST1574,Customer 66,Mumbai,Maharashtra,Headphones,Electronics,1,2500,0.05,2375.0,Net Banking,Delivered,4.0,2375.0
ORD102616,2025-04-23,CUST1489,Customer 200,Chennai,Tamil Nadu,Smartphone,Electronics,2,28000,0.1,50400.0,Net Banking,Delivered,4.0,50400.0
ORD102191,2025-03-25,CUST1270,Customer 587,Hyderabad,Telangana,Headphones,Electronics,1,2500,0.15,2125.0,Credit Card,Delivered,5.0,2125.0
ORD100515,2025-11-26,CUST1360,Customer 329,Ahmedabad,Gujarat,Smartwatch,Electronics,1,6500,0.15,5525.0,Cash on Delivery,Returned,,5525.0
ORD103435,2025-04-19,CUST1474,Customer 490,Kochi,Kerala,Headphones,Electronics,2,2500,0.1,4500.0,UPI,Delivered,3.0,4500.0
ORD101029,2025-01-01,CUST1078,Customer 434,Jaipur,Rajasthan,Running Shoes,Fashion,1,4500,0.1,4050.0,Net Banking,Delivered,4.0,4050.0
ORD103117,2025-04-12,CUST1348,Customer 272,Ahmedabad,Gujarat,Keyboard,Accessories,1,2200,0.0,2200.0,Debit Card,Returned,,2200.0
ORD100865,2025-08-27,CUST1438,Customer 379,Kolkata,West Bengal,Headphones,Electronics,1,2500,0.05,2375.0,UPI,Delivered,3.0,2375.0
ORD103354,2025-05-26,CUST1551,Customer 322,Jaipur,Rajasthan,Running Shoes,Fashion,2,4500,0.1,8100.0,UPI,Cancelled,,8100.0
ORD102940,2025-08-01,CUST1590,Customer 216,Ahmedabad,Gujarat,Backpack,Accessories,1,1800,0.0,1800.0,Debit Card,Returned,,1800.0
ORD101227,2025-01-19,CUST1069,Customer 592,Kolkata,West Bengal,Office Chair,Furniture,1,9000,0.0,9000.0,Cash on Delivery,Delivered,5.0,9000.0
ORD102863,2025-01-07,CUST1293,Customer 281,Mumbai,Maharashtra,Smartwatch,Electronics,1,6500,0.0,6500.0,Cash on Delivery,Delivered,4.0,6500.0
ORD103816,2025-12-06,CUST1124,Customer 455,Jaipur,Rajasthan,Backpack,Accessories,1,1800,0.15,1530.0,Debit Card,Delivered,5.0,1530.0
ORD103431,2025-10-12,CUST1240,Customer 78,Mumbai,Maharashtra,Desk,Furniture,1,12000,0.1,10800.0,Credit Card,Cancelled,,10800.0
ORD100564,2025-08-05,CUST1288,Customer 138,Kochi,Kerala,Desk,Furniture,2,12000,0.05,22800.0,UPI,Delivered,2.0,22800.0
ORD103732,2025-12-06,CUST1530,Customer 63,Hyderabad,Telangana,Mixer Grinder,Home Appliances,1,3800,0.05,3610.0,Cash on Delivery,Delivered,1.0,3610.0
ORD102420,2025-11-30,CUST1182,Customer 632,Chennai,Tamil Nadu,Backpack,Accessories,1,1800,0.0,1800.0,UPI,Delivered,2.0,1800.0
ORD103230,2025-08-29,CUST1610,Customer 442,Kolkata,West Bengal,Headphones,Electronics,1,2500,0.1,2250.0,UPI,Delivered,4.0,2250.0
ORD101012,2025-11-17,CUST1010,Customer 464,Kochi,Kerala,Coffee Maker,Home Appliances,1,5200,0.05,4940.0,Credit Card,Cancelled,,4940.0
ORD101304,2025-12-21,CUST1272,Customer 14,Mumbai,Maharashtra,Desk,Furniture,1,12000,0.1,10800.0,Debit Card,Delivered,3.0,10800.0
ORD100891,2025-06-03,CUST1377,Customer 286,Ahmedabad,Gujarat,Laptop,Electronics,3,55000,0.1,148500.0,Credit Card,Returned,,148500.0
ORD103976,2025-12-02,CUST1322,Customer 172,Kolkata,West Bengal,Laptop,Electronics,2,55000,0.05,104500.0,Net Banking,Delivered,3.0,104500.0
ORD101262,2025-03-08,CUST1462,Customer 365,Delhi,Delhi,Headphones,Electronics,1,2500,0.05,2375.0,Net Banking,Delivered,3.0,2375.0
ORD103909,2025-03-25,CUST1008,Customer 164,Mumbai,Maharashtra,Smartphone,Electronics,1,28000,0.15,23800.0,Cash on Delivery,Delivered,5.0,23800.0
ORD102732,2025-01-03,CUST1361,Customer 168,Kochi,Kerala,Office Chair,Furniture,1,9000,0.05,8550.0,Credit Card,Delivered,3.0,8550.0
ORD103346,2025-02-18,CUST1603,Customer 86,Jaipur,Rajasthan,Office Chair,Furniture,1,9000,0.0,9000.0,UPI,Delivered,2.0,9000.0
ORD103461,2025-04-21,CUST1126,Customer 384,Delhi,Delhi,Mixer Grinder,Home Appliances,1,3800,0.1,3420.0,Cash on Delivery,Cancelled,,3420.0
ORD100633,2025-06-16,CUST1631,Customer 325,Pune,Maharashtra,Running Shoes,Fashion,1,4500,0.0,4500.0,Cash on Delivery,Delivered,4.0,4500.0
ORD100195,2025-06-29,CUST1498,Customer 597,Ahmedabad,Gujarat,Smartphone,Electronics,1,28000,0.0,28000.0,UPI,Delivered,5.0,28000.0
ORD100514,2025-06-17,CUST1627,Customer 435,Delhi,Delhi,Keyboard,Accessories,3,2200,0.0,6600.0,UPI,Returned,,6600.0
ORD101639,2025-10-31,CUST1634,Customer 53,Ahmedabad,Gujarat,Office Chair,Furniture,1,9000,0.0,9000.0,Credit Card,Delivered,4.0,9000.0
ORD101456,2025-07-18,CUST1640,Customer 11,Kolkata,West Bengal,Keyboard,Accessories,1,2200,0.15,1870.0,UPI,Cancelled,,1870.0
ORD103726,2025-01-11,CUST1330,Customer 393,Hyderabad,Telangana,Coffee Maker,Home Appliances,2,5200,0.15,8840.0,Credit Card,Cancelled,,8840.0
ORD100210,2025-02-23,CUST1408,Customer 286,Pune,Maharashtra,Smartphone,Electronics,1,28000,0.1,25200.0,Credit Card,Cancelled,,25200.0
ORD103049,2025-12-04,CUST1011,Customer 448,Delhi,Delhi,Running Shoes,Fashion,1,4500,0.15,3825.0,Debit Card,Delivered,1.0,3825.0
ORD101187,2025-09-08,CUST1040,Customer 625,Pune,Maharashtra,Backpack,Accessories,2,1800,0.05,3420.0,Net Banking,Delivered,4.0,3420.0
ORD100636,2025-12-12,CUST1129,Customer 135,Chennai,Tamil Nadu,Keyboard,Accessories,1,2200,0.2,1760.0,UPI,Delivered,2.0,1760.0
ORD103841,2025-01-12,CUST1396,Customer 457,Chennai,Tamil Nadu,Backpack,Accessories,1,1800,0.1,1620.0,Net Banking,Delivered,4.0,1620.0
ORD103973,2025-04-17,CUST1294,Customer 348,Delhi,Delhi,Running Shoes,Fashion,1,4500,0.05,4275.0,Debit Card,Delivered,4.0,4275.0
ORD103583,2025-05-21,CUST1556,Customer 210,Bengaluru,Karnataka,Laptop,Electronics,3,55000,0.0,165000.0,UPI,Returned,,165000.0
ORD100088,2025-08-05,CUST1453,Customer 259,Delhi,Delhi,Coffee Maker,Home Appliances,1,5200,0.0,5200.0,Cash on Delivery,Delivered,2.0,5200.0
ORD101370,2025-12-29,CUST1474,Customer 282,Chennai,Tamil Nadu,Smartwatch,Electronics,1,6500,0.0,6500.0,Net Banking,Returned,,6500.0
ORD103884,2025-12-28,CUST1038,Customer 620,Delhi,Delhi,Mixer Grinder,Home Appliances,1,3800,0.2,3040.0,UPI,Delivered,5.0,3040.0
ORD101980,2025-11-28,CUST1467,Customer 469,Kochi,Kerala,Smartphone,Electronics,1,28000,0.0,28000.0,Debit Card,Cancelled,,28000.0
ORD102958,2025-06-16,CUST1091,Customer 58,Mumbai,Maharashtra,T-Shirt,Fashion,1,900,0.1,810.0,Credit Card,Cancelled,,810.0
ORD100191,2025-11-11,CUST1276,Customer 180,Mumbai,Maharashtra,Laptop,Electronics,1,55000,0.0,55000.0,Cash on Delivery,Delivered,5.0,55000.0
ORD100179,2025-08-21,CUST1547,Customer 401,Kochi,Kerala,Desk,Furniture,1,12000,0.05,11400.0,UPI,Delivered,1.0,11400.0
ORD102605,2025-07-02,CUST1309,Customer 433,Kochi,Kerala,T-Shirt,Fashion,1,900,0.0,900.0,UPI,Delivered,3.0,900.0
ORD102589,2025-05-29,CUST1537,Customer 53,Bengaluru,Karnataka,Coffee Maker,Home Appliances,1,5200,0.05,4940.0,UPI,Delivered,1.0,4940.0
ORD103465,2025-04-09,CUST1052,Customer 94,Hyderabad,Telangana,Smartwatch,Electronics,1,6500,0.1,5850.0,Cash on Delivery,Returned,,5850.0
ORD102024,2025-08-30,CUST1047,Customer 463,Delhi,Delhi,Headphones,Electronics,1,2500,0.0,2500.0,Debit Card,Delivered,1.0,2500.0
ORD102104,2025-05-09,CUST1026,Customer 175,Delhi,Delhi,T-Shirt,Fashion,1,900,0.0,900.0,UPI,Delivered,2.0,900.0
ORD101688,2025-11-15,CUST1420,Customer 573,Kolkata,West Bengal,Running Shoes,Fashion,1,4500,0.05,4275.0,Debit Card,Delivered,2.0,4275.0
ORD103795,2025-06-14,CUST1253,Customer 107,Jaipur,Rajasthan,Coffee Maker,Home Appliances,1,5200,0.0,5200.0,Credit Card,Delivered,2.0,5200.0
ORD102793,2025-04-17,CUST1484,Customer 129,Kochi,Kerala,Desk,Furniture,1,12000,0.0,12000.0,Debit Card,Returned,,12000.0
ORD103322,2025-02-20,CUST1394,Customer 594,Kolkata,West Bengal,Smartwatch,Electronics,1,6500,0.1,5850.0,Cash on Delivery,Delivered,2.0,5850.0
ORD101129,2025-07-19,CUST1201,Customer 276,Jaipur,Rajasthan,Backpack,Accessories,1,1800,0.0,1800.0,Cash on Delivery,Delivered,3.0,1800.0
ORD103068,2025-02-16,CUST1597,Customer 512,Hyderabad,Telangana,Mixer Grinder,Home Appliances,1,3800,0.0,3800.0,UPI,Delivered,2.0,3800.0
ORD103146,2025-08-15,CUST1638,Customer 403,Delhi,Delhi,Coffee Maker,Home Appliances,1,5200,0.05,4940.0,UPI,Returned,,4940.0
ORD101813,2025-02-15,CUST1064,Customer 347,Kolkata,West Bengal,Running Shoes,Fashion,1,4500,0.0,4500.0,Cash on Delivery,Delivered,4.0,4500.0
ORD102560,2025-01-28,CUST1384,Customer 480,Chennai,Tamil Nadu,Mixer Grinder,Home Appliances,1,3800,0.1,3420.0,UPI,Delivered,3.0,3420.0
ORD103898,2025-04-12,CUST1421,Customer 557,Pune,Maharashtra,Backpack,Accessories,3,1800,0.1,4860.0,Credit Card,Delivered,2.0,4860.0
ORD103512,2025-08-16,CUST1444,Customer 370,Jaipur,Rajasthan,Smartwatch,Electronics,1,6500,0.05,6175.0,Debit Card,Cancelled,,6175.0
ORD104005,2025-12-26,CUST1071,Customer 525,Pune,Maharashtra,Smartwatch,Electronics,1,6500,0.05,6175.0,UPI,Returned,,6175.0
ORD101753,2025-10-08,CUST1035,Customer 618,Chennai,Tamil Nadu,Smartwatch,Electronics,1,6500,0.0,6500.0,Net Banking,Delivered,4.0,6500.0
ORD100472,2025-04-04,CUST1165,Customer 90,Pune,Maharashtra,Coffee Maker,Home Appliances,1,5200,0.1,4680.0,Credit Card,Cancelled,,4680.0
ORD100399,2025-07-09,CUST1131,Customer 148,Delhi,Delhi,Headphones,Electronics,1,2500,0.1,2250.0,Cash on Delivery,Delivered,5.0,2250.0
ORD103499,2025-01-12,CUST1361,Customer 445,Mumbai,Maharashtra,Laptop,Electronics,1,55000,0.1,49500.0,Net Banking,Cancelled,,49500.0
ORD100036,2025-06-24,CUST1025,Customer 536,Bengaluru,Karnataka,Smartwatch,Electronics,1,6500,0.1,5850.0,Net Banking,Delivered,4.0,5850.0
ORD102254,2025-05-05,CUST1362,Customer 351,Jaipur,Rajasthan,Headphones,Electronics,1,2500,0.05,2375.0,UPI,Delivered,3.0,2375.0
ORD102657,2025-07-03,CUST1040,Customer 469,Kochi,Kerala,Smartphone,Electronics,1,28000,0.0,28000.0,Debit Card,Delivered,1.0,28000.0
ORD100253,2025-05-09,CUST1084,Customer 543,Chennai,Tamil Nadu,Coffee Maker,Home Appliances,3,5200,0.15,13260.0,UPI,Returned,,13260.0
ORD102656,2025-12-19,CUST1604,Customer 224,Chennai,Tamil Nadu,Office Chair,Furniture,1,9000,0.1,8100.0,UPI,Delivered,4.0,8100.0
ORD101068,2025-08-13,CUST1066,Customer 592,Ahmedabad,Gujarat,Smartphone,Electronics,1,28000,0.1,25200.0,Cash on Delivery,Delivered,2.0,25200.0
ORD101286,2025-02-05,CUST1160,Customer 399,Jaipur,Rajasthan,Laptop,Electronics,1,55000,0.2,44000.0,UPI,Delivered,1.0,44000.0
ORD103221,2025-03-02,CUST1377,Customer 329,Kolkata,West Bengal,Smartwatch,Electronics,1,6500,0.1,5850.0,UPI,Delivered,5.0,5850.0
ORD102478,2025-09-03,CUST1085,Customer 519,Chennai,Tamil Nadu,Smartphone,Electronics,1,28000,0.1,25200.0,Cash on Delivery,Delivered,3.0,25200.0
ORD102941,2025-03-20,CUST1215,Customer 382,Kolkata,West Bengal,T-Shirt,Fashion,1,900,0.0,900.0,Cash on Delivery,Cancelled,,900.0
ORD101876,2025-08-31,CUST1548,Customer 381,Kolkata,West Bengal,Desk,Furniture,1,12000,0.1,10800.0,Net Banking,Delivered,1.0,10800.0
ORD100229,2025-11-21,CUST1230,Customer 59,Kolkata,West Bengal,Desk,Furniture,1,12000,0.0,12000.0,Credit Card,Delivered,3.0,12000.0
ORD103052,2025-10-06,CUST1608,Customer 282,Chennai,Tamil Nadu,Smartphone,Electronics,1,28000,0.05,26600.0,UPI,Delivered,2.0,26600.0
ORD101749,2025-01-15,CUST1111,Customer 290,Kolkata,West Bengal,Laptop,Electronics,1,55000,0.05,52250.0,Cash on Delivery,Cancelled,,52250.0
ORD103078,2025-01-04,CUST1117,Customer 574,Kochi,Kerala,Headphones,Electronics,1,2500,0.1,2250.0,Net Banking,Cancelled,,2250.0
ORD101645,2025-06-30,CUST1230,Customer 160,Pune,Maharashtra,T-Shirt,Fashion,1,900,0.0,900.0,UPI,Delivered,1.0,900.0
ORD104123,2025-11-22,CUST1364,Customer 521,Hyderabad,Telangana,Headphones,Electronics,1,2500,0.0,2500.0,Cash on Delivery,Returned,,2500.0
ORD101610,2025-11-12,CUST1413,Customer 569,Hyderabad,Telangana,Keyboard,Accessories,1,2200,0.05,2090.0,Net Banking,Delivered,5.0,2090.0
ORD102776,2025-09-17,CUST1351,Customer 297,Pune,Maharashtra,Laptop,Electronics,1,55000,0.0,55000.0,Credit Card,Delivered,1.0,55000.0
ORD102367,2025-04-11,CUST1622,Customer 221,Pune,Maharashtra,Laptop,Electronics,1,55000,0.05,52250.0,UPI,Cancelled,,52250.0
ORD100630,2025-10-02,CUST1322,Customer 572,Ahmedabad,Gujarat,Mixer Grinder,Home Appliances,1,3800,0.1,3420.0,Debit Card,Delivered,2.0,3420.0
ORD100926,2025-08-16,CUST1344,Customer 176,Bengaluru,Karnataka,T-Shirt,Fashion,1,900,0.0,900.0,UPI,Delivered,3.0,900.0
ORD102942,2025-08-02,CUST1044,Customer 228,Kolkata,West Bengal,Running Shoes,Fashion,1,4500,0.0,4500.0,Cash on Delivery,Delivered,3.0,4500.0
ORD101020,2025-04-05,CUST1034,Customer 417,Chennai,Tamil Nadu,Running Shoes,Fashion,1,4500,0.0,4500.0,Net Banking,Delivered,5.0,4500.0
ORD104145,2025-12-23,CUST1208,Customer 350,Ahmedabad,Gujarat,Headphones,Electronics,1,2500,0.05,2375.0,Net Banking,Delivered,1.0,2375.0
ORD103385,2025-02-16,CUST1455,Customer 305,Bengaluru,Karnataka,T-Shirt,Fashion,1,900,0.1,810.0,Credit Card,Delivered,4.0,810.0
ORD101787,2025-08-02,CUST1031,Customer 171,Pune,Maharashtra,T-Shirt,Fashion,1,900,0.05,855.0,Debit Card,Delivered,5.0,855.0
ORD102124,2025-09-22,CUST1373,Customer 648,Bengaluru,Karnataka,Laptop,Electronics,1,55000,0.0,55000.0,UPI,Delivered,5.0,55000.0
ORD102222,2025-03-01,CUST1314,Customer 549,Ahmedabad,Gujarat,Keyboard,Accessories,1,2200,0.1,1980.0,UPI,Delivered,1.0,1980.0
ORD104174,2025-04-21,CUST1137,Customer 174,Kolkata,West Bengal,Backpack,Accessories,1,1800,0.0,1800.0,Net Banking,Cancelled,,1800.0
ORD101076,2025-06-28,CUST1232,Customer 212,Jaipur,Rajasthan,Coffee Maker,Home Appliances,1,5200,0.05,4940.0,Credit Card,Cancelled,,4940.0
ORD103624,2025-04-21,CUST1018,Customer 309,Kolkata,West Bengal,Coffee Maker,Home Appliances,1,5200,0.0,5200.0,UPI,Cancelled,,5200.0
ORD102950,2025-03-07,CUST1599,Customer 148,Chennai,Tamil Nadu,Headphones,Electronics,1,2500,0.0,2500.0,Net Banking,Cancelled,,2500.0
ORD104110,2025-04-26,CUST1444,Customer 380,Hyderabad,Telangana,Office Chair,Furniture,2,9000,0.15,15300.0,UPI,Delivered,1.0,15300.0
ORD101850,2025-07-23,CUST1378,Customer 119,Jaipur,Rajasthan,Laptop,Electronics,1,55000,0.2,44000.0,Credit Card,Cancelled,,44000.0
ORD104186,2025-03-29,CUST1242,Customer 245,Ahmedabad,Gujarat,Office Chair,Furniture,1,9000,0.0,9000.0,Debit Card,Delivered,1.0,9000.0
ORD102796,2025-09-11,CUST1522,Customer 89,Kochi,Kerala,Laptop,Electronics,1,55000,0.15,46750.0,Cash on Delivery,Delivered,3.0,46750.0
ORD101245,2025-06-11,CUST1108,Customer 201,Pune,Maharashtra,T-Shirt,Fashion,2,900,0.05,1710.0,Net Banking,Returned,,1710.0
ORD104147,2025-04-22,CUST1443,Customer 186,Delhi,Delhi,Keyboard,Accessories,1,2200,0.1,1980.0,Cash on Delivery,Delivered,4.0,1980.0
ORD100509,2025-06-28,CUST1647,Customer 290,Kolkata,West Bengal,Smartphone,Electronics,1,28000,0.15,23800.0,Cash on Delivery,Delivered,3.0,23800.0
ORD100711,2025-03-23,CUST1203,Customer 448,Ahmedabad,Gujarat,Office Chair,Furniture,2,9000,0.2,14400.0,Net Banking,Returned,,14400.0
ORD104068,2025-05-19,CUST1416,Customer 70,Mumbai,Maharashtra,Backpack,Accessories,2,1800,0.0,3600.0,Credit Card,Cancelled,,3600.0
ORD100608,2025-05-21,CUST1345,Customer 508,Kochi,Kerala,T-Shirt,Fashion,1,900,0.0,900.0,Unknown,Returned,,900.0
ORD100388,2025-05-23,CUST1145,Customer 648,Bengaluru,Karnataka,Keyboard,Accessories,1,2200,0.15,1870.0,Credit Card,Cancelled,,1870.0
ORD103166,2025-02-04,CUST1537,Customer 578,Jaipur,Rajasthan,T-Shirt,Fashion,1,900,0.1,810.0,Debit Card,Delivered,5.0,810.0
ORD100868,2025-04-17,CUST1647,Customer 630,Kochi,Kerala,Running Shoes,Fashion,2,4500,0.05,8550.0,Credit Card,Delivered,2.0,8550.0
ORD102800,2025-12-31,CUST1386,Customer 145,Kochi,Kerala,Office Chair,Furniture,2,9000,0.15,15300.0,UPI,Returned,,15300.0
ORD100912,2025-03-27,CUST1569,Customer 342,Kochi,Kerala,Smartwatch,Electronics,1,6500,0.0,6500.0,Credit Card,Delivered,2.0,6500.0
ORD103869,2025-04-14,CUST1311,Customer 162,Bengaluru,Karnataka,Smartwatch,Electronics,1,6500,0.1,5850.0,Credit Card,Cancelled,,5850.0
ORD101922,2025-04-27,CUST1225,Customer 113,Ahmedabad,Gujarat,Running Shoes,Fashion,1,4500,0.0,4500.0,Net Banking,Delivered,1.0,4500.0
ORD103724,2025-01-24,CUST1214,Customer 145,Kochi,Kerala,Desk,Furniture,1,12000,0.0,12000.0,Credit Card,Delivered,5.0,12000.0
ORD100149,2025-06-20,CUST1559,Customer 256,Jaipur,Rajasthan,Smartwatch,Electronics,1,6500,0.0,6500.0,UPI,Returned,,6500.0
ORD100754,2025-03-26,CUST1249,Customer 245,Jaipur,Rajasthan,Running Shoes,Fashion,1,4500,0.15,3825.0,Debit Card,Delivered,3.0,3825.0
ORD103555,2025-11-16,CUST1242,Customer 502,Kolkata,West Bengal,Smartphone,Electronics,1,28000,0.15,23800.0,UPI,Cancelled,,23800.0
ORD102451,2025-09-17,CUST1531,Customer 525,Ahmedabad,Gujarat,Backpack,Accessories,2,1800,0.0,3600.0,UPI,Delivered,3.0,3600.0
ORD101274,2025-06-14,CUST1642,Customer 163,Mumbai,Maharashtra,T-Shirt,Fashion,1,900,0.05,855.0,UPI,Delivered,4.0,855.0
ORD100341,2025-10-29,CUST1419,Customer 207,Delhi,Delhi,Running Shoes,Fashion,1,4500,0.1,4050.0,UPI,Cancelled,,4050.0
ORD103991,2025-12-08,CUST1053,Customer 47,Hyderabad,Telangana,Laptop,Electronics,1,55000,0.2,44000.0,Debit Card,Delivered,3.0,44000.0
ORD103036,2025-05-11,CUST1417,Customer 207,Mumbai,Maharashtra,Office Chair,Furniture,1,9000,0.0,9000.0,Cash on Delivery,Delivered,4.0,9000.0
ORD102249,2025-09-20,CUST1149,Customer 55,Delhi,Delhi,Smartwatch,Electronics,1,6500,0.15,5525.0,Debit Card,Cancelled,,5525.0
ORD103715,2025-11-12,CUST1186,Customer 244,Hyderabad,Telangana,Headphones,Electronics,3,2500,0.1,6750.0,Net Banking,Delivered,1.0,6750.0
ORD101116,2025-08-31,CUST1345,Customer 554,Hyderabad,Telangana,Keyboard,Accessories,1,2200,0.05,2090.0,Cash on Delivery,Delivered,4.0,2090.0
ORD102781,2025-02-16,CUST1618,Customer 549,Hyderabad,Telangana,Desk,Furniture,1,12000,0.05,11400.0,Debit Card,Returned,,11400.0
ORD100541,2025-12-23,CUST1383,Customer 368,Ahmedabad,Gujarat,Laptop,Electronics,1,55000,0.0,55000.0,Net Banking,Delivered,1.0,55000.0
ORD102740,2025-06-11,CUST1540,Customer 579,Ahmedabad,Gujarat,Desk,Furniture,2,12000,0.05,22800.0,UPI,Delivered,4.0,22800.0
ORD103657,2025-01-14,CUST1284,Customer 458,Jaipur,Rajasthan,Office Chair,Furniture,1,9000,0.0,9000.0,Debit Card,Returned,,9000.0
ORD101467,2025-11-11,CUST1554,Customer 483,Hyderabad,Telangana,Coffee Maker,Home Appliances,1,5200,0.05,4940.0,Debit Card,Delivered,1.0,4940.0
ORD102658,2025-01-03,CUST1424,Customer 515,Kochi,Kerala,T-Shirt,Fashion,1,900,0.1,810.0,Net Banking,Delivered,2.0,810.0
ORD102096,2025-05-12,CUST1459,Customer 276,Ahmedabad,Gujarat,Coffee Maker,Home Appliances,1,5200,0.1,4680.0,Credit Card,Cancelled,,4680.0
ORD100956,2025-11-07,CUST1443,Customer 582,Jaipur,Rajasthan,Coffee Maker,Home Appliances,1,5200,0.05,4940.0,Debit Card,Returned,,4940.0
ORD100281,2025-04-26,CUST1312,Customer 104,Kolkata,West Bengal,Headphones,Electronics,1,2500,0.1,2250.0,Debit Card,Delivered,4.0,2250.0
ORD102459,2025-11-04,CUST1320,Customer 189,Kolkata,West Bengal,Office Chair,Furniture,1,9000,0.0,9000.0,Cash on Delivery,Delivered,1.0,9000.0
ORD100511,2025-09-25,CUST1138,Customer 457,Mumbai,Maharashtra,Running Shoes,Fashion,1,4500,0.0,4500.0,Debit Card,Delivered,4.0,4500.0
ORD102650,2025-04-05,CUST1595,Customer 389,Ahmedabad,Gujarat,Headphones,Electronics,0,2500,0.0,0.0,Debit Card,Returned,,2500.0
ORD101593,2025-05-17,CUST1495,Customer 110,Bengaluru,Karnataka,Desk,Furniture,1,12000,0.1,10800.0,UPI,Delivered,5.0,10800.0
ORD102606,2025-06-02,CUST1568,Customer 480,Ahmedabad,Gujarat,Smartphone,Electronics,1,28000,0.0,28000.0,Debit Card,Returned,,28000.0
ORD103767,2025-09-20,CUST1434,Customer 440,Pune,Maharashtra,Backpack,Accessories,1,1800,0.05,1710.0,Debit Card,Delivered,4.0,1710.0
ORD101515,2025-12-25,CUST1308,Customer 615,Chennai,Tamil Nadu,Desk,Furniture,1,12000,0.05,11400.0,UPI,Delivered,5.0,11400.0
ORD100688,2025-01-08,CUST1292,Customer 191,Hyderabad,Telangana,Smartwatch,Electronics,1,6500,0.05,6175.0,Cash on Delivery,Delivered,4.0,6175.0
ORD100336,2025-04-09,CUST1210,Customer 496,Chennai,Tamil Nadu,Laptop,Electronics,1,55000,0.05,52250.0,Credit Card,Cancelled,,52250.0
ORD100643,2025-08-08,CUST1216,Customer 29,Mumbai,Maharashtra,Keyboard,Accessories,1,2200,0.0,2200.0,Debit Card,Delivered,3.0,2200.0
ORD102363,2025-09-19,CUST1582,Customer 483,Bengaluru,Karnataka,Coffee Maker,Home Appliances,1,5200,0.0,5200.0,UPI,Delivered,3.0,5200.0
ORD102028,2025-05-06,CUST1315,Customer 307,Delhi,Delhi,Smartphone,Electronics,1,28000,0.05,26600.0,Debit Card,Delivered,1.0,26600.0
ORD100783,2025-08-17,CUST1321,Customer 290,Delhi,Delhi,Office Chair,Furniture,1,9000,0.2,7200.0,UPI,Delivered,1.0,7200.0
ORD103895,2025-02-18,CUST1580,Customer 25,Kochi,Kerala,T-Shirt,Fashion,1,900,0.1,810.0,Cash on Delivery,Returned,,810.0
ORD100061,2025-03-22,CUST1386,Customer 619,Hyderabad,Telangana,Backpack,Accessories,1,1800,0.05,1710.0,Cash on Delivery,Returned,,1710.0
ORD100622,2025-05-25,CUST1110,Customer 271,Chennai,Tamil Nadu,Office Chair,Furniture,2,9000,0.1,16200.0,Net Banking,Returned,,16200.0
ORD103579,2025-01-25,CUST1472,Customer 470,Ahmedabad,Gujarat,Mixer Grinder,Home Appliances,2,3800,0.0,7600.0,Cash on Delivery,Returned,,7600.0
ORD103323,2025-04-28,CUST1591,Customer 223,Jaipur,Rajasthan,Coffee Maker,Home Appliances,1,5200,0.05,4940.0,Credit Card,Delivered,1.0,4940.0
ORD101158,2025-09-14,CUST1570,Customer 255,Kochi,Kerala,Mixer Grinder,Home Appliances,1,3800,0.0,3800.0,Credit Card,Delivered,3.0,3800.0
ORD102141,2025-02-12,CUST1137,Customer 194,Jaipur,Rajasthan,Keyboard,Accessories,1,2200,0.05,2090.0,Credit Card,Delivered,2.0,2090.0
ORD100835,2025-07-14,CUST1621,Customer 309,Pune,Maharashtra,Smartphone,Electronics,1,28000,0.15,23800.0,Net Banking,Delivered,1.0,23800.0
ORD102641,2025-01-22,CUST1173,Customer 81,Pune,Maharashtra,T-Shirt,Fashion,1,900,0.05,855.0,UPI,Returned,,855.0
ORD102580,2025-11-20,CUST1598,Customer 436,Delhi,Delhi,Smartwatch,Electronics,1,6500,0.15,5525.0,UPI,Delivered,1.0,5525.0
ORD102044,2025-08-22,CUST1557,Customer 421,Ahmedabad,Gujarat,Running Shoes,Fashion,2,4500,0.15,7650.0,Cash on Delivery,Delivered,3.0,7650.0
ORD101451,2025-01-26,CUST1108,Customer 500,Delhi,Delhi,Mixer Grinder,Home Appliances,1,3800,0.0,3800.0,Cash on Delivery,Delivered,4.0,3800.0
ORD100395,2025-02-20,CUST1468,Customer 49,Hyderabad,Telangana,Keyboard,Accessories,1,2200,0.05,2090.0,Debit Card,Delivered,5.0,2090.0
ORD100846,2025-11-13,CUST1040,Customer 235,Mumbai,Maharashtra,Smartphone,Electronics,3,28000,0.1,75600.0,UPI,Delivered,4.0,75600.0
ORD103118,2025-08-03,CUST1389,Customer 137,Bengaluru,Karnataka,Coffee Maker,Home Appliances,2,5200,0.1,9360.0,Debit Card,Delivered,5.0,9360.0
ORD102624,2025-01-18,CUST1568,Customer 99,Kochi,Kerala,T-Shirt,Fashion,2,900,0.0,1800.0,Cash on Delivery,Delivered,1.0,1800.0
ORD102622,2025-09-25,CUST1294,Customer 285,Jaipur,Rajasthan,Backpack,Accessories,1,1800,0.15,1530.0,Net Banking,Delivered,3.0,1530.0
ORD104144,2025-07-09,CUST1126,Customer 414,Kolkata,West Bengal,Mixer Grinder,Home Appliances,1,3800,0.05,3610.0,Debit Card,Delivered,5.0,3610.0
ORD103351,2025-10-11,CUST1545,Customer 93,Kochi,Kerala,Smartphone,Electronics,3,28000,0.05,79800.0,Debit Card,Delivered,1.0,79800.0
ORD102784,2025-03-16,CUST1156,Customer 335,Chennai,Tamil Nadu,Office Chair,Furniture,2,9000,0.0,18000.0,Debit Card,Returned,,18000.0
ORD100950,2025-12-16,CUST1323,Customer 512,Ahmedabad,Gujarat,Headphones,Electronics,1,2500,0.0,2500.0,Net Banking,Delivered,5.0,2500.0
ORD101762,2025-05-25,CUST1494,Customer 253,Mumbai,Maharashtra,T-Shirt,Fashion,1,900,0.2,720.0,Net Banking,Delivered,1.0,720.0
ORD102328,2025-04-25,CUST1121,Customer 387,Kolkata,West Bengal,Smartphone,Electronics,1,28000,0.0,28000.0,Net Banking,Delivered,1.0,28000.0
ORD103712,2025-06-28,CUST1214,Customer 46,Chennai,Tamil Nadu,Office Chair,Furniture,1,9000,0.0,9000.0,Cash on Delivery,Cancelled,,9000.0
ORD100338,2025-02-06,CUST1527,Customer 498,Delhi,Delhi,Office Chair,Furniture,1,9000,0.1,8100.0,UPI,Cancelled,,8100.0
ORD102276,2025-03-11,CUST1539,Customer 529,Kolkata,West Bengal,Headphones,Electronics,1,2500,0.0,2500.0,Debit Card,Delivered,1.0,2500.0
ORD103771,2025-01-28,CUST1230,Customer 411,Chennai,Tamil Nadu,Running Shoes,Fashion,1,4500,0.1,4050.0,Cash on Delivery,Cancelled,,4050.0
ORD102057,2025-11-07,CUST1126,Customer 253,Delhi,Delhi,Smartwatch,Electronics,1,6500,0.05,6175.0,Cash on Delivery,Delivered,5.0,6175.0
ORD101110,2025-11-20,CUST1226,Customer 59,Pune,Maharashtra,Smartphone,Electronics,1,28000,0.05,26600.0,Net Banking,Delivered,4.0,26600.0
ORD104072,2025-03-17,CUST1379,Customer 210,Bengaluru,Karnataka,Mixer Grinder,Home Appliances,1,3800,0.05,3610.0,Debit Card,Delivered,4.0,3610.0
ORD100294,2025-11-06,CUST1608,Customer 483,Pune,Maharashtra,Smartphone,Electronics,1,28000,0.0,28000.0,Cash on Delivery,Delivered,5.0,28000.0
ORD102117,2025-08-12,CUST1132,Customer 197,Pune,Maharashtra,Running Shoes,Fashion,1,4500,0.0,4500.0,Debit Card,Cancelled,,4500.0
ORD102206,2025-01-10,CUST1523,Customer 182,Bengaluru,Karnataka,Office Chair,Furniture,1,9000,0.1,8100.0,Net Banking,Delivered,3.0,8100.0
ORD103169,2025-02-19,CUST1447,Customer 414,Jaipur,Rajasthan,Laptop,Electronics,1,55000,0.0,55000.0,Debit Card,Delivered,5.0,55000.0
ORD103414,2025-09-19,CUST1542,Customer 506,Kolkata,West Bengal,Running Shoes,Fashion,1,4500,0.1,4050.0,Credit Card,Delivered,2.0,4050.0
ORD103194,2025-04-03,CUST1310,Customer 343,Pune,Maharashtra,T-Shirt,Fashion,1,900,0.2,720.0,Debit Card,Delivered,1.0,720.0
ORD103229,2025-04-19,CUST1071,Customer 269,Hyderabad,Telangana,Mixer Grinder,Home Appliances,1,3800,0.0,3800.0,Cash on Delivery,Delivered,1.0,3800.0
ORD104075,2025-07-07,CUST1631,Customer 560,Kolkata,West Bengal,Smartphone,Electronics,1,28000,0.15,23800.0,UPI,Delivered,4.0,23800.0
ORD102524,2025-04-07,CUST1218,Customer 452,Pune,Maharashtra,Smartwatch,Electronics,1,6500,0.05,6175.0,Debit Card,Delivered,2.0,6175.0
ORD102073,2025-10-14,CUST1272,Customer 102,Hyderabad,Telangana,Desk,Furniture,1,12000,0.0,12000.0,Credit Card,Delivered,3.0,12000.0
ORD102682,2025-12-28,CUST1297,Customer 501,Delhi,Delhi,Coffee Maker,Home Appliances,1,5200,0.1,4680.0,Cash on Delivery,Cancelled,,4680.0
ORD100471,2025-02-16,CUST1100,Customer 112,Hyderabad,Telangana,Desk,Furniture,1,12000,0.0,12000.0,Net Banking,Delivered,3.0,12000.0
ORD100558,2025-12-21,CUST1278,Customer 224,Delhi,Delhi,Headphones,Electronics,1,2500,0.2,2000.0,Net Banking,Delivered,3.0,2000.0
ORD102039,2025-05-31,CUST1363,Customer 216,Kochi,Kerala,Headphones,Electronics,1,2500,0.15,2125.0,Cash on Delivery,Delivered,3.0,2125.0
ORD103796,2025-04-12,CUST1121,Customer 478,Chennai,Tamil Nadu,T-Shirt,Fashion,1,900,0.0,900.0,UPI,Delivered,1.0,900.0
ORD102342,2025-06-10,CUST1268,Customer 600,Mumbai,Maharashtra,Mixer Grinder,Home Appliances,1,3800,0.0,3800.0,Cash on Delivery,Delivered,1.0,3800.0
ORD102821,2025-11-09,CUST1073,Customer 399,Chennai,Tamil Nadu,T-Shirt,Fashion,1,900,0.0,900.0,Net Banking,Delivered,3.0,900.0
ORD101439,2025-09-21,CUST1178,Customer 559,Hyderabad,Telangana,Office Chair,Furniture,2,9000,0.05,17100.0,Debit Card,Delivered,1.0,17100.0
ORD101263,2025-02-20,CUST1561,Customer 250,Mumbai,Maharashtra,Office Chair,Furniture,2,9000,0.05,17100.0,Credit Card,Delivered,3.0,17100.0
ORD104175,2025-06-02,CUST1587,Customer 224,Ahmedabad,Gujarat,Smartphone,Electronics,1,28000,0.1,25200.0,Debit Card,Returned,,25200.0
ORD103237,2025-06-26,CUST1346,Customer 12,Kochi,Kerala,Laptop,Electronics,1,55000,0.2,44000.0,Credit Card,Cancelled,,44000.0
ORD101023,2025-11-14,CUST1606,Customer 478,Hyderabad,Telangana,Office Chair,Furniture,1,9000,0.15,7650.0,Net Banking,Returned,,7650.0
ORD100121,2025-06-21,CUST1579,Customer 90,Jaipur,Rajasthan,Smartwatch,Electronics,2,6500,0.1,11700.0,Net Banking,Delivered,2.0,11700.0
ORD100906,2025-04-29,CUST1589,Customer 179,Delhi,Delhi,Mixer Grinder,Home Appliances,1,3800,0.15,3230.0,UPI,Delivered,2.0,3230.0
ORD103769,2025-10-01,CUST1167,Customer 647,Hyderabad,Telangana,Headphones,Electronics,1,2500,0.0,2500.0,UPI,Cancelled,,2500.0
ORD101307,2025-10-07,CUST1532,Customer 381,Hyderabad,Telangana,Keyboard,Accessories,1,2200,0.05,2090.0,Credit Card,Returned,,2090.0
ORD101389,2025-02-24,CUST1098,Customer 241,Chennai,Tamil Nadu,Coffee Maker,Home Appliances,1,5200,0.0,5200.0,Cash on Delivery,Cancelled,,5200.0
ORD103819,2025-09-29,CUST1527,Customer 533,Pune,Maharashtra,Running Shoes,Fashion,2,4500,0.05,8550.0,Debit Card,Returned,,8550.0
ORD101335,2025-10-20,CUST1270,Customer 537,Chennai,Tamil Nadu,Laptop,Electronics,1,55000,0.15,46750.0,Net Banking,Delivered,4.0,46750.0
ORD102559,2025-07-30,CUST1261,Customer 612,Kochi,Kerala,Keyboard,Accessories,1,2200,0.0,2200.0,Net Banking,Delivered,1.0,2200.0
ORD102228,2025-08-30,CUST1255,Customer 56,Kolkata,West Bengal,Backpack,Accessories,1,1800,0.0,1800.0,Cash on Delivery,Delivered,5.0,1800.0
ORD101936,2025-01-18,CUST1386,Customer 381,Kolkata,West Bengal,Running Shoes,Fashion,1,4500,0.05,4275.0,UPI,Returned,,4275.0
ORD103882,2025-03-31,CUST1514,Customer 309,Jaipur,Rajasthan,Mixer Grinder,Home Appliances,1,3800,0.1,3420.0,UPI,Delivered,3.0,3420.0
ORD103893,2025-12-17,CUST1560,Customer 462,Jaipur,Rajasthan,Office Chair,Furniture,1,9000,0.0,9000.0,Net Banking,Delivered,1.0,9000.0
ORD101094,2025-11-26,CUST1537,Customer 545,Hyderabad,Telangana,Running Shoes,Fashion,1,4500,0.0,4500.0,UPI,Delivered,2.0,4500.0
ORD103856,2025-02-28,CUST1607,Customer 156,Kolkata,West Bengal,Running Shoes,Fashion,1,4500,0.0,4500.0,UPI,Cancelled,,4500.0
ORD104194,2025-05-06,CUST1633,Customer 542,Bengaluru,Karnataka,Smartphone,Electronics,1,28000,0.05,26600.0,Credit Card,Delivered,2.0,26600.0
ORD101560,2025-09-16,CUST1194,Customer 196,Hyderabad,Telangana,Keyboard,Accessories,2,2200,0.1,3960.0,Net Banking,Delivered,1.0,3960.0
ORD103232,2025-05-22,CUST1326,Customer 267,Hyderabad,Telangana,T-Shirt,Fashion,2,900,0.0,1800.0,Debit Card,Returned,,1800.0
ORD103877,2025-01-28,CUST1244,Customer 321,Kolkata,West Bengal,Keyboard,Accessories,1,2200,0.0,2200.0,Debit Card,Cancelled,,2200.0
ORD100816,2025-09-19,CUST1004,Customer 178,Ahmedabad,Gujarat,Laptop,Electronics,1,55000,0.05,52250.0,Credit Card,Delivered,3.0,52250.0
ORD100864,2025-08-02,CUST1302,Customer 106,Hyderabad,Telangana,Laptop,Electronics,1,55000,0.1,49500.0,Credit Card,Delivered,5.0,49500.0
ORD101083,2025-06-06,CUST1156,Customer 478,Delhi,Delhi,Laptop,Electronics,1,55000,0.0,55000.0,Debit Card,Delivered,2.0,55000.0
ORD101209,2025-12-08,CUST1293,Customer 177,Kolkata,West Bengal,Desk,Furniture,2,12000,0.0,24000.0,Cash on Delivery,Delivered,5.0,24000.0
ORD104139,2025-06-18,CUST1347,Customer 272,Jaipur,Rajasthan,Backpack,Accessories,1,1800,0.2,1440.0,Cash on Delivery,Delivered,4.0,1440.0
ORD101290,2025-01-02,CUST1399,Customer 188,Chennai,Tamil Nadu,Headphones,Electronics,1,2500,0.1,2250.0,Net Banking,Delivered,4.0,2250.0
ORD101858,2025-04-21,CUST1588,Customer 418,Mumbai,Maharashtra,Mixer Grinder,Home Appliances,1,3800,0.0,3800.0,Debit Card,Cancelled,,3800.0
ORD100096,2025-12-11,CUST1562,Customer 607,Ahmedabad,Gujarat,Backpack,Accessories,2,1800,0.0,3600.0,Cash on Delivery,Delivered,1.0,3600.0
ORD104113,2025-03-10,CUST1501,Customer 375,Kochi,Kerala,Mixer Grinder,Home Appliances,1,3800,0.0,3800.0,Credit Card,Delivered,4.0,3800.0
ORD102429,2025-03-01,CUST1056,Customer 649,Bengaluru,Karnataka,Coffee Maker,Home Appliances,1,5200,0.1,4680.0,Credit Card,Delivered,5.0,4680.0
ORD100605,2025-08-18,CUST1082,Customer 57,Jaipur,Rajasthan,Desk,Furniture,1,12000,0.05,11400.0,Net Banking,Delivered,1.0,11400.0
ORD103112,2025-03-25,CUST1249,Customer 177,Ahmedabad,Gujarat,Coffee Maker,Home Appliances,1,5200,0.05,4940.0,Debit Card,Delivered,2.0,4940.0
ORD102115,2025-04-03,CUST1561,Customer 277,Ahmedabad,Gujarat,Headphones,Electronics,1,2500,0.2,2000.0,Debit Card,Returned,,2000.0
ORD100551,2025-08-12,CUST1143,Customer 419,Mumbai,Maharashtra,Desk,Furniture,1,12000,0.05,11400.0,Net Banking,Delivered,4.0,11400.0
ORD103220,2025-07-29,CUST1451,Customer 427,Pune,Maharashtra,Smartphone,Electronics,1,28000,0.0,28000.0,Credit Card,Delivered,5.0,28000.0
ORD102300,2025-04-12,CUST1424,Customer 536,Delhi,Delhi,Backpack,Accessories,1,1800,0.1,1620.0,Debit Card,Delivered,2.0,1620.0
ORD100476,2025-12-07,CUST1536,Customer 168,Pune,Maharashtra,Backpack,Accessories,1,1800,0.05,1710.0,Net Banking,Cancelled,,1710.0
ORD101500,2025-05-21,CUST1570,Customer 332,Kochi,Kerala,Coffee Maker,Home Appliances,1,5200,0.0,5200.0,UPI,Delivered,1.0,5200.0
ORD100213,2025-08-13,CUST1346,Customer 72,Chennai,Tamil Nadu,Mixer Grinder,Home Appliances,2,3800,0.2,6080.0,Credit Card,Returned,,6080.0
ORD103513,2025-04-12,CUST1360,Customer 563,Bengaluru,Karnataka,Desk,Furniture,1,12000,0.15,10200.0,Debit Card,Returned,,10200.0
ORD104053,2025-04-26,CUST1531,Customer 103,Pune,Maharashtra,Desk,Furniture,1,12000,0.0,12000.0,Cash on Delivery,Delivered,2.0,12000.0
ORD101589,2025-04-15,CUST1610,Customer 560,Kolkata,West Bengal,Headphones,Electronics,1,2500,0.0,2500.0,Credit Card,Delivered,2.0,2500.0
ORD102025,2025-08-04,CUST1256,Customer 178,Ahmedabad,Gujarat,Keyboard,Accessories,1,2200,0.0,2200.0,Net Banking,Returned,,2200.0
ORD102379,2025-05-14,CUST1364,Customer 204,Jaipur,Rajasthan,Smartwatch,Electronics,1,6500,0.0,6500.0,Cash on Delivery,Returned,,6500.0
ORD102481,2025-05-29,CUST1415,Customer 364,Kolkata,West Bengal,Smartwatch,Electronics,1,6500,0.0,6500.0,Net Banking,Delivered,4.0,6500.0
ORD100277,2025-06-01,CUST1193,Customer 618,Bengaluru,Karnataka,Keyboard,Accessories,1,2200,0.05,2090.0,Cash on Delivery,Delivered,4.0,2090.0
ORD100506,2025-06-27,CUST1203,Customer 134,Kolkata,West Bengal,Smartphone,Electronics,1,28000,0.1,25200.0,Debit Card,Delivered,4.0,25200.0
ORD101336,2025-03-16,CUST1019,Customer 225,Kochi,Kerala,Smartwatch,Electronics,1,6500,0.05,6175.0,Credit Card,Returned,,6175.0
ORD103961,2025-10-01,CUST1269,Customer 618,Kolkata,West Bengal,Mixer Grinder,Home Appliances,1,3800,0.2,3040.0,Cash on Delivery,Cancelled,,3040.0
ORD102340,2025-08-19,CUST1057,Customer 433,Kochi,Kerala,Desk,Furniture,1,12000,0.1,10800.0,Net Banking,Delivered,2.0,10800.0
ORD100902,2025-10-21,CUST1176,Customer 329,Pune,Maharashtra,Smartwatch,Electronics,1,6500,0.0,6500.0,Debit Card,Delivered,4.0,6500.0
ORD100449,2025-10-17,CUST1549,Customer 332,Chennai,Tamil Nadu,Desk,Furniture,1,12000,0.05,11400.0,Credit Card,Delivered,4.0,11400.0
ORD101410,2025-05-09,CUST1066,Customer 636,Ahmedabad,Gujarat,Office Chair,Furniture,1,9000,0.05,8550.0,UPI,Cancelled,,8550.0
ORD102535,2025-08-02,CUST1515,Customer 6,Kolkata,West Bengal,Headphones,Electronics,1,2500,0.05,2375.0,Cash on Delivery,Delivered,4.0,2375.0
ORD103597,2025-09-22,CUST1518,Customer 108,Pune,Maharashtra,Backpack,Accessories,1,1800,0.05,1710.0,UPI,Delivered,2.0,1710.0
ORD100990,2025-05-20,CUST1126,Customer 439,Kochi,Kerala,Running Shoes,Fashion,1,4500,0.05,4275.0,Debit Card,Cancelled,,4275.0
ORD100304,2025-07-14,CUST1522,Customer 581,Bengaluru,Karnataka,Coffee Maker,Home Appliances,1,5200,0.2,4160.0,Cash on Delivery,Delivered,3.0,4160.0
ORD103560,2025-06-18,CUST1592,Unknown Customer,Jaipur,Rajasthan,Office Chair,Furniture,1,9000,0.0,9000.0,Credit Card,Delivered,2.0,9000.0
ORD104058,2025-02-10,CUST1206,Customer 475,Mumbai,Maharashtra,Smartphone,Electronics,1,28000,0.0,28000.0,Net Banking,Delivered,2.0,28000.0
ORD100824,2025-09-06,CUST1595,Customer 617,Bengaluru,Karnataka,Keyboard,Accessories,1,2200,0.15,1870.0,Credit Card,Delivered,4.0,1870.0
ORD102989,2025-05-09,CUST1174,Customer 394,Hyderabad,Telangana,Office Chair,Furniture,1,9000,0.0,9000.0,Credit Card,Delivered,1.0,9000.0
ORD101997,2025-11-01,CUST1186,Customer 274,Mumbai,Maharashtra,Office Chair,Furniture,1,9000,0.1,8100.0,Cash on Delivery,Cancelled,,8100.0
ORD102116,2025-11-01,CUST1390,Customer 149,Mumbai,Maharashtra,Smartphone,Electronics,2,28000,0.15,47600.0,Debit Card,Cancelled,,47600.0
ORD102068,2025-12-11,CUST1224,Customer 524,Chennai,Tamil Nadu,Desk,Furniture,1,12000,0.2,9600.0,Credit Card,Delivered,3.0,9600.0
ORD101902,2025-04-03,CUST1323,Customer 530,Kochi,Kerala,Headphones,Electronics,1,2500,0.1,2250.0,Cash on Delivery,Delivered,1.0,2250.0
ORD100325,2025-05-27,CUST1627,Customer 8,Jaipur,Rajasthan,Backpack,Accessories,1,1800,0.0,1800.0,UPI,Returned,,1800.0
ORD103333,2025-06-15,CUST1007,Customer 246,Kochi,Kerala,Mixer Grinder,Home Appliances,1,3800,0.05,3610.0,Credit Card,Returned,,3610.0
ORD101155,2025-10-24,CUST1415,Customer 646,Delhi,Delhi,Laptop,Electronics,1,55000,0.1,49500.0,Cash on Delivery,Delivered,3.0,49500.0
ORD101434,2025-01-12,CUST1525,Customer 43,Mumbai,Maharashtra,Keyboard,Accessories,1,2200,0.0,2200.0,Credit Card,Delivered,2.0,2200.0
ORD103473,2025-10-02,CUST1443,Customer 506,Kochi,Kerala,Desk,Furniture,1,12000,0.0,12000.0,Net Banking,Delivered,4.0,12000.0
ORD101474,2025-06-08,CUST1110,Customer 458,Mumbai,Maharashtra,T-Shirt,Fashion,2,900,0.05,1710.0,Net Banking,Cancelled,,1710.0
ORD102103,2025-11-27,CUST1289,Customer 470,Chennai,Tamil Nadu,Office Chair,Furniture,1,9000,0.0,9000.0,Net Banking,Cancelled,,9000.0
ORD103012,2025-08-11,CUST1065,Customer 467,Kolkata,West Bengal,Backpack,Accessories,3,1800,0.05,5130.0,Credit Card,Delivered,2.0,5130.0
ORD102980,2025-09-20,CUST1240,Customer 214,Ahmedabad,Gujarat,Headphones,Electronics,1,2500,0.0,2500.0,UPI,Cancelled,,2500.0
ORD104167,2025-01-09,CUST1204,Customer 211,Kolkata,West Bengal,Backpack,Accessories,3,1800,0.1,4860.0,Cash on Delivery,Returned,,4860.0
ORD100151,2025-02-05,CUST1037,Customer 14,Chennai,Tamil Nadu,Smartphone,Electronics,1,28000,0.05,26600.0,Debit Card,Delivered,3.0,26600.0
ORD104006,2025-11-18,CUST1125,Customer 201,Mumbai,Maharashtra,Smartwatch,Electronics,2,6500,0.05,12350.0,Credit Card,Delivered,4.0,12350.0
ORD101697,2025-11-20,CUST1022,Customer 622,Pune,Maharashtra,Desk,Furniture,1,12000,0.1,10800.0,UPI,Cancelled,,10800.0
ORD104015,2025-06-22,CUST1592,Customer 20,Chennai,Tamil Nadu,Backpack,Accessories,2,1800,0.0,3600.0,Cash on Delivery,Returned,,3600.0
ORD101131,2025-10-30,CUST1385,Customer 265,Kochi,Kerala,Mixer Grinder,Home Appliances,1,3800,0.05,3610.0,UPI,Delivered,2.0,3610.0
ORD102792,2025-09-16,CUST1293,Customer 182,Chennai,Tamil Nadu,Coffee Maker,Home Appliances,1,5200,0.05,4940.0,UPI,Delivered,1.0,4940.0
ORD103955,2025-07-06,CUST1577,Customer 125,Kochi,Kerala,Laptop,Electronics,1,55000,0.1,49500.0,Unknown,Returned,,49500.0
ORD104039,2025-01-17,CUST1207,Customer 411,Ahmedabad,Gujarat,Running Shoes,Fashion,1,4500,0.2,3600.0,Credit Card,Delivered,4.0,3600.0
ORD102798,2025-07-17,CUST1568,Customer 121,Ahmedabad,Gujarat,Office Chair,Furniture,1,9000,0.05,8550.0,UPI,Delivered,4.0,8550.0
ORD102804,2025-10-29,CUST1377,Customer 545,Bengaluru,Karnataka,Running Shoes,Fashion,2,4500,0.0,9000.0,UPI,Delivered,5.0,9000.0
ORD101049,2025-05-12,CUST1433,Customer 481,Pune,Maharashtra,Headphones,Electronics,1,2500,0.1,2250.0,Net Banking,Delivered,4.0,2250.0
ORD100812,2025-09-30,CUST1216,Customer 107,Bengaluru,Karnataka,Backpack,Accessories,1,1800,0.05,1710.0,Credit Card,Cancelled,,1710.0
ORD102710,2025-04-21,CUST1321,Customer 98,Ahmedabad,Gujarat,T-Shirt,Fashion,1,900,0.05,855.0,UPI,Delivered,2.0,855.0
ORD103911,2025-12-27,CUST1023,Customer 228,Jaipur,Rajasthan,Backpack,Accessories,1,1800,0.0,1800.0,Credit Card,Delivered,2.0,1800.0
ORD101558,2025-08-06,CUST1445,Customer 618,Jaipur,Rajasthan,T-Shirt,Fashion,2,900,0.15,1530.0,Cash on Delivery,Delivered,3.0,1530.0
ORD101064,2025-03-04,CUST1053,Customer 118,Ahmedabad,Gujarat,Running Shoes,Fashion,1,4500,0.0,4500.0,Cash on Delivery,Delivered,5.0,4500.0
ORD103155,2025-05-05,CUST1629,Customer 447,Kochi,Kerala,Laptop,Electronics,1,55000,0.0,55000.0,Debit Card,Delivered,2.0,55000.0
ORD102304,2025-10-13,CUST1386,Customer 343,Kochi,Kerala,Backpack,Accessories,1,1800,0.0,1800.0,Cash on Delivery,Cancelled,,1800.0
ORD102983,2025-09-16,CUST1244,Customer 477,Hyderabad,Telangana,Mixer Grinder,Home Appliances,1,3800,0.1,3420.0,UPI,Delivered,2.0,3420.0
ORD100870,2025-02-17,CUST1181,Customer 130,Pune,Maharashtra,Smartphone,Electronics,1,28000,0.1,25200.0,Cash on Delivery,Returned,,25200.0
ORD104148,2025-07-25,CUST1283,Customer 563,Bengaluru,Karnataka,Backpack,Accessories,1,1800,0.1,1620.0,Credit Card,Delivered,4.0,1620.0
ORD100893,2025-07-06,CUST1090,Customer 282,Kolkata,West Bengal,Running Shoes,Fashion,1,4500,0.05,4275.0,Net Banking,Delivered,3.0,4275.0
ORD102922,2025-03-17,CUST1536,Customer 281,Jaipur,Rajasthan,Office Chair,Furniture,2,9000,0.0,18000.0,Cash on Delivery,Delivered,4.0,18000.0
ORD102662,2025-01-23,CUST1113,Customer 373,Jaipur,Rajasthan,Laptop,Electronics,1,55000,0.0,55000.0,Debit Card,Cancelled,,55000.0
ORD101404,2025-07-20,CUST1512,Customer 310,Ahmedabad,Gujarat,Desk,Furniture,2,12000,0.05,22800.0,Net Banking,Delivered,5.0,22800.0
ORD101101,2025-12-31,CUST1304,Customer 117,Ahmedabad,Gujarat,T-Shirt,Fashion,1,900,0.0,900.0,UPI,Delivered,1.0,900.0
ORD102437,2025-06-27,CUST1104,Customer 317,Mumbai,Maharashtra,Mixer Grinder,Home Appliances,1,3800,0.1,3420.0,Debit Card,Delivered,4.0,3420.0
ORD102985,2025-04-24,CUST1292,Customer 363,Pune,Maharashtra,Smartwatch,Electronics,2,6500,0.0,13000.0,UPI,Delivered,2.0,13000.0
ORD102455,2025-04-11,CUST1057,Customer 582,Kolkata,West Bengal,Office Chair,Furniture,2,9000,0.2,14400.0,Net Banking,Delivered,4.0,14400.0
ORD101316,2025-07-28,CUST1272,Customer 547,Chennai,Tamil Nadu,Backpack,Accessories,3,1800,0.1,4860.0,Net Banking,Delivered,3.0,4860.0
ORD102843,2025-04-30,CUST1629,Customer 248,Kolkata,West Bengal,Coffee Maker,Home Appliances,1,5200,0.0,5200.0,UPI,Returned,,5200.0
ORD102764,2025-05-26,CUST1242,Customer 541,Delhi,Delhi,Running Shoes,Fashion,2,4500,0.05,8550.0,Debit Card,Delivered,3.0,8550.0
ORD101135,2025-08-06,CUST1195,Customer 409,Pune,Maharashtra,Keyboard,Accessories,1,2200,0.0,2200.0,Debit Card,Delivered,5.0,2200.0
ORD101649,2025-06-04,CUST1071,Customer 345,Kochi,Kerala,Laptop,Electronics,1,55000,0.1,49500.0,Credit Card,Returned,,49500.0
ORD101024,2025-08-24,CUST1142,Customer 590,Kolkata,West Bengal,Backpack,Accessories,1,1800,0.0,1800.0,Credit Card,Delivered,5.0,1800.0
ORD103104,2025-05-22,CUST1104,Customer 345,Mumbai,Maharashtra,Desk,Furniture,1,12000,0.05,11400.0,Credit Card,Cancelled,,11400.0
ORD100247,2025-07-18,CUST1166,Customer 203,Chennai,Tamil Nadu,Headphones,Electronics,2,2500,0.05,4750.0,Net Banking,Delivered,1.0,4750.0
ORD100146,2025-08-19,CUST1626,Customer 75,Jaipur,Rajasthan,T-Shirt,Fashion,1,900,0.0,900.0,Credit Card,Returned,,900.0
ORD100796,2025-12-01,CUST1029,Customer 279,Jaipur,Rajasthan,Smartwatch,Electronics,1,6500,0.05,6175.0,Debit Card,Delivered,3.0,6175.0
ORD103201,2025-06-28,CUST1281,Customer 158,Bengaluru,Karnataka,Smartwatch,Electronics,1,6500,0.05,6175.0,Debit Card,Delivered,5.0,6175.0
ORD100590,2025-07-05,CUST1435,Customer 426,Bengaluru,Karnataka,Running Shoes,Fashion,1,4500,0.2,3600.0,Debit Card,Delivered,5.0,3600.0
ORD102671,2025-12-28,CUST1606,Customer 67,Delhi,Delhi,Desk,Furniture,2,12000,0.0,24000.0,Debit Card,Delivered,1.0,24000.0
ORD100074,2025-09-27,CUST1159,Customer 268,Pune,Maharashtra,Laptop,Electronics,1,55000,0.1,49500.0,Cash on Delivery,Delivered,3.0,49500.0
ORD100461,2025-12-15,CUST1171,Customer 51,Bengaluru,Karnataka,Desk,Furniture,1,12000,0.0,12000.0,UPI,Delivered,3.0,12000.0
ORD100487,2025-11-21,CUST1108,Customer 187,Kochi,Kerala,Running Shoes,Fashion,2,4500,0.1,8100.0,Debit Card,Delivered,5.0,8100.0
ORD100447,2025-01-01,CUST1418,Customer 351,Bengaluru,Karnataka,Running Shoes,Fashion,1,4500,0.05,4275.0,UPI,Cancelled,,4275.0
ORD102139,2025-08-16,CUST1418,Customer 248,Mumbai,Maharashtra,Smartphone,Electronics,1,28000,0.1,25200.0,UPI,Delivered,1.0,25200.0
ORD101230,2025-03-19,CUST1424,Customer 119,Kochi,Kerala,Headphones,Electronics,2,2500,0.1,4500.0,UPI,Returned,,4500.0
ORD100171,2025-05-08,CUST1633,Customer 78,Bengaluru,Karnataka,Coffee Maker,Home Appliances,1,5200,0.1,4680.0,Credit Card,Delivered,1.0,4680.0
ORD103694,2025-06-06,CUST1189,Customer 607,Ahmedabad,Gujarat,Desk,Furniture,1,12000,0.0,12000.0,UPI,Returned,,12000.0
ORD102105,2025-12-10,CUST1588,Customer 339,Kolkata,West Bengal,Coffee Maker,Home Appliances,2,5200,0.05,9880.0,UPI,Returned,,9880.0
ORD102453,2025-02-09,CUST1254,Customer 440,Delhi,Delhi,Running Shoes,Fashion,1,4500,0.0,4500.0,Debit Card,Delivered,3.0,4500.0
ORD101266,2025-09-21,CUST1300,Customer 381,Chennai,Tamil Nadu,Headphones,Electronics,1,2500,0.0,2500.0,Debit Card,Delivered,2.0,2500.0
ORD102648,2025-10-10,CUST1057,Customer 110,Chennai,Tamil Nadu,Backpack,Accessories,2,1800,0.0,3600.0,UPI,Delivered,2.0,3600.0
ORD101016,2025-09-30,CUST1220,Customer 160,Ahmedabad,Gujarat,Laptop,Electronics,1,55000,0.05,52250.0,Net Banking,Delivered,3.0,52250.0
ORD103419,2025-05-02,CUST1426,Customer 377,Chennai,Tamil Nadu,Mixer Grinder,Home Appliances,3,3800,0.0,11400.0,Debit Card,Delivered,3.0,11400.0
ORD100098,2025-01-09,CUST1385,Customer 602,Kochi,Kerala,Desk,Furniture,1,12000,0.0,12000.0,UPI,Delivered,3.0,12000.0
ORD102875,2025-06-14,CUST1380,Customer 490,Kochi,Kerala,Laptop,Electronics,1,55000,0.1,49500.0,Cash on Delivery,Returned,,49500.0
ORD103189,2025-01-15,CUST1183,Customer 16,Pune,Maharashtra,Keyboard,Accessories,1,2200,0.1,1980.0,Net Banking,Delivered,5.0,1980.0
ORD103274,2025-02-15,CUST1324,Customer 395,Kochi,Kerala,Keyboard,Accessories,1,2200,0.0,2200.0,Cash on Delivery,Delivered,2.0,2200.0
ORD104165,2025-09-12,CUST1405,Customer 570,Hyderabad,Telangana,Office Chair,Furniture,2,9000,0.1,16200.0,UPI,Cancelled,,16200.0
ORD102528,2025-08-20,CUST1610,Customer 104,Kochi,Kerala,Smartwatch,Electronics,1,6500,0.05,6175.0,Net Banking,Returned,,6175.0
ORD102372,2025-02-11,CUST1148,Customer 570,Ahmedabad,Gujarat,Coffee Maker,Home Appliances,1,5200,0.0,5200.0,Net Banking,Delivered,2.0,5200.0
ORD101218,2025-08-03,CUST1476,Customer 304,Hyderabad,Telangana,Headphones,Electronics,1,2500,0.2,2000.0,UPI,Delivered,2.0,2000.0
ORD101773,2025-01-24,CUST1358,Customer 470,Mumbai,Maharashtra,Backpack,Accessories,1,1800,0.0,1800.0,Net Banking,Cancelled,,1800.0
ORD101468,2025-08-03,CUST1439,Customer 189,Bengaluru,Karnataka,Running Shoes,Fashion,1,4500,0.05,4275.0,Net Banking,Cancelled,,4275.0
ORD101750,2025-06-11,CUST1239,Customer 303,Delhi,Delhi,Mixer Grinder,Home Appliances,1,3800,0.05,3610.0,Cash on Delivery,Delivered,2.0,3610.0
ORD101665,2025-09-15,CUST1606,Customer 225,Hyderabad,Telangana,Smartwatch,Electronics,3,6500,0.05,18525.0,UPI,Delivered,4.0,18525.0
ORD101479,2025-04-08,CUST1259,Customer 258,Hyderabad,Telangana,Desk,Furniture,1,12000,0.0,12000.0,Net Banking,Delivered,1.0,12000.0
ORD103601,2025-03-16,CUST1399,Customer 8,Jaipur,Rajasthan,Coffee Maker,Home Appliances,1,5200,0.05,4940.0,Credit Card,Delivered,5.0,4940.0
ORD103074,2025-12-09,CUST1240,Customer 614,Hyderabad,Telangana,Headphones,Electronics,3,2500,0.05,7125.0,Net Banking,Returned,,7125.0
ORD103623,2025-07-03,CUST1200,Customer 379,Bengaluru,Karnataka,Mixer Grinder,Home Appliances,1,3800,0.05,3610.0,Cash on Delivery,Delivered,3.0,3610.0
ORD101891,2025-07-30,CUST1639,Customer 483,Chennai,Tamil Nadu,Running Shoes,Fashion,1,4500,0.05,4275.0,UPI,Delivered,1.0,4275.0
ORD100099,2025-12-10,CUST1334,Customer 410,Jaipur,Rajasthan,Headphones,Electronics,1,2500,0.05,2375.0,Debit Card,Delivered,3.0,2375.0
ORD103141,2025-11-04,CUST1633,Customer 149,Ahmedabad,Gujarat,Mixer Grinder,Home Appliances,1,3800,0.05,3610.0,UPI,Delivered,4.0,3610.0
ORD102473,2025-03-27,CUST1204,Customer 642,Chennai,Tamil Nadu,Coffee Maker,Home Appliances,1,5200,0.0,5200.0,Cash on Delivery,Cancelled,,5200.0
ORD102345,2025-08-14,CUST1432,Customer 19,Bengaluru,Karnataka,Headphones,Electronics,1,2500,0.0,2500.0,Debit Card,Delivered,4.0,2500.0
ORD102786,2025-05-17,CUST1094,Customer 241,Mumbai,Maharashtra,T-Shirt,Fashion,1,900,0.05,855.0,Cash on Delivery,Delivered,5.0,855.0
ORD100348,2025-09-10,CUST1356,Customer 149,Hyderabad,Telangana,T-Shirt,Fashion,1,900,0.1,810.0,Net Banking,Cancelled,,810.0
ORD102951,2025-09-05,CUST1611,Customer 636,Hyderabad,Telangana,Headphones,Electronics,1,2500,0.05,2375.0,Debit Card,Delivered,5.0,2375.0
ORD100602,2025-01-09,CUST1565,Customer 179,Pune,Maharashtra,Smartwatch,Electronics,1,6500,0.0,6500.0,Cash on Delivery,Delivered,1.0,6500.0
ORD103048,2025-11-03,CUST1049,Customer 107,Kochi,Kerala,Smartwatch,Electronics,1,6500,0.1,5850.0,Cash on Delivery,Cancelled,,5850.0
ORD103943,2025-01-11,CUST1144,Customer 59,Delhi,Delhi,Coffee Maker,Home Appliances,1,5200,0.1,4680.0,UPI,Delivered,5.0,4680.0
ORD103222,2025-09-25,CUST1189,Customer 42,Chennai,Tamil Nadu,Keyboard,Accessories,1,2200,0.0,2200.0,Debit Card,Delivered,1.0,2200.0
ORD100396,2025-06-02,CUST1273,Customer 394,Pune,Maharashtra,Keyboard,Accessories,1,2200,0.15,1870.0,Credit Card,Delivered,3.0,1870.0
ORD100427,2025-09-26,CUST1557,Customer 244,Ahmedabad,Gujarat,Running Shoes,Fashion,1,4500,0.1,4050.0,UPI,Delivered,5.0,4050.0
ORD100022,2025-07-11,CUST1584,Customer 69,Kochi,Kerala,Smartwatch,Electronics,1,6500,0.0,6500.0,Cash on Delivery,Delivered,1.0,6500.0
ORD101584,2025-11-25,CUST1013,Customer 320,Bengaluru,Karnataka,Laptop,Electronics,2,55000,0.0,110000.0,Cash on Delivery,Delivered,5.0,110000.0
ORD103598,2025-10-17,CUST1100,Customer 3,Chennai,Tamil Nadu,Mixer Grinder,Home Appliances,1,3800,0.0,3800.0,UPI,Delivered,2.0,3800.0
ORD103604,2025-09-16,CUST1173,Customer 493,Mumbai,Maharashtra,Mixer Grinder,Home Appliances,1,3800,0.1,3420.0,UPI,Returned,,3420.0
ORD101039,2025-09-27,CUST1420,Customer 499,Kolkata,West Bengal,Running Shoes,Fashion,2,4500,0.1,8100.0,Net Banking,Delivered,4.0,8100.0
ORD102301,2025-07-28,CUST1361,Customer 606,Bengaluru,Karnataka,Smartphone,Electronics,1,28000,0.0,28000.0,Net Banking,Delivered,3.0,28000.0
ORD102287,2025-08-18,CUST1397,Customer 458,Bengaluru,Karnataka,T-Shirt,Fashion,1,900,0.2,720.0,UPI,Delivered,5.0,720.0
ORD101865,2025-01-03,CUST1602,Customer 528,Jaipur,Rajasthan,Laptop,Electronics,1,55000,0.0,55000.0,Cash on Delivery,Delivered,4.0,55000.0
ORD101145,2025-05-13,CUST1501,Customer 112,Kolkata,West Bengal,Smartwatch,Electronics,1,6500,0.05,6175.0,Net Banking,Delivered,5.0,6175.0
ORD100845,2025-06-19,CUST1014,Customer 634,Kolkata,West Bengal,Running Shoes,Fashion,1,4500,0.0,4500.0,UPI,Delivered,2.0,4500.0
ORD103358,2025-01-30,CUST1271,Customer 556,Kochi,Kerala,Backpack,Accessories,1,1800,0.2,1440.0,Net Banking,Delivered,4.0,1440.0
ORD102894,2025-06-01,CUST1587,Customer 191,Hyderabad,Telangana,Smartwatch,Electronics,2,6500,0.05,12350.0,Debit Card,Delivered,3.0,12350.0
ORD102603,2025-09-28,CUST1047,Customer 127,Ahmedabad,Gujarat,Running Shoes,Fashion,1,4500,0.0,4500.0,Debit Card,Cancelled,,4500.0
ORD101221,2025-02-01,CUST1442,Customer 38,Pune,Maharashtra,Smartwatch,Electronics,1,6500,0.0,6500.0,UPI,Delivered,2.0,6500.0
ORD103418,2025-01-30,CUST1060,Customer 470,Pune,Maharashtra,Smartwatch,Electronics,1,6500,0.05,6175.0,Debit Card,Returned,,6175.0
ORD102594,2025-09-26,CUST1352,Customer 13,Delhi,Delhi,T-Shirt,Fashion,2,900,0.0,1800.0,Cash on Delivery,Delivered,5.0,1800.0
ORD100251,2025-12-04,CUST1393,Customer 79,Ahmedabad,Gujarat,Smartphone,Electronics,2,28000,0.05,53200.0,Cash on Delivery,Delivered,2.0,53200.0
ORD100740,2025-04-09,CUST1269,Customer 19,Kochi,Kerala,Headphones,Electronics,1,2500,0.05,2375.0,Credit Card,Delivered,1.0,2375.0
ORD100965,2025-01-06,CUST1443,Customer 321,Kolkata,West Bengal,Backpack,Accessories,1,1800,0.1,1620.0,Cash on Delivery,Delivered,3.0,1620.0
ORD101670,2025-08-12,CUST1070,Customer 598,Kochi,Kerala,Desk,Furniture,1,12000,0.15,10200.0,Cash on Delivery,Returned,,10200.0
ORD102247,2025-11-16,CUST1130,Customer 643,Jaipur,Rajasthan,Smartwatch,Electronics,2,6500,0.05,12350.0,Net Banking,Delivered,1.0,12350.0
ORD103485,2025-04-27,CUST1624,Customer 468,Kolkata,West Bengal,Smartphone,Electronics,2,28000,0.1,50400.0,UPI,Delivered,2.0,50400.0
ORD101510,2025-07-04,CUST1355,Customer 360,Hyderabad,Telangana,Running Shoes,Fashion,1,4500,0.15,3825.0,UPI,Delivered,1.0,3825.0
ORD103503,2025-06-03,CUST1043,Customer 340,Jaipur,Rajasthan,Backpack,Accessories,1,1800,0.05,1710.0,UPI,Returned,,1710.0
ORD102946,2025-06-17,CUST1573,Customer 612,Bengaluru,Karnataka,Laptop,Electronics,1,55000,0.05,52250.0,UPI,Cancelled,,52250.0
ORD103206,2025-09-17,CUST1161,Customer 390,Chennai,Tamil Nadu,Keyboard,Accessories,1,2200,0.05,2090.0,Debit Card,Returned,,2090.0
ORD104094,2025-02-15,CUST1324,Customer 612,Hyderabad,Telangana,T-Shirt,Fashion,1,900,0.1,810.0,Credit Card,Delivered,3.0,810.0
ORD101315,2025-08-12,CUST1107,Customer 444,Chennai,Tamil Nadu,Office Chair,Furniture,1,9000,0.05,8550.0,Cash on Delivery,Returned,,8550.0
ORD103038,2025-10-13,CUST1236,Customer 389,Kolkata,West Bengal,Smartphone,Electronics,1,28000,0.0,28000.0,UPI,Delivered,1.0,28000.0
ORD101847,2025-12-25,CUST1032,Customer 500,Chennai,Tamil Nadu,Headphones,Electronics,1,2500,0.2,2000.0,Credit Card,Delivered,5.0,2000.0
ORD103089,2025-02-08,CUST1115,Customer 379,Bengaluru,Karnataka,Office Chair,Furniture,1,9000,0.05,8550.0,Cash on Delivery,Returned,,8550.0
ORD101183,2025-12-13,CUST1525,Customer 447,Jaipur,Rajasthan,Running Shoes,Fashion,1,4500,0.05,4275.0,Net Banking,Delivered,5.0,4275.0
ORD100244,2025-05-27,CUST1099,Customer 190,Chennai,Tamil Nadu,Headphones,Electronics,1,2500,0.05,2375.0,Unknown,Delivered,3.0,2375.0
ORD100067,2025-09-17,CUST1204,Customer 556,Pune,Maharashtra,Laptop,Electronics,1,55000,0.05,52250.0,Net Banking,Cancelled,,52250.0
ORD100659,2025-06-09,CUST1515,Customer 207,Mumbai,Maharashtra,Headphones,Electronics,1,2500,0.05,2375.0,Net Banking,Delivered,2.0,2375.0
ORD100934,2025-04-11,CUST1061,Customer 524,Ahmedabad,Gujarat,Smartphone,Electronics,1,28000,0.05,26600.0,Cash on Delivery,Cancelled,,26600.0
ORD102408,2025-04-27,CUST1480,Customer 223,Ahmedabad,Gujarat,Laptop,Electronics,1,55000,0.05,52250.0,Cash on Delivery,Cancelled,,52250.0
ORD102144,2025-10-29,CUST1095,Customer 523,Jaipur,Rajasthan,Mixer Grinder,Home Appliances,2,3800,0.0,7600.0,Net Banking,Delivered,3.0,7600.0
ORD101529,2025-12-10,CUST1037,Customer 393,Kolkata,West Bengal,Headphones,Electronics,1,2500,0.05,2375.0,Cash on Delivery,Delivered,3.0,2375.0
ORD101497,2025-09-08,CUST1470,Customer 112,Ahmedabad,Gujarat,Coffee Maker,Home Appliances,2,5200,0.0,10400.0,Cash on Delivery,Delivered,1.0,10400.0
ORD102570,2025-04-21,CUST1195,Customer 572,Mumbai,Maharashtra,Headphones,Electronics,2,2500,0.05,4750.0,Credit Card,Delivered,2.0,4750.0
ORD101555,2025-04-17,CUST1547,Customer 355,Chennai,Tamil Nadu,Coffee Maker,Home Appliances,1,5200,0.15,4420.0,Debit Card,Delivered,1.0,4420.0
ORD103023,2025-06-03,CUST1096,Customer 28,Jaipur,Rajasthan,Headphones,Electronics,1,2500,0.1,2250.0,Net Banking,Delivered,1.0,2250.0
ORD103224,2025-08-06,CUST1416,Customer 25,Kochi,Kerala,Laptop,Electronics,1,55000,0.0,55000.0,Debit Card,Delivered,1.0,55000.0
ORD103400,2025-04-23,CUST1090,Customer 500,Mumbai,Maharashtra,Laptop,Electronics,1,55000,0.0,55000.0,Net Banking,Delivered,4.0,55000.0
ORD103329,2025-04-06,CUST1371,Customer 506,Jaipur,Rajasthan,Office Chair,Furniture,1,9000,0.15,7650.0,Credit Card,Delivered,5.0,7650.0
ORD102360,2025-06-03,CUST1057,Customer 75,Kolkata,West Bengal,Coffee Maker,Home Appliances,2,5200,0.15,8840.0,Debit Card,Delivered,5.0,8840.0
ORD101809,2025-06-28,CUST1290,Customer 263,Chennai,Tamil Nadu,Smartwatch,Electronics,1,6500,0.05,6175.0,UPI,Cancelled,,6175.0
ORD102891,2025-03-27,CUST1556,Customer 149,Mumbai,Maharashtra,Office Chair,Furniture,1,9000,0.0,9000.0,Net Banking,Delivered,1.0,9000.0
ORD102462,2025-06-27,CUST1553,Customer 424,Jaipur,Rajasthan,Coffee Maker,Home Appliances,1,5200,0.2,4160.0,Debit Card,Delivered,2.0,4160.0
ORD102507,2025-08-20,CUST1051,Customer 495,Pune,Maharashtra,Mixer Grinder,Home Appliances,1,3800,0.0,3800.0,UPI,Returned,,3800.0
ORD101186,2025-12-30,CUST1536,Customer 461,Hyderabad,Telangana,Mixer Grinder,Home Appliances,1,3800,0.0,3800.0,Net Banking,Delivered,3.0,3800.0
ORD102388,2025-05-10,CUST1244,Customer 221,Kochi,Kerala,Office Chair,Furniture,1,9000,0.1,8100.0,Net Banking,Cancelled,,8100.0
ORD103321,2025-07-29,CUST1108,Customer 14,Kolkata,West Bengal,Keyboard,Accessories,1,2200,0.0,2200.0,Unknown,Delivered,1.0,2200.0
ORD102554,2025-10-04,CUST1040,Customer 453,Chennai,Tamil Nadu,Mixer Grinder,Home Appliances,1,3800,0.15,3230.0,Credit Card,Delivered,4.0,3230.0
ORD103926,2025-03-19,CUST1529,Customer 346,Bengaluru,Karnataka,Desk,Furniture,2,12000,0.15,20400.0,Debit Card,Cancelled,,20400.0
ORD101761,2025-03-01,CUST1334,Customer 406,Bengaluru,Karnataka,T-Shirt,Fashion,3,900,0.15,2295.0,Cash on Delivery,Cancelled,,2295.0
ORD103280,2025-11-28,CUST1369,Customer 333,Pune,Maharashtra,Coffee Maker,Home Appliances,1,5200,0.1,4680.0,Credit Card,Delivered,2.0,4680.0
ORD101966,2025-06-12,CUST1455,Customer 34,Kolkata,West Bengal,Running Shoes,Fashion,1,4500,0.05,4275.0,Credit Card,Cancelled,,4275.0
ORD102949,2025-01-26,CUST1469,Customer 408,Bengaluru,Karnataka,Desk,Furniture,1,12000,0.0,12000.0,Cash on Delivery,Delivered,3.0,12000.0
ORD103143,2025-05-22,CUST1073,Customer 514,Bengaluru,Karnataka,Smartwatch,Electronics,1,6500,0.0,6500.0,Credit Card,Delivered,5.0,6500.0
ORD102088,2025-09-26,CUST1549,Customer 506,Chennai,Tamil Nadu,Laptop,Electronics,1,55000,0.05,52250.0,Net Banking,Delivered,5.0,52250.0
ORD101265,2025-04-02,CUST1265,Customer 226,Delhi,Delhi,T-Shirt,Fashion,1,900,0.15,765.0,Debit Card,Delivered,2.0,765.0
ORD102754,2025-04-27,CUST1374,Customer 94,Ahmedabad,Gujarat,Mixer Grinder,Home Appliances,1,3800,0.05,3610.0,Cash on Delivery,Delivered,4.0,3610.0
ORD102566,2025-01-08,CUST1351,Customer 351,Chennai,Tamil Nadu,Running Shoes,Fashion,1,4500,0.1,4050.0,UPI,Delivered,5.0,4050.0
ORD103930,2025-08-10,CUST1425,Customer 21,Kochi,Kerala,Smartwatch,Electronics,1,6500,0.0,6500.0,Debit Card,Delivered,4.0,6500.0
ORD101077,2025-02-11,CUST1016,Customer 69,Chennai,Tamil Nadu,Running Shoes,Fashion,2,4500,0.2,7200.0,Cash on Delivery,Returned,,7200.0
ORD102888,2025-04-27,CUST1451,Customer 309,Pune,Maharashtra,Backpack,Accessories,1,1800,0.0,1800.0,Cash on Delivery,Cancelled,,1800.0
ORD103271,2025-05-27,CUST1148,Customer 387,Hyderabad,Telangana,Smartwatch,Electronics,1,6500,0.05,6175.0,Cash on Delivery,Delivered,3.0,6175.0
ORD101228,2025-01-18,CUST1160,Customer 554,Delhi,Delhi,Laptop,Electronics,1,55000,0.15,46750.0,Debit Card,Cancelled,,46750.0
ORD101152,2025-02-20,CUST1409,Customer 628,Pune,Maharashtra,Smartphone,Electronics,1,28000,0.05,26600.0,Net Banking,Delivered,2.0,26600.0
ORD103728,2025-10-08,CUST1536,Customer 147,Ahmedabad,Gujarat,Keyboard,Accessories,1,2200,0.1,1980.0,Debit Card,Cancelled,,1980.0
ORD104031,2025-04-04,CUST1588,Customer 150,Bengaluru,Karnataka,T-Shirt,Fashion,2,900,0.0,1800.0,Credit Card,Delivered,2.0,1800.0
ORD103935,2025-08-23,CUST1439,Customer 314,Kochi,Kerala,Running Shoes,Fashion,1,4500,0.0,4500.0,Credit Card,Returned,,4500.0
ORD100418,2025-07-15,CUST1161,Customer 402,Jaipur,Rajasthan,Headphones,Electronics,1,2500,0.2,2000.0,Cash on Delivery,Delivered,1.0,2000.0
ORD101243,2025-10-15,CUST1072,Customer 129,Mumbai,Maharashtra,Smartphone,Electronics,1,28000,0.0,28000.0,Credit Card,Cancelled,,28000.0
ORD101867,2025-10-24,CUST1033,Customer 603,Chennai,Tamil Nadu,Smartwatch,Electronics,1,6500,0.05,6175.0,Credit Card,Delivered,5.0,6175.0
ORD103167,2025-09-24,CUST1631,Customer 165,Chennai,Tamil Nadu,Headphones,Electronics,2,2500,0.0,5000.0,Debit Card,Delivered,5.0,5000.0
ORD103664,2025-09-17,CUST1131,Unknown Customer,Delhi,Delhi,T-Shirt,Fashion,1,900,0.0,900.0,Debit Card,Delivered,2.0,900.0
ORD103716,2025-08-05,CUST1418,Customer 481,Delhi,Delhi,Backpack,Accessories,1,1800,0.1,1620.0,UPI,Delivered,5.0,1620.0
ORD101279,2025-11-26,CUST1553,Customer 645,Jaipur,Rajasthan,Smartwatch,Electronics,1,6500,0.0,6500.0,Credit Card,Delivered,5.0,6500.0
ORD102638,2025-05-30,CUST1497,Customer 173,Chennai,Tamil Nadu,Smartwatch,Electronics,1,6500,0.05,6175.0,UPI,Returned,,6175.0
ORD103111,2025-11-30,CUST1326,Customer 17,Jaipur,Rajasthan,Backpack,Accessories,1,1800,0.2,1440.0,Debit Card,Delivered,1.0,1440.0
ORD100885,2025-08-02,CUST1474,Customer 568,Hyderabad,Telangana,Headphones,Electronics,1,2500,0.05,2375.0,UPI,Delivered,3.0,2375.0
ORD100621,2025-12-08,CUST1646,Customer 239,Mumbai,Maharashtra,Desk,Furniture,1,12000,0.1,10800.0,UPI,Cancelled,,10800.0
ORD102971,2025-03-13,CUST1410,Customer 168,Bengaluru,Karnataka,Coffee Maker,Home Appliances,1,5200,0.1,4680.0,Cash on Delivery,Delivered,3.0,4680.0
ORD102208,2025-05-05,CUST1293,Customer 533,Bengaluru,Karnataka,Mixer Grinder,Home Appliances,1,3800,0.15,3230.0,UPI,Delivered,2.0,3230.0
ORD103467,2025-12-04,CUST1429,Customer 38,Bengaluru,Karnataka,Backpack,Accessories,1,1800,0.0,1800.0,Debit Card,Returned,,1800.0
ORD100538,2025-10-04,CUST1649,Customer 386,Delhi,Delhi,Smartwatch,Electronics,1,6500,0.0,6500.0,Debit Card,Cancelled,,6500.0
ORD103768,2025-10-19,CUST1556,Customer 357,Pune,Maharashtra,Office Chair,Furniture,1,9000,0.05,8550.0,UPI,Returned,,8550.0
ORD102289,2025-02-19,CUST1311,Customer 621,Delhi,Delhi,Keyboard,Accessories,1,2200,0.15,1870.0,Cash on Delivery,Delivered,1.0,1870.0
ORD100014,2025-12-26,CUST1011,Customer 582,Mumbai,Maharashtra,Mixer Grinder,Home Appliances,1,3800,0.1,3420.0,Net Banking,Delivered,3.0,3420.0
ORD101682,2025-12-31,CUST1285,Customer 256,Kochi,Kerala,Running Shoes,Fashion,1,4500,0.1,4050.0,Cash on Delivery,Delivered,5.0,4050.0
ORD100741,2025-11-07,CUST1066,Customer 571,Kolkata,West Bengal,Coffee Maker,Home Appliances,1,5200,0.05,4940.0,Cash on Delivery,Returned,,4940.0
ORD102977,2025-02-11,CUST1502,Customer 503,Jaipur,Rajasthan,Running Shoes,Fashion,2,4500,0.0,9000.0,Credit Card,Cancelled,,9000.0
ORD103387,2025-10-02,CUST1499,Customer 155,Kochi,Kerala,Mixer Grinder,Home Appliances,1,3800,0.0,3800.0,Net Banking,Delivered,1.0,3800.0
ORD101386,2025-08-15,CUST1088,Customer 571,Mumbai,Maharashtra,Desk,Furniture,3,12000,0.0,36000.0,Net Banking,Returned,,36000.0
ORD102844,2025-12-02,CUST1078,Customer 458,Delhi,Delhi,Office Chair,Furniture,1,9000,0.15,7650.0,Credit Card,Delivered,5.0,7650.0
ORD102404,2025-11-06,CUST1191,Customer 163,Mumbai,Maharashtra,T-Shirt,Fashion,1,900,0.0,900.0,Cash on Delivery,Returned,,900.0
ORD100335,2025-01-06,CUST1321,Customer 335,Pune,Maharashtra,Desk,Furniture,1,12000,0.1,10800.0,UPI,Delivered,2.0,10800.0
ORD102737,2025-02-24,CUST1032,Customer 43,Delhi,Delhi,Running Shoes,Fashion,1,4500,0.1,4050.0,UPI,Cancelled,,4050.0
ORD103496,2025-07-03,CUST1177,Customer 415,Jaipur,Rajasthan,T-Shirt,Fashion,1,900,0.05,855.0,Credit Card,Delivered,2.0,855.0
ORD102990,2025-01-08,CUST1412,Customer 186,Chennai,Tamil Nadu,Office Chair,Furniture,2,9000,0.0,18000.0,Debit Card,Delivered,5.0,18000.0
ORD103398,2025-11-17,CUST1208,Customer 61,Kochi,Kerala,Office Chair,Furniture,1,9000,0.05,8550.0,Debit Card,Returned,,8550.0
ORD103050,2025-11-10,CUST1642,Customer 573,Kolkata,West Bengal,Smartphone,Electronics,1,28000,0.05,26600.0,Net Banking,Delivered,5.0,26600.0
ORD102236,2025-05-29,CUST1198,Customer 276,Hyderabad,Telangana,T-Shirt,Fashion,1,900,0.1,810.0,Net Banking,Delivered,4.0,810.0
ORD100942,2025-08-17,CUST1595,Customer 419,Kochi,Kerala,Laptop,Electronics,1,55000,0.0,55000.0,Credit Card,Delivered,4.0,55000.0
ORD102948,2025-10-11,CUST1612,Customer 417,Jaipur,Rajasthan,Desk,Furniture,3,12000,0.1,32400.0,Debit Card,Returned,,32400.0
ORD101185,2025-05-08,CUST1194,Customer 103,Kochi,Kerala,T-Shirt,Fashion,1,900,0.0,900.0,UPI,Delivered,4.0,900.0
ORD102278,2025-09-26,CUST1531,Customer 106,Pune,Maharashtra,Office Chair,Furniture,1,9000,0.0,9000.0,Credit Card,Delivered,3.0,9000.0
ORD103932,2025-01-06,CUST1080,Customer 298,Kochi,Kerala,Desk,Furniture,1,12000,0.05,11400.0,Credit Card,Delivered,2.0,11400.0
ORD101852,2025-11-24,CUST1524,Customer 547,Jaipur,Rajasthan,Mixer Grinder,Home Appliances,1,3800,0.15,3230.0,Debit Card,Cancelled,,3230.0
ORD104138,2025-08-27,CUST1408,Customer 327,Chennai,Tamil Nadu,Mixer Grinder,Home Appliances,1,3800,0.0,3800.0,Cash on Delivery,Delivered,5.0,3800.0
ORD102797,2025-04-28,CUST1489,Customer 188,Bengaluru,Karnataka,Smartphone,Electronics,1,28000,0.05,26600.0,Debit Card,Delivered,2.0,26600.0
ORD101887,2025-10-15,CUST1450,Customer 368,Bengaluru,Karnataka,Laptop,Electronics,1,55000,0.2,44000.0,Cash on Delivery,Delivered,1.0,44000.0
ORD103660,2025-12-01,CUST1441,Customer 644,Bengaluru,Karnataka,Mixer Grinder,Home Appliances,2,3800,0.05,7220.0,Debit Card,Returned,,7220.0
ORD103616,2025-06-11,CUST1635,Customer 186,Kochi,Kerala,Running Shoes,Fashion,1,4500,0.0,4500.0,Debit Card,Delivered,1.0,4500.0
ORD103520,2025-06-28,CUST1493,Customer 6,Kochi,Kerala,Mixer Grinder,Home Appliances,1,3800,0.05,3610.0,UPI,Delivered,1.0,3610.0
ORD102398,2025-06-13,CUST1618,Customer 216,Mumbai,Maharashtra,Laptop,Electronics,1,55000,0.05,52250.0,Debit Card,Delivered,2.0,52250.0
ORD102094,2025-04-08,CUST1455,Customer 67,Chennai,Tamil Nadu,Desk,Furniture,2,12000,0.1,21600.0,Debit Card,Returned,,21600.0
ORD102157,2025-11-20,CUST1317,Customer 122,Bengaluru,Karnataka,Office Chair,Furniture,1,9000,0.05,8550.0,Debit Card,Delivered,5.0,8550.0
ORD103690,2025-11-02,CUST1262,Customer 220,Hyderabad,Telangana,Desk,Furniture,1,12000,0.05,11400.0,Debit Card,Delivered,2.0,11400.0
ORD100030,2025-02-18,CUST1539,Customer 91,Jaipur,Rajasthan,Keyboard,Accessories,2,2200,0.05,4180.0,Credit Card,Delivered,5.0,4180.0
ORD102670,2025-05-16,CUST1321,Customer 448,Kolkata,West Bengal,Headphones,Electronics,1,2500,0.0,2500.0,UPI,Delivered,5.0,2500.0
ORD103492,2025-09-03,CUST1152,Customer 336,Kochi,Kerala,Smartphone,Electronics,2,28000,0.1,50400.0,Debit Card,Delivered,2.0,50400.0
ORD104157,2025-05-29,CUST1294,Customer 550,Bengaluru,Karnataka,Coffee Maker,Home Appliances,1,5200,0.1,4680.0,UPI,Delivered,3.0,4680.0
ORD101108,2025-06-06,CUST1021,Customer 591,Delhi,Delhi,Keyboard,Accessories,1,2200,0.0,2200.0,Debit Card,Delivered,3.0,2200.0
ORD100491,2025-08-11,CUST1366,Customer 288,Chennai,Tamil Nadu,Mixer Grinder,Home Appliances,1,3800,0.05,3610.0,Debit Card,Delivered,1.0,3610.0
ORD100316,2025-10-10,CUST1548,Customer 416,Delhi,Delhi,Office Chair,Furniture,2,9000,0.0,18000.0,Cash on Delivery,Delivered,2.0,18000.0
ORD101475,2025-06-01,CUST1212,Customer 432,Delhi,Delhi,Laptop,Electronics,1,55000,0.05,52250.0,Net Banking,Delivered,3.0,52250.0
ORD100382,2025-02-05,CUST1137,Customer 647,Pune,Maharashtra,Running Shoes,Fashion,1,4500,0.0,4500.0,UPI,Delivered,1.0,4500.0
ORD103812,2025-07-07,CUST1107,Customer 469,Pune,Maharashtra,Smartphone,Electronics,1,28000,0.1,25200.0,Credit Card,Delivered,5.0,25200.0
ORD103596,2025-01-23,CUST1122,Customer 408,Delhi,Delhi,Running Shoes,Fashion,1,4500,0.0,4500.0,Net Banking,Delivered,5.0,4500.0
ORD100446,2025-05-02,CUST1145,Customer 14,Chennai,Tamil Nadu,T-Shirt,Fashion,2,900,0.1,1620.0,Debit Card,Delivered,1.0,1620.0
ORD102828,2025-12-30,CUST1117,Customer 262,Mumbai,Maharashtra,T-Shirt,Fashion,1,900,0.05,855.0,Credit Card,Cancelled,,855.0
ORD104073,2025-10-09,CUST1508,Customer 222,Chennai,Tamil Nadu,Coffee Maker,Home Appliances,1,5200,0.2,4160.0,Net Banking,Delivered,4.0,4160.0
ORD100627,2025-10-19,CUST1285,Customer 369,Mumbai,Maharashtra,Laptop,Electronics,1,55000,0.0,55000.0,Net Banking,Delivered,2.0,55000.0
ORD101113,2025-05-10,CUST1366,Customer 308,Mumbai,Maharashtra,Headphones,Electronics,1,2500,0.1,2250.0,Net Banking,Delivered,4.0,2250.0
ORD101485,2025-02-08,CUST1082,Customer 638,Kolkata,West Bengal,Keyboard,Accessories,1,2200,0.05,2090.0,Net Banking,Delivered,2.0,2090.0
ORD102978,2025-11-12,CUST1311,Customer 91,Pune,Maharashtra,Office Chair,Furniture,2,9000,0.0,18000.0,Debit Card,Delivered,5.0,18000.0
ORD103196,2025-01-21,CUST1459,Customer 413,Hyderabad,Telangana,Backpack,Accessories,1,1800,0.0,1800.0,Cash on Delivery,Delivered,2.0,1800.0
ORD103806,2025-09-25,CUST1371,Customer 530,Pune,Maharashtra,Desk,Furniture,2,12000,0.0,24000.0,Net Banking,Delivered,5.0,24000.0
ORD100012,2025-03-29,CUST1624,Customer 536,Hyderabad,Telangana,Headphones,Electronics,1,2500,0.05,2375.0,Debit Card,Delivered,3.0,2375.0
ORD100844,2025-04-02,CUST1650,Customer 486,Pune,Maharashtra,Coffee Maker,Home Appliances,1,5200,0.1,4680.0,Cash on Delivery,Cancelled,,4680.0
ORD101453,2025-10-15,CUST1611,Customer 562,Pune,Maharashtra,Smartphone,Electronics,1,28000,0.1,25200.0,Net Banking,Cancelled,,25200.0
ORD101974,2025-07-14,CUST1096,Customer 445,Chennai,Tamil Nadu,Smartwatch,Electronics,1,6500,0.0,6500.0,Cash on Delivery,Delivered,3.0,6500.0
ORD101789,2025-12-10,CUST1416,Customer 285,Delhi,Delhi,T-Shirt,Fashion,2,900,0.2,1440.0,Credit Card,Delivered,3.0,1440.0
ORD102401,2025-11-17,CUST1546,Customer 140,Bengaluru,Karnataka,Desk,Furniture,1,12000,0.0,12000.0,Debit Card,Delivered,2.0,12000.0
ORD102701,2025-03-16,CUST1022,Customer 5,Jaipur,Rajasthan,Coffee Maker,Home Appliances,1,5200,0.05,4940.0,Debit Card,Delivered,3.0,4940.0
ORD100774,2025-02-23,CUST1089,Customer 604,Delhi,Delhi,Smartphone,Electronics,1,28000,0.15,23800.0,Credit Card,Delivered,5.0,23800.0
ORD100791,2025-10-21,CUST1647,Customer 600,Hyderabad,Telangana,Coffee Maker,Home Appliances,1,5200,0.1,4680.0,Net Banking,Returned,,4680.0
ORD102916,2025-11-26,CUST1252,Customer 18,Jaipur,Rajasthan,Headphones,Electronics,3,2500,0.15,6375.0,Cash on Delivery,Returned,,6375.0
ORD103350,2025-10-21,CUST1165,Customer 548,Kolkata,West Bengal,T-Shirt,Fashion,1,900,0.0,900.0,Credit Card,Delivered,5.0,900.0
ORD102122,2025-04-20,CUST1308,Customer 560,Chennai,Tamil Nadu,Smartphone,Electronics,1,28000,0.05,26600.0,Cash on Delivery,Cancelled,,26600.0
ORD101554,2025-11-26,CUST1009,Customer 178,Kolkata,West Bengal,Running Shoes,Fashion,1,4500,0.0,4500.0,Net Banking,Delivered,3.0,4500.0
ORD103135,2025-11-13,CUST1033,Customer 374,Mumbai,Maharashtra,Coffee Maker,Home Appliances,2,5200,0.05,9880.0,Cash on Delivery,Delivered,3.0,9880.0
ORD102879,2025-03-10,CUST1485,Customer 137,Ahmedabad,Gujarat,Keyboard,Accessories,1,2200,0.05,2090.0,Net Banking,Delivered,3.0,2090.0
ORD101820,2025-06-10,CUST1425,Customer 42,Delhi,Delhi,T-Shirt,Fashion,1,900,0.0,900.0,Cash on Delivery,Returned,,900.0
ORD102811,2025-09-18,CUST1346,Customer 473,Mumbai,Maharashtra,Office Chair,Furniture,1,9000,0.0,9000.0,Net Banking,Delivered,4.0,9000.0
ORD100592,2025-05-02,CUST1317,Customer 111,Mumbai,Maharashtra,Smartphone,Electronics,1,28000,0.1,25200.0,Debit Card,Returned,,25200.0
ORD101045,2025-01-05,CUST1578,Customer 647,Jaipur,Rajasthan,Desk,Furniture,1,12000,0.1,10800.0,Net Banking,Delivered,3.0,10800.0
ORD104041,2025-06-22,CUST1088,Customer 479,Delhi,Delhi,Desk,Furniture,1,12000,0.0,12000.0,Debit Card,Delivered,3.0,12000.0
ORD100245,2025-05-28,CUST1572,Customer 294,Ahmedabad,Gujarat,Smartphone,Electronics,2,28000,0.0,56000.0,Credit Card,Cancelled,,56000.0
ORD101388,2025-04-08,CUST1121,Customer 592,Delhi,Delhi,T-Shirt,Fashion,1,900,0.0,900.0,Cash on Delivery,Delivered,4.0,900.0
ORD102023,2025-06-30,CUST1642,Customer 316,Jaipur,Rajasthan,Smartwatch,Electronics,1,6500,0.1,5850.0,UPI,Delivered,3.0,5850.0
ORD100060,2025-07-25,CUST1301,Customer 6,Hyderabad,Telangana,Smartphone,Electronics,1,28000,0.0,28000.0,Net Banking,Cancelled,,28000.0
ORD100177,2025-05-01,CUST1172,Customer 590,Mumbai,Maharashtra,Coffee Maker,Home Appliances,1,5200,0.15,4420.0,Net Banking,Cancelled,,4420.0
ORD104082,2025-05-12,CUST1382,Customer 104,Kolkata,West Bengal,Keyboard,Accessories,1,2200,0.05,2090.0,Credit Card,Cancelled,,2090.0
ORD100056,2025-12-06,CUST1584,Customer 446,Kolkata,West Bengal,T-Shirt,Fashion,2,900,0.0,1800.0,UPI,Cancelled,,1800.0
ORD103458,2025-04-02,CUST1470,Customer 216,Mumbai,Maharashtra,Headphones,Electronics,1,2500,0.1,2250.0,UPI,Delivered,4.0,2250.0
ORD101769,2025-02-19,CUST1339,Customer 303,Ahmedabad,Gujarat,Laptop,Electronics,1,55000,0.0,55000.0,Net Banking,Delivered,4.0,55000.0
ORD101738,2025-12-03,CUST1219,Customer 9,Ahmedabad,Gujarat,Backpack,Accessories,1,1800,0.0,1800.0,Cash on Delivery,Delivered,3.0,1800.0
ORD103241,2025-10-29,CUST1243,Customer 342,Delhi,Delhi,Keyboard,Accessories,2,2200,0.0,4400.0,Debit Card,Returned,,4400.0
